Company Name,EQUITY TRACK LLC
Phone Number,510-740-8898
Source,Purchase Tracking
Date Range,01/01/24 to 07/16/26
Export Date,July 16 2026 13:10:30
 
Date,Receipt Added Date,Order Origin,Purchaser/Buyer Name-ID,Transaction ID,Register Number,Job Name,Program Disc Amt,Other Disc,Pre-tax Amount,Total Amount Paid,Order Number,Payment,Text2Confirm,Card/Account Nickname,Invoice Number
2026-07-15,2026-07-16,"#0632, San Mateo",EQUITY TRACK ACCOUNTING DEPT,5192,90,751 th27 san mateo,,-$58.83,$841.89,$922.92,H0632-551453,X-9067,N,,0902709
2026-07-15,2026-07-15,"#0632, San Mateo",EQUITY TRACK ACCOUNTING DEPT,4997,90,27 prague st,,-$2.63,$355.33,$389.53,H0632-551312,X-5253,N,,0902521
2026-07-15,2026-07-15,"#0632, San Mateo",EQUITY TRACK ACCOUNTING DEPT,5157,90,27 pague st,,-$34.53,$768.02,$841.54,H0632-551432,X-5253,N,,0902676
2026-07-14,2026-07-14,"#0628, San Carlos",EQUITY TRACK ACCOUNTING DEPT,2463,90,751 27 Th San Mateo                                        Jaime,,-$7.32,$255.32,$276.43,H0628-575904,X-5253,N,,1902342
2026-07-13,2026-07-13,"#0632, San Mateo",EQUITY TRACK ACCOUNTING DEPT,4385,90,27 PRAGUE ST,,-$2.06,$326.22,$357.58,H0632-389672,X-5253,N,,2901963
2026-07-13,2026-07-13,"#0639, Colma II",EQUITY TRACK ACCOUNTING DEPT,7598,90,27 Praway st san mateo,,-$2.39,$65.15,$71.58,H0639-582871,X-5253,N,,2903962
2026-07-13,2026-07-13,"#6655, The Home Depot Pro",EQUITY TRACK ACCOUNTING DEPT,5312,90,27 Prague St San Mateo,,-$45.66,$501.16,$550.24,H6655-421845,X-5253,N,,2905094
2026-07-10,2026-07-11,"#0641, Rohnert Park",EQUITY TRACK ACCOUNTING DEPT,1362,90,1464 sunrise pkwy,,-$10.05,$247.99,$271.99,H0641-477250,X-2149,N,,5905694
2026-07-09,2026-07-09,"#0639, Colma II",EQUITY TRACK ACCOUNTING DEPT,3495,1,751 th27 san mateo,,$0.00,$0.00,$0.00,,0300EEFCF5CF19737S,N,,
2026-07-09,2026-07-10,"#0639, Colma II",EQUITY TRACK ACCOUNTING DEPT,6843,90,751TH27 San Mateo,,$0.00,$86.89,$95.47,H0639-582233,X-5004,N,,6903292
2026-07-10,2026-07-10,"#0632, San Mateo",EQUITY TRACK ACCOUNTING DEPT,3507,90,27 prague st san mateo,,-$104.25,$782.03,$857.30,H0632-550463,X-5253,N,,5901162
2026-07-10,2026-07-10,"#0632, San Mateo",EQUITY TRACK ACCOUNTING DEPT,3646,90,27 prague st,,$0.00,$27.92,$30.61,H0632-550549,X-5253,N,,5901294
2026-07-09,2026-07-10,"#6655, The Home Depot Pro",EQUITY TRACK ACCOUNTING DEPT,4376,90,751 TH 27 San Mateo,,-$23.98,$452.41,$496.72,H6655-421394,X-9067,N,,6904357
2026-07-08,2026-07-08,"#1848, El Cajon",EQUITY TRACK ACCOUNTING DEPT,9813,51,,,$0.00,$54.51,$59.01,,X-1766,N,,7511876
2026-07-09,2026-07-09,"#6655, The Home Depot Pro",EQUITY TRACK ACCOUNTING DEPT,4243,90,751 Th 27 San Mateo,,-$40.66,$489.04,$536.93,H6655-421309,X-5253,N,,6904229
2026-07-09,2026-07-09,"#0628, San Carlos",EQUITY TRACK ACCOUNTING DEPT,1252,90,751 th27 san mateo                             jami,,-$8.34,$473.82,$518.24,H0628-575107,X-5253,N,,6901239
2026-07-09,2026-07-09,"#0639, Colma II",EQUITY TRACK ACCOUNTING DEPT,6715,90,751 TH 27 SAN MATEO,,-$1.20,$264.38,$290.49,H0639-582109,X-5253,N,,6903174
2026-07-07,2026-07-08,"#0632, San Mateo",EQUITY TRACK ACCOUNTING DEPT,507,21,27 PRAGUE ST,,$0.00,-$34.98,-$38.35,H0632-549247,X-5004,N,,8213723
2026-07-07,2026-07-08,"#0632, San Mateo",EQUITY TRACK ACCOUNTING DEPT,507,21,27 PRAGUE ST,,-$8.52,-$275.48,-$301.99,H0632-549816,X-9067,N,,
2026-07-08,2026-07-08,"#6655, The Home Depot Pro",EQUITY TRACK ACCOUNTING DEPT,3970,90,751 27th Avenue San Mateo,,-$61.99,$893.74,$981.11,H6655-421151,X-5253,N,,7903973
2026-07-08,2026-07-08,"#0628, San Carlos",EQUITY TRACK ACCOUNTING DEPT,865,90,27 Prague San Mateo                                         Jaime,,-$1.32,"$1,190.84","$1,301.11",H0628-574834,X-5004,N,,7900883
2026-07-06,2026-07-07,"#6655, The Home Depot Pro",EQUITY TRACK ACCOUNTING DEPT,3559,90,751 27th Ave San Mateo,,-$96.20,"$1,312.73","$1,438.20",H6655-420876,X-5004,N,,9903598
2026-07-07,2026-07-07,"#0632, San Mateo",EQUITY TRACK ACCOUNTING DEPT,2419,90,27 prague st,,-$24.32,$462.83,$505.98,H0632-549816,"X-9067, X-9067",N,,8900137
2026-07-06,2026-07-06,"#0632, San Mateo",EQUITY TRACK ACCOUNTING DEPT,8365,1,27 prague st san mateo,,$0.00,$804.01,$880.70,,X-4868,N,,
2026-07-06,2026-07-06,"#0628, San Carlos",EQUITY TRACK ACCOUNTING DEPT,9450,20,751TH SAN MATEO,,-$12.95,-$246.05,-$269.12,H0628-573702,X-5004,N,,9201880
2026-07-06,2026-07-06,"#0628, San Carlos",EQUITY TRACK ACCOUNTING DEPT,231,90,75127th san mateo                         jamy,,-$8.71,$267.81,$292.83,H0628-574399,X-5004,N,,9900310
2026-07-06,2026-07-06,"#0628, San Carlos",EQUITY TRACK ACCOUNTING DEPT,9451,20,751  27 TH  ST SAN M,,-$21.60,-$703.77,-$769.10,H0628-574419,X-5004,N,,9201881
2026-07-06,2026-07-06,"#0628, San Carlos",EQUITY TRACK ACCOUNTING DEPT,256,90,751  27 Th  St San Mateo                                  Jaime,,-$22.35,$795.25,$869.13,H0628-574419,X-5004,N,,9900334
2026-07-06,2026-07-06,"#0632, San Mateo",EQUITY TRACK ACCOUNTING DEPT,2148,90,27 prague st,,-$18.71,$347.86,$381.25,H0632-549623,X-5004,N,,9909883
2026-07-03,2026-07-03,"#0632, San Mateo",EQUITY TRACK ACCOUNTING DEPT,1210,90,27 prague st,,$0.00,$134.74,$147.71,H0632-549247,"X-5004, X-5004",N,,2909010
2026-07-03,2026-07-03,"#0628, San Carlos",EQUITY TRACK ACCOUNTING DEPT,9516,90,Oficina,,$0.00,$240.92,$263.51,H0628-574026,X-5004,N,,2906500
2026-07-01,2026-07-02,"#0628, San Carlos",EQUITY TRACK ACCOUNTING DEPT,9062,90,27 prague st,,-$13.01,$266.64,$290.87,H0628-573726,X-5004,N,,4906091
2026-07-01,2026-07-01,"#0628, San Carlos",EQUITY TRACK ACCOUNTING DEPT,9040,90,751th San Mateo,,-$30.16,$851.37,$930.75,H0628-573702,"X-5004, X-5004",N,,4906071
2026-07-01,2026-07-01,"#0628, San Carlos",EQUITY TRACK ACCOUNTING DEPT,8840,90,751 27TH ave san mateo,,-$8.60,$216.50,$236.62,H0628-573523,X-0815,N,,4905880
2026-06-30,2026-06-30,"#0632, San Mateo",EQUITY TRACK ACCOUNTING DEPT,239,90,27 Prague st,,-$1.38,$902.79,$988.84,H0632-548571,X-5004,N,,5908099
2026-06-29,2026-06-29,"#0628, San Carlos",EQUITY TRACK ACCOUNTING DEPT,8193,90,Office,,$0.00,$19.97,$21.84,H0628-573043,X-5004,N,,6905298
2026-06-29,2026-06-29,"#0628, San Carlos",EQUITY TRACK ACCOUNTING DEPT,8324,90,164 springdale way,,-$0.04,$7.59,$8.30,H0628-573143,X-5004,N,,6905419
2026-06-29,2026-06-29,"#0628, San Carlos",EQUITY TRACK ACCOUNTING DEPT,8261,90,751 27th ave san mateo,,-$21.84,$563.73,$616.58,H0628-573102,X-5004,N,,6905361
2026-06-26,2026-06-26,"#0632, San Mateo",EQUITY TRACK ACCOUNTING DEPT,9033,90,27 prague st. sm,,$0.00,$71.94,$78.86,H0632-547895,X-5004,N,,9906988
2026-06-24,2026-06-24,"#0628, San Carlos",EQUITY TRACK ACCOUNTING DEPT,6689,90,751 27 th ave san  mateo           luis,,-$33.58,$369.00,$403.59,H0628-572077,X-5004,N,,1904105
2026-06-23,2026-06-23,"#0628, San Carlos",EQUITY TRACK ACCOUNTING DEPT,6438,90,3439 Oak Knoll Dr Redwood City CA 94062,,-$5.97,$78.03,$85.32,H0628-571868,X-5004,N,,2903866
2026-06-23,2026-06-23,"#0632, San Mateo",EQUITY TRACK ACCOUNTING DEPT,8095,90,75127 ave san mateo,,-$5.51,$321.23,$352.15,H0632-547318,X-5004,N,,2906119
2026-06-20,2026-06-20,"#0628, San Carlos",EQUITY TRACK ACCOUNTING DEPT,5827,90,7512 7th ave san mateo,,-$23.24,$624.88,$683.46,H0628-571498,X-5004,N,,5903302
2026-06-19,2026-06-19,"#0628, San Carlos",EQUITY TRACK ACCOUNTING DEPT,2556,21,164 SPRINGDALE DR,,-$0.06,-$0.50,-$0.55,H0628-555323,X-5004,N,,6211355
2026-06-19,2026-06-19,"#0628, San Carlos",EQUITY TRACK ACCOUNTING DEPT,2556,21,164 Springdale dr,,-$2.88,-$98.13,-$107.34,H0628-570911,"X-5253, X-5004",N,,6211354
2026-06-19,2026-06-19,"#0628, San Carlos",EQUITY TRACK ACCOUNTING DEPT,5619,90,164 Springdale Way,,-$2.40,$21.60,$23.63,H0628-571402,X-5004,N,,6903115
2026-06-19,2026-06-19,"#0628, San Carlos",EQUITY TRACK ACCOUNTING DEPT,2556,21,164 SPRINGDALE DR,,-$2.52,-$102.78,-$112.42,H0628-570520,X-5253,N,,6211353
2026-06-19,2026-06-19,"#0628, San Carlos",EQUITY TRACK ACCOUNTING DEPT,2556,21,164 SPRINGDALE DR,,-$13.18,-$195.21,-$214.00,H0632-545931,X-5253,N,,
2026-06-19,2026-06-19,"#0628, San Carlos",EQUITY TRACK ACCOUNTING DEPT,2556,21,164 SPRINGDALE DR,,-$24.47,-$374.52,-$411.51,H6603-477533,X-5253,N,,6211353
2026-06-19,2026-06-19,"#0628, San Carlos",EQUITY TRACK ACCOUNTING DEPT,5549,90,164 springdale,,-$3.36,$80.32,$87.79,H0628-571330,X-5004,N,,6903050
2026-06-19,2026-06-19,"#0628, San Carlos",EQUITY TRACK ACCOUNTING DEPT,2556,21,164 SPRINGDALE DR,,-$1.50,-$12.94,-$14.15,H0628-556896,X-5004,N,,6211355
2026-06-19,2026-06-19,"#0628, San Carlos",EQUITY TRACK ACCOUNTING DEPT,2556,21,164 SPRINGDALE DR,,-$13.95,-$384.00,-$420.01,H0628-568860,X-5253,N,,6211353
2026-06-19,2026-06-19,"#0628, San Carlos",EQUITY TRACK ACCOUNTING DEPT,2556,21,164 SPRINGDALE DR,,-$3.60,-$32.10,-$35.10,H0628-570787,"X-5004, X-8087",N,,6211353
2026-06-18,2026-06-18,"#0628, San Carlos",EQUITY TRACK ACCOUNTING DEPT,5345,90,164 springdale way,,-$1.14,$43.21,$47.26,H0628-571151,X-5004,N,,7902862
2026-06-18,2026-06-18,"#0628, San Carlos",EQUITY TRACK ACCOUNTING DEPT,5186,90,164 springdale wy                 jaime  office 510 214 3393,,-$20.80,$84.46,$92.38,H0628-571016,X-5004,N,,7902710
2026-06-18,2026-06-18,"#0632, San Mateo",EQUITY TRACK ACCOUNTING DEPT,6541,90,751 27th ave san carlos,,-$58.96,$255.34,$279.92,H0632-546479,X-5004,N,,7904677
2026-06-18,2026-06-18,online,EQUITY TRACK ACCOUNTING DEPT,5259,50,164 Springdale,,-$4.35,$82.65,$90.40,WN62051082,X-5253,N,,
2026-06-17,2026-06-17,"#0628, San Carlos",EQUITY TRACK ACCOUNTING DEPT,5004,90,164 Springdale dr,,-$18.68,$495.55,$541.70,H0628-570911,"X-5253, X-5004, X-5004",N,,8902553
2026-06-17,2026-06-17,"#0628, San Carlos",EQUITY TRACK ACCOUNTING DEPT,4847,90,164 springdale way,,-$8.28,$117.75,$128.76,H0628-570787,"X-5253, X-5004, X-8087",N,,8902412
2026-06-17,2026-06-17,"#0628, San Carlos",EQUITY TRACK ACCOUNTING DEPT,4793,90,164 Springdale Way                                 Jaime,,-$3.80,$158.65,$172.06,H0628-570738,X-5253,N,,8902360
2026-06-16,2026-06-16,"#0628, San Carlos",EQUITY TRACK ACCOUNTING DEPT,4667,90,164 Springdale Way                 Jaime,,-$11.64,$447.19,$488.21,H0628-570674,X-5004,N,,9902250
2026-06-16,2026-06-16,"#0628, San Carlos",EQUITY TRACK ACCOUNTING DEPT,4566,90,164 SPRINDALE DR,,-$19.46,$572.60,$625.81,H0628-570520,"X-5253, X-5253",N,,9902152
2026-06-15,2026-06-16,"#0632, San Mateo",EQUITY TRACK ACCOUNTING DEPT,5702,90,san mteo,,-$18.10,$605.86,$664.04,H0632-545931,"X-5253, X-5253",N,,0903896
2026-06-16,2026-06-16,"#6603, East Palo Alto",EQUITY TRACK ACCOUNTING DEPT,1929,90,164 springdale way,,-$33.90,$893.34,$981.56,H6603-477533,"X-5253, X-5253",N,,9900799
2026-06-16,2026-06-16,"#0632, San Mateo",EQUITY TRACK ACCOUNTING DEPT,5936,90,751 27th ave san carlos,,-$104.02,$514.13,$562.92,H0632-546092,X-5253,N,,9904115
2026-06-15,2026-06-15,"#0632, San Mateo",EQUITY TRACK ACCOUNTING DEPT,5478,90,751 27th ave,,-$78.84,$600.54,$658.34,H0632-545794,X-5253,N,,0903687
2026-06-15,2026-06-15,"#0632, San Mateo",EQUITY TRACK ACCOUNTING DEPT,5617,90,751 27th ave,,-$0.55,$17.88,$19.60,H0632-545883,X-5253,N,,0903819
2026-06-15,2026-06-15,"#0632, San Mateo",EQUITY TRACK ACCOUNTING DEPT,5582,90,751 27th ave san carlos,,-$2.60,$91.31,$100.10,H0632-545868,X-5253,N,,0903787
2026-06-13,2026-06-13,"#0628, San Carlos",EQUITY TRACK ACCOUNTING DEPT,6867,2,170 glenway,,$0.00,$0.00,$0.00,,0300EEFCF5CF19737S,N,,
2026-06-12,2026-06-12,"#1848, El Cajon",EQUITY TRACK ACCOUNTING DEPT,12,54,,,$0.00,$58.14,$61.85,,X-1766,N,,3544528
2026-06-13,2026-06-13,"#1007, Oakland",EQUITY TRACK ACCOUNTING DEPT,9547,90,1782 Woodhaven way,,-$3.31,$127.13,$140.79,H1007-605931,X-5253,N,,2900492
2026-06-13,2026-06-13,"#0628, San Carlos",EQUITY TRACK ACCOUNTING DEPT,3709,90,170 Glenway,,-$10.65,$233.51,$255.40,H0628-570070,X-5253,N,,2901504
2026-06-12,2026-06-12,"#0628, San Carlos",EQUITY TRACK ACCOUNTING DEPT,3505,90,751 th27 san mateo                                         jaime,,-$34.30,$342.17,$374.25,H0628-569923,X-5253,N,,3901315
2026-06-10,2026-06-10,"#1848, El Cajon",EQUITY TRACK ACCOUNTING DEPT,7614,55,,,$0.00,$87.61,$94.84,,X-1766,N,,5550583
2026-06-11,2026-06-11,"#0628, San Carlos",EQUITY TRACK ACCOUNTING DEPT,3148,90,164 Springdale Way                                                    Jaime,,$0.00,$290.04,$317.23,H0628-569648,X-5253,N,,4900987
2026-06-11,2026-06-11,"#0628, San Carlos",EQUITY TRACK ACCOUNTING DEPT,3256,90,164 springdale way,,$0.00,$68.74,$75.18,H0628-569733,X-5253,N,,4901085
2026-06-11,2026-06-11,"#0632, San Mateo",EQUITY TRACK ACCOUNTING DEPT,4461,90,751 27th ave san mateo,,-$1.90,$61.44,$67.35,H0632-545266,X-5253,N,,4902749
2026-06-09,2026-06-09,"#0628, San Carlos",EQUITY TRACK ACCOUNTING DEPT,2405,90,164 Springdale Way                                           Jaime,,$0.00,$113.50,$124.14,H0628-569067,X-5253,N,,6900303
2026-06-08,2026-06-08,"#0632, San Mateo",EQUITY TRACK ACCOUNTING DEPT,3456,90,417 oxford,,$0.00,$57.46,$62.99,H0632-544568,X-5253,N,,7901810
2026-06-08,2026-06-08,"#0628, San Carlos",EQUITY TRACK ACCOUNTING DEPT,2271,90,164 springdale way,,-$5.36,$249.78,$273.14,H0628-568991,X-5253,N,,7900180
2026-06-08,2026-06-08,"#0628, San Carlos",EQUITY TRACK ACCOUNTING DEPT,2263,90,417 Oxford,,-$0.94,$26.84,$29.36,H0628-568987,X-5253,N,,7900172
2026-06-08,2026-06-08,"#0628, San Carlos",EQUITY TRACK ACCOUNTING DEPT,2153,90,164 Springdale Way                                              Jaime,,-$34.84,"$1,332.08","$1,455.62",H0628-568860,"X-5253, X-5253",N,,7900066
2026-06-08,2026-06-08,"#0628, San Carlos",EQUITY TRACK ACCOUNTING DEPT,2144,90,417 oxford way,,$0.00,$59.92,$65.54,H0628-568854,X-5253,N,,7900058
2026-06-06,2026-06-06,"#0632, San Mateo",EQUITY TRACK ACCOUNTING DEPT,2997,90,75127 th ave san mateo,,-$8.96,$226.30,$246.70,H0632-544343,X-5253,N,,9901384
2026-06-05,2026-06-05,"#1007, Oakland",EQUITY TRACK ACCOUNTING DEPT,2038,18,8715 D ST,,$0.00,-$58.63,-$64.92,,"X-2680, X-XXXX",N,,0182758
2026-06-05,2026-06-05,"#1007, Oakland",EQUITY TRACK ACCOUNTING DEPT,4698,21,8715 D ST,,$0.00,-$27.85,-$30.85,,X-2680,N,,0211496
2026-06-03,2026-06-04,"#6603, East Palo Alto",EQUITY TRACK ACCOUNTING DEPT,9282,90,751 th 27 san mateo,,$0.00,$21.98,$24.15,H6603-475625,X-5253,N,,2907734
2026-06-03,2026-06-04,"#6603, East Palo Alto",EQUITY TRACK ACCOUNTING DEPT,9280,90,751 th 27 san mateo,,-$1.90,$473.22,$519.91,H6603-475620,X-5253,N,,2907732
2026-06-03,2026-06-03,"#6603, East Palo Alto",EQUITY TRACK ACCOUNTING DEPT,9265,90,751 th27 san mateo,,-$13.70,$283.34,$311.17,H6603-475613,X-5253,N,,2907718
2026-06-03,2026-06-03,"#6603, East Palo Alto",EQUITY TRACK ACCOUNTING DEPT,9141,90,751 27TH SAN MATEO,,-$19.17,$308.35,$338.52,H6603-475496,X-5253,N,,2907602
2026-06-03,2026-06-03,"#1007, Oakland",EQUITY TRACK ACCOUNTING DEPT,5968,90,8715 d st,,-$10.43,$218.53,$242.02,H1007-603883,X-5253,N,,2904069
2026-06-02,2026-06-02,"#0628, San Carlos",EQUITY TRACK ACCOUNTING DEPT,681,90,751 27 TH SAN MATEO,,-$85.23,"$1,451.97","$1,587.43",H0628-567722,X-5253,N,,3905819
2026-06-02,2026-06-02,"#1007, Oakland",EQUITY TRACK ACCOUNTING DEPT,5625,90,8715 D St,,-$10.16,$138.00,$152.84,H1007-603614,X-5253,N,,3903754
2026-06-01,2026-06-01,"#6655, The Home Depot Pro",EQUITY TRACK ACCOUNTING DEPT,5635,90,751 san mateo,,-$49.72,$989.08,"$1,086.14",H6655-415872,X-5253,N,,4902669
2026-05-30,2026-05-30,"#1007, Oakland",EQUITY TRACK ACCOUNTING DEPT,4669,90,8715 E st,,-$1.76,$15.78,$17.48,H1007-603028,X-5253,N,,6902879
2026-05-30,2026-05-30,online,EQUITY TRACK ACCOUNTING DEPT,25,90,ETI,,$0.00,$21.95,$24.01,WN59964027,X-5253,N,,
2026-05-30,2026-05-30,"#1007, Oakland",EQUITY TRACK ACCOUNTING DEPT,4797,90,8715 D st,,$0.00,$7.03,$7.78,H1007-603101,X-5253,N,,6902999
2026-05-30,2026-05-30,online,EQUITY TRACK ACCOUNTING DEPT,20,90,ETI,,$0.00,$22.95,$25.10,WN59961981,X-5253,N,,
2026-05-29,2026-05-29,"#1007, Oakland",EQUITY TRACK ACCOUNTING DEPT,5528,55,8715 D ST,,$0.00,$169.67,$187.91,,X-2680,N,,7551993
2026-05-29,2026-05-29,"#1007, Oakland",EQUITY TRACK ACCOUNTING DEPT,4299,90,8715 d st,,-$21.21,$617.87,$684.13,H1007-602789,X-5253,N,,7902554
2026-05-29,2026-05-29,"#0628, San Carlos",EQUITY TRACK ACCOUNTING DEPT,9834,90,751 27th San Mateo,,-$20.71,$323.08,$352.02,H0628-567165,X-5253,N,,7905051
2026-05-28,2026-05-28,"#1007, Oakland",EQUITY TRACK ACCOUNTING DEPT,4144,90,751 27th San Mateo,,-$17.04,$689.74,$763.49,H1007-602691,X-5253,N,,8902417
2026-05-27,2026-05-27,"#0627, Emeryville",EQUITY TRACK ACCOUNTING DEPT,9525,90,820 28th St Oakland,,-$4.17,$117.74,$129.99,H0627-813676,X-5253,N,,9904386
2026-05-27,2026-05-27,"#0632, San Mateo",EQUITY TRACK ACCOUNTING DEPT,9725,90,751 27th ave san mateo,,-$90.36,$383.09,$419.96,H0632-542472,X-5253,N,,9905138
2026-05-27,2026-05-27,"#0632, San Mateo",EQUITY TRACK ACCOUNTING DEPT,9737,90,75127th ave san mateo,,-$2.25,$42.66,$46.77,H0632-542479,X-5253,N,,9905149
2026-05-26,2026-05-26,"#0632, San Mateo",EQUITY TRACK ACCOUNTING DEPT,6071,53,PPS,,$0.00,$94.12,$103.17,,X-2680,N,,0531768
2026-05-26,2026-05-26,"#0632, San Mateo",EQUITY TRACK ACCOUNTING DEPT,9417,90,75127 ave,,-$6.63,$107.54,$117.89,H0632-542284,X-5004,N,,0904847
2026-05-26,2026-05-26,"#0628, San Carlos",EQUITY TRACK ACCOUNTING DEPT,8943,90,951 SAN MATEO 27TH,,-$14.65,$700.20,$765.84,H0628-566442,X-5004,N,,0904231
2026-05-23,2026-05-23,"#0628, San Carlos",EQUITY TRACK ACCOUNTING DEPT,8071,90,751 TH 57AV                                                                  angel,,-$12.86,$644.59,$704.89,H0628-565914,X-5004,N,,3903427
2026-05-23,2026-05-23,"#0628, San Carlos",EQUITY TRACK ACCOUNTING DEPT,8050,90,San Francisco                                                              sonia,,-$1.68,$41.27,$45.14,H0628-565905,X-2881,N,,3903406
2026-05-23,2026-05-23,"#0628, San Carlos",EQUITY TRACK ACCOUNTING DEPT,8151,90,751 27av                                                                       angel,,-$8.39,$351.67,$383.29,H0628-565982,X-5004,N,,3903501
2026-05-22,2026-05-22,"#0628, San Carlos",EQUITY TRACK ACCOUNTING DEPT,2318,19,519 ORIZABA AVE,,$0.00,-$246.37,-$270.57,,"X-2680, X-6041, X-5004, X-5253",N,,"4190365,4190364,4190363"
2026-05-22,2026-05-22,"#0628, San Carlos",EQUITY TRACK ACCOUNTING DEPT,102,54,384 ASHFOTD AVE,,$0.00,$70.91,$77.56,,X-2680,N,,4541749
2026-05-22,2026-05-22,"#0628, San Carlos",EQUITY TRACK ACCOUNTING DEPT,9280,21,1932   CHESNUT AVE,,$0.00,-$13.85,-$15.14,H0628-557631,,N,,4214759
2026-05-22,2026-05-22,"#0628, San Carlos",EQUITY TRACK ACCOUNTING DEPT,6250,17,255 AMBER DRIVE,,$0.00,-$6.98,-$7.73,H1017-437369,X-5253,N,,
2026-05-22,2026-05-22,"#0628, San Carlos",EQUITY TRACK ACCOUNTING DEPT,6250,17,255 AMBER DRIVE,,-$0.05,-$0.90,-$0.98,H0628-536736,,N,,
2026-05-22,2026-05-22,"#0628, San Carlos",EQUITY TRACK ACCOUNTING DEPT,6250,17,255 AMBER DRIVE,,-$4.08,-$16.22,-$17.96,H1017-436811,,N,,4174047
2026-05-22,2026-05-22,"#0628, San Carlos",EQUITY TRACK ACCOUNTING DEPT,6250,17,255 AMBER DRIVE,,$0.00,-$3.40,-$3.73,H0632-521375,,N,,4174050
2026-05-22,2026-05-22,"#0628, San Carlos",EQUITY TRACK ACCOUNTING DEPT,9280,21,1932   CHESNUT AVE,,-$2.25,-$20.23,-$22.23,H6655-411587,,N,,4214759
2026-05-22,2026-05-22,"#0628, San Carlos",EQUITY TRACK ACCOUNTING DEPT,9280,21,1932   CHESNUT AVE,,-$0.22,-$4.05,-$4.49,H1017-436865,,N,,4214758
2026-05-22,2026-05-22,"#0628, San Carlos",0300EEFCF5CF19737S,6250,17,255 AMBER DRIVE,,-$1.06,-$10.72,-$11.59,H1043-327866,"X-5004, X-5253",N,,4174049
2026-05-22,2026-05-22,"#0628, San Carlos",0300EEFCF5CF19737S,6250,17,255 AMBER DRIVE,,-$1.06,-$10.72,-$11.59,H1043-327801,,N,,4174049
2026-05-22,2026-05-22,"#0628, San Carlos",EQUITY TRACK ACCOUNTING DEPT,6250,17,255 AMBER DRIVE,,-$0.15,-$1.42,-$1.57,H0627-788674,,N,,4174047
2026-05-22,2026-05-22,"#0628, San Carlos",EQUITY TRACK ACCOUNTING DEPT,2318,19,519 ORIZABA AVE,,-$2.50,-$47.40,-$52.08,H6655-413147,X-5253,N,,4190363
2026-05-22,2026-05-22,"#0628, San Carlos",EQUITY TRACK ACCOUNTING DEPT,2318,19,519 ORIZABA AVE,,-$2.43,-$41.49,-$45.59,H1092-557132,"X-2680, X-5004, X-5253",N,,
2026-05-22,2026-05-22,"#0628, San Carlos",EQUITY TRACK ACCOUNTING DEPT,9280,21,1932   CHESNUT AVE,,-$4.84,-$43.59,-$47.61,H0644-358572,,N,,4214758
2026-05-22,2026-05-22,"#0628, San Carlos",EQUITY TRACK ACCOUNTING DEPT,2343,19,915 52ND OAKLAND,,-$8.89,-$118.11,-$130.51,H0627-781669,,N,,
2026-05-22,2026-05-22,"#0628, San Carlos",EQUITY TRACK ACCOUNTING DEPT,2318,19,519 ORIZABA AVE,,-$0.46,-$4.16,-$4.57,H1092-557945,X-5004,N,,4190363
2026-05-22,2026-05-22,"#0628, San Carlos",0300EEFCF5CF19737S,6250,17,255 AMBER DRIVE,,-$0.55,-$10.43,-$11.46,H6655-376153,,N,,4174049
2026-05-22,2026-05-22,"#0628, San Carlos",EQUITY TRACK ACCOUNTING DEPT,6250,17,255 AMBER DRIVE,,-$0.36,-$6.92,-$7.67,H1017-436998,,N,,4174049
2026-05-22,2026-05-22,"#0628, San Carlos",EQUITY TRACK ACCOUNTING DEPT,6250,17,255 AMBER DRIVE,,-$0.13,-$1.22,-$1.34,H0628-540793,X-8087,N,,
2026-05-22,2026-05-22,"#0628, San Carlos",EQUITY TRACK ACCOUNTING DEPT,6250,17,255 AMBER DRIVE,,-$9.14,-$173.44,-$190.56,H6655-410538,X-8087,N,,4174047
2026-05-22,2026-05-22,"#0628, San Carlos",0300EEFCF5CF19737S,6250,17,255 AMBER DRIVE,,-$0.30,-$2.15,-$2.36,H0639-523638,X-8087,N,,
2026-05-22,2026-05-22,"#0628, San Carlos",EQUITY TRACK ACCOUNTING DEPT,6250,17,255 AMBER DRIVE,,-$0.58,-$11.00,-$12.07,H6616-1424452,X-8087,N,,
2026-05-22,2026-05-22,"#0628, San Carlos",EQUITY TRACK ACCOUNTING DEPT,6250,17,255 AMBER DRIVE,,-$0.30,-$5.64,-$6.26,H1017-437100,X-5253,N,,
2026-05-22,2026-05-22,"#0628, San Carlos",EQUITY TRACK ACCOUNTING DEPT,9280,21,1932   CHESNUT AVE,,-$2.10,-$18.87,-$20.63,H0628-557849,,N,,4214759
2026-05-22,2026-05-22,"#0628, San Carlos",EQUITY TRACK ACCOUNTING DEPT,6250,17,255 AMBER DRIVE,,-$2.57,-$26.37,-$29.20,H1017-437124,X-5253,N,,
2026-05-22,2026-05-22,"#0628, San Carlos",EQUITY TRACK ACCOUNTING DEPT,6250,17,255 AMBER DRIVE,,-$0.34,-$3.09,-$3.41,H1379-413581,,N,,
2026-05-22,2026-05-22,"#0628, San Carlos",EQUITY TRACK ACCOUNTING DEPT,2343,19,529 Orizaba Ave,,$0.00,-$274.00,-$301.06,H0639-570810,X-2881,N,,4190379
2026-05-22,2026-05-22,"#0628, San Carlos",EQUITY TRACK ACCOUNTING DEPT,9280,21,1932   CHESNUT AVE,,-$0.27,-$25.84,-$28.40,H6655-403663,X-5253,N,,4214758
2026-05-22,2026-05-22,"#0628, San Carlos",EQUITY TRACK ACCOUNTING DEPT,9280,21,1932   CHESNUT AVE,,$0.00,-$46.29,-$50.86,H1092-554364,,N,,4214759
2026-05-22,2026-05-22,"#0628, San Carlos",EQUITY TRACK ACCOUNTING DEPT,9280,21,1932   CHESNUT AVE,,-$2.32,-$13.11,-$14.34,H0628-549407,,N,,4214758
2026-05-22,2026-05-22,"#0628, San Carlos",EQUITY TRACK ACCOUNTING DEPT,6250,17,255 AMBER DRIVE,,-$0.51,-$7.97,-$8.76,H1092-541481,X-8087,N,,4174047
2026-05-22,2026-05-22,"#0628, San Carlos",EQUITY TRACK ACCOUNTING DEPT,6250,17,255 AMBER DRIVE,,$0.00,-$2.11,-$2.31,H0632-521152,X-8087,N,,4174050
2026-05-22,2026-05-22,"#0628, San Carlos",EQUITY TRACK ACCOUNTING DEPT,6250,17,255 AMBER DRIVE,,$0.00,-$19.96,-$22.10,H1017-429088,,N,,
2026-05-22,2026-05-22,"#0628, San Carlos",0300EEFCF5CF19737S,6250,17,255 AMBER DRIVE,,-$0.75,-$4.22,-$4.56,H1020-346064,,N,,4174049
2026-05-22,2026-05-22,"#0628, San Carlos",EQUITY TRACK ACCOUNTING DEPT,9280,21,1932   CHESNUT AVE,,-$7.08,-$74.83,-$81.39,H1076-451008,,N,,4214760
2026-05-22,2026-05-22,"#0628, San Carlos",EQUITY TRACK ACCOUNTING DEPT,2343,19,1932   CHESNUT AVE,,-$8.10,-$72.81,-$79.18,H1076-451008,X-5004,N,,4190380
2026-05-22,2026-05-22,"#0628, San Carlos",EQUITY TRACK ACCOUNTING DEPT,2318,19,519 ORIZABA AVE,,$0.00,-$8.61,-$9.47,H0639-571332,X-5253,N,,4190363
2026-05-22,2026-05-22,"#0628, San Carlos",EQUITY TRACK ACCOUNTING DEPT,2318,19,519 ORIZABA AVE,,-$0.50,-$5.77,-$6.34,H0639-572217,X-5004,N,,4190364
2026-05-22,2026-05-22,"#0628, San Carlos",EQUITY TRACK ACCOUNTING DEPT,9280,21,1932   CHESNUT AVE,,-$0.50,-$9.48,-$10.36,H0628-547294,,N,,4214759
2026-05-22,2026-05-22,"#0628, San Carlos",EQUITY TRACK ACCOUNTING DEPT,9280,21,1932   CHESNUT AVE,,-$12.68,-$205.22,-$224.20,H0644-353036,X-5253,N,,4214758
2026-05-22,2026-05-22,"#0628, San Carlos",EQUITY TRACK ACCOUNTING DEPT,6250,17,255 AMBER DRIVE,,-$2.00,-$37.96,-$41.61,H0632-522929,X-5253,N,,4174047
2026-05-22,2026-05-22,"#0628, San Carlos",EQUITY TRACK ACCOUNTING DEPT,6250,17,255 AMBER DRIVE,,-$0.90,-$8.08,-$8.87,H6603-448278,,N,,
2026-05-22,2026-05-22,"#0628, San Carlos",EQUITY TRACK ACCOUNTING DEPT,9280,21,1932   CHESNUT AVE,,$0.00,-$9.93,-$10.91,H1092-541863,X-5253,N,,4214759
2026-05-22,2026-05-22,"#0628, San Carlos",EQUITY TRACK ACCOUNTING DEPT,9280,21,1932   CHESNUT AVE,,-$4.95,-$44.33,-$48.43,H0644-358708,,N,,4214760
2026-05-22,2026-05-22,"#0628, San Carlos",EQUITY TRACK ACCOUNTING DEPT,6250,17,255 AMBER DRIVE,,$0.00,-$15.85,-$17.34,H0628-541354,X-5253,N,,
2026-05-22,2026-05-22,"#0628, San Carlos",EQUITY TRACK ACCOUNTING DEPT,9280,21,1932   CHESNUT AVE,,$0.00,-$498.00,-$547.18,H1092-531659,"X-5004, X-5253, X-8087",N,,
2026-05-22,2026-05-22,"#0628, San Carlos",EQUITY TRACK ACCOUNTING DEPT,6250,17,255 AMBER DRIVE,,$0.00,-$7.58,-$8.29,H0628-537730,X-5253,N,,
2026-05-22,2026-05-22,"#0628, San Carlos",EQUITY TRACK ACCOUNTING DEPT,9280,21,1932   CHESNUT AVE,,-$1.05,-$19.93,-$21.77,H0644-358377,X-5253,N,,
2026-05-22,2026-05-22,"#0628, San Carlos",EQUITY TRACK ACCOUNTING DEPT,6250,17,255 AMBER DRIVE,,$0.00,-$33.94,-$37.29,H1092-507554,"X-2645, X-5253",N,,4174049
2026-05-22,2026-05-22,"#0628, San Carlos",EQUITY TRACK ACCOUNTING DEPT,6250,17,255 AMBER DRIVE,,-$9.60,-$127.10,-$139.02,H0628-555111,X-8087,N,,4174048
2026-05-22,2026-05-22,"#0628, San Carlos",0300EEFCF5CF19737S,6250,17,255 AMBER DRIVE,,$0.00,-$122.94,-$134.92,H0643-487001,"X-8087, X-5004",N,,4174047
2026-05-22,2026-05-22,"#0628, San Carlos",EQUITY TRACK ACCOUNTING DEPT,9280,21,1932   CHESNUT AVE,,-$0.12,-$32.09,-$35.54,H1017-435853,,N,,4214759
2026-05-22,2026-05-22,"#0628, San Carlos",EQUITY TRACK ACCOUNTING DEPT,2318,19,519 ORIZABA AVE,,$0.00,-$74.51,-$81.89,H6655-411698,X-5004,N,,4190365
2026-05-22,2026-05-22,"#0628, San Carlos",EQUITY TRACK ACCOUNTING DEPT,6250,17,255 AMBER DRIVE,,-$3.30,-$29.68,-$32.46,H0628-537773,X-8087,N,,
2026-05-22,2026-05-22,"#0628, San Carlos",EQUITY TRACK ACCOUNTING DEPT,6250,17,255 AMBER DRIVE,,-$4.64,-$47.60,-$52.69,H1007-597547,X-8087,N,,4174047
2026-05-22,2026-05-22,"#0628, San Carlos",EQUITY TRACK ACCOUNTING DEPT,2318,19,519 ORIZABA AVE,,-$3.38,-$30.47,-$33.49,H0639-570133,X-5004,N,,4190363
2026-05-22,2026-05-22,"#0628, San Carlos",EQUITY TRACK ACCOUNTING DEPT,7935,90,384 ashford alan,,-$2.72,$24.41,$26.70,H0628-565846,X-2680,N,,4903305
2026-05-21,2026-05-21,"#1092, Daly City",EQUITY TRACK ACCOUNTING DEPT,9482,90,519 Orizaba SF,,$0.00,$25.00,$27.47,H1092-558583,X-5004,N,,5904507
2026-05-21,2026-05-21,"#1092, Daly City",EQUITY TRACK ACCOUNTING DEPT,9352,90,519 Orizaba,,-$9.60,$45.00,$49.44,H1092-558491,X-5004,N,,5904384
2026-05-21,2026-05-21,"#0625, San Leandro",EQUITY TRACK ACCOUNTING DEPT,8771,90,519 orizaba ave,,-$15.34,$159.99,$175.65,H0625-431269,X-5004,N,,5903989
2026-05-20,2026-05-20,"#0639, Colma II",EQUITY TRACK ACCOUNTING DEPT,5530,90,591 Orizaba,,-$21.42,$735.08,$807.63,H0639-572679,X-2680,N,,6900696
2026-05-19,2026-05-19,"#0639, Colma II",EQUITY TRACK ACCOUNTING DEPT,5261,90,519 Orizaba Ave,,-$9.00,$164.14,$180.35,H0639-572404,X-5004,N,,7900455
2026-05-18,2026-05-19,"#0639, Colma II",EQUITY TRACK ACCOUNTING DEPT,5080,90,519 Orizaba ave,,-$8.26,$189.43,$208.14,H0639-572217,"X-5004, X-2680",N,,8900297
2026-05-18,2026-05-18,"#1092, Daly City",EQUITY TRACK ACCOUNTING DEPT,8382,90,519 orizaba-alex,,-$28.83,$394.21,$432.43,H1092-557945,"X-5004, X-5004",N,,8903517
2026-05-15,2026-05-15,"#0628, San Carlos",EQUITY TRACK ACCOUNTING DEPT,42,51,417 OXFORD PPC,,$0.00,$60.43,$66.10,,X-2680,N,,1513342
2026-05-15,2026-05-15,"#1092, Daly City",EQUITY TRACK ACCOUNTING DEPT,7539,90,519 Orisaba,,-$3.50,$288.32,$316.79,H1092-557559,X-2680,N,,1902767
2026-05-13,2026-05-14,"#0639, Colma II",EQUITY TRACK ACCOUNTING DEPT,3935,90,519 Orizaba,,-$2.38,$110.65,$121.58,H0639-571332,"X-5253, X-5004",N,,3904693
2026-05-13,2026-05-13,"#6672, East San Jose",EQUITY TRACK ACCOUNTING DEPT,153,90,2409 SUMMER ST,,-$0.56,$60.37,$66.41,H6672-512513,X-5004,N,,3905606
2026-05-13,2026-05-13,"#1092, Daly City",EQUITY TRACK ACCOUNTING DEPT,6790,90,519 ORIZABA,,-$7.66,$191.48,$210.39,H1092-557132,"X-2680, X-5004, X-5253, X-5004",N,,3902079
2026-05-12,2026-05-12,"#6655, The Home Depot Pro",EQUITY TRACK ACCOUNTING DEPT,1388,90,519 Orizaba,,-$13.28,$323.46,$353.27,H6655-413147,"X-5004, X-5253",N,,4904538
2026-05-12,2026-05-12,"#0628, San Carlos",EQUITY TRACK ACCOUNTING DEPT,5010,90,519 ORIZAVA AVE,,$0.00,$50.91,$55.68,H0628-563469,X-5004,N,,4900667
2026-05-11,2026-05-11,"#0639, Colma II",EQUITY TRACK ACCOUNTING DEPT,3454,90,529 Orizaba Ave,,-$10.64,$738.79,$811.68,H0639-570810,"X-2881, X-2881",N,,5904256
2026-05-08,2026-05-08,"#0628, San Carlos",EQUITY TRACK ACCOUNTING DEPT,1594,53,188 almendral,,-$7.73,$88.99,$97.33,,X-2680,N,,8531508
2026-05-08,2026-05-08,"#0628, San Carlos",EQUITY TRACK ACCOUNTING DEPT,1594,53,188 almendral,,$0.00,$88.99,$97.33,,X-2680,N,,8531508
2026-05-09,2026-05-09,"#0628, San Carlos",EQUITY TRACK ACCOUNTING DEPT,2349,20,188 almendral av,,-$14.00,-$187.50,-$205.08,H0628-562578,X-5004,N,,
2026-05-07,2026-05-07,"#0628, San Carlos",EQUITY TRACK ACCOUNTING DEPT,3813,90,188 almendral ave atherton,,-$22.33,$304.56,$333.11,H0628-562578,"X-5004, X-5004",N,,9905637
2026-05-06,2026-05-07,"#0628, San Carlos",EQUITY TRACK ACCOUNTING DEPT,3665,90,188 almendral ave,,-$1.19,$22.64,$24.76,H0628-562476,X-5004,N,,0905506
2026-05-07,2026-05-07,"#0639, Colma II",EQUITY TRACK ACCOUNTING DEPT,2748,90,519 ORIZABA AVE,,-$97.34,"$1,071.83","$1,177.62",H0639-570133,"X-5004, X-5004",N,,9903650
2026-05-06,2026-05-06,"#0644, Pittsburg",EQUITY TRACK ACCOUNTING DEPT,7284,90,1932,,-$8.06,$495.08,$540.85,H0644-358660,X-5004,N,,0900811
2026-05-06,2026-05-06,"#0628, San Carlos",EQUITY TRACK ACCOUNTING DEPT,3647,90,188 almendral ave,,-$15.40,$517.20,$565.69,H0628-562435,X-2680,N,,0905489
2026-05-06,2026-05-06,"#0644, Pittsburg",EQUITY TRACK ACCOUNTING DEPT,7330,90,1932 chestnut,,-$30.20,$355.56,$388.45,H0644-358708,X-5004,N,,0900852
2026-05-05,2026-05-05,"#0628, San Carlos",EQUITY TRACK ACCOUNTING DEPT,9196,22,164 SPRINGDALE WAY,,$0.00,-$29.97,-$32.75,H0644-358026,X-5253,N,,
2026-05-05,2026-05-05,"#0628, San Carlos",EQUITY TRACK ACCOUNTING DEPT,9196,22,164 SPRINGDALE WAY,,-$3.06,-$40.62,-$44.53,H0632-534163,X-5253,N,,1224606
2026-05-05,2026-05-05,"#0644, Pittsburg",EQUITY TRACK ACCOUNTING DEPT,7188,90,1932 chestnut,,-$9.68,$233.13,$254.03,H0644-358572,X-5253,N,,1900735
2026-05-05,2026-05-05,"#0628, San Carlos",EQUITY TRACK ACCOUNTING DEPT,7305,21,8227 ney ave,,-$1.50,-$13.44,-$14.73,H0632-530446,X-8087,N,,
2026-05-05,2026-05-05,"#0628, San Carlos",EQUITY TRACK ACCOUNTING DEPT,9196,22,164 SPRINGDALE WAY,,-$7.80,-$31.18,-$34.10,H0628-557072,X-8087,N,,1224607
2026-05-04,2026-05-05,"#1076, Brentwood",EQUITY TRACK ACCOUNTING DEPT,4954,90,1932 Chestnut Ave,,-$12.83,$291.05,$316.52,H1076-451079,X-5004,N,,2905295
2026-05-05,2026-05-05,"#0628, San Carlos",EQUITY TRACK ACCOUNTING DEPT,7309,21,164 SPRINGDALE WAY,,$0.00,-$26.98,-$29.51,H0628-557712,X-5253,N,,1213806
2026-05-05,2026-05-05,"#0628, San Carlos",EQUITY TRACK ACCOUNTING DEPT,7305,21,8227 ney ave,,$0.00,-$163.88,-$179.25,H0628-548426,X-5253,N,,
2026-05-04,2026-05-04,"#0644, Pittsburg",EQUITY TRACK ACCOUNTING DEPT,7073,90,1932 CHESTNUT AVE,,-$23.84,$398.57,$435.35,H0644-358476,X-5253,N,,2900632
2026-05-04,2026-05-04,"#1076, Brentwood",EQUITY TRACK ACCOUNTING DEPT,4861,90,1932   chesnut ave,,-$97.45,"$2,623.68","$2,853.25",H1076-451008,"X-5004, X-5004",N,,2905211
2026-05-04,2026-05-04,"#0644, Pittsburg",EQUITY TRACK ACCOUNTING DEPT,6991,90,1932 CHESTNUT AVE,,-$92.85,"$1,498.16","$1,636.74",H0644-358377,"X-5253, X-5253",N,,2900563
2026-05-04,2026-05-04,"#1007, Oakland",EQUITY TRACK ACCOUNTING DEPT,5579,90,1782 woodhaven way,,-$6.41,$86.68,$96.00,H1007-597547,"X-8087, X-8087",N,,2902092
2026-05-01,2026-05-01,"#0628, San Carlos",EQUITY TRACK ACCOUNTING DEPT,4487,81,100 palm,,-$3.20,$28.77,$31.47,,X-2680,N,,5811333
2026-05-01,2026-05-01,"#0628, San Carlos",EQUITY TRACK ACCOUNTING DEPT,9262,3,100 palm ave,,$0.00,$192.92,$211.01,,X-2680,N,,5033808
2026-05-01,2026-05-01,"#0628, San Carlos",EQUITY TRACK ACCOUNTING DEPT,4487,81,100 palm,,$0.00,$28.77,$31.47,,X-2680,N,,5811333
2026-05-02,2026-05-02,"#0644, Pittsburg",EQUITY TRACK ACCOUNTING DEPT,6797,90,1932 Chestnut,,-$79.44,"$1,107.53","$1,209.31",H0644-358234,X-8087,N,,4900410
2026-05-02,2026-05-02,"#0644, Pittsburg",EQUITY TRACK ACCOUNTING DEPT,6856,90,1932 chestnut ave,,-$1.54,$20.44,$22.33,H0644-358285,X-5253,N,,4900462
2026-05-01,2026-05-01,"#0644, Pittsburg",EQUITY TRACK ACCOUNTING DEPT,6652,90,1932 CHESTNUT AVE,,-$10.73,$676.16,$736.71,H0644-358026,"X-5253, X-5253",N,,5900287
2026-05-01,2026-05-01,"#1076, Brentwood",EQUITY TRACK ACCOUNTING DEPT,4050,90,1932 Chestnut Ave,,$0.00,$166.50,$181.07,H1076-450562,X-5253,N,,5904485
2026-05-01,2026-05-01,"#0644, Pittsburg",EQUITY TRACK ACCOUNTING DEPT,6721,90,1932 CHESNUT AVE,,-$15.59,$63.02,$68.85,H0644-358165,X-8087,N,,5900348
2026-05-01,2026-05-01,"#6655, The Home Depot Pro",EQUITY TRACK ACCOUNTING DEPT,8941,90,519 orizaba ave,,-$77.83,"$1,333.94","$1,465.55",H6655-411698,"X-5253, X-5004",N,,5902276
2026-04-30,2026-04-30,"#6655, The Home Depot Pro",EQUITY TRACK ACCOUNTING DEPT,8737,90,519 Orizaba Ave,,-$23.38,"$1,153.69","$1,267.62",H6655-411587,X-8087,N,,6902083
2026-04-30,2026-04-30,"#0628, San Carlos",EQUITY TRACK ACCOUNTING DEPT,2125,90,100 PALM AVE,,$0.00,$59.70,$65.30,H0628-561253,X-5253,N,,6904109
2026-04-29,2026-04-29,"#0639, Colma II",EQUITY TRACK ACCOUNTING DEPT,1267,90,330 PALOMERA CT,,-$36.40,$687.02,$754.86,H0639-568727,X-8087,N,,7902349
2026-04-28,2026-04-28,"#1092, Daly City",EQUITY TRACK ACCOUNTING DEPT,1912,90,519 Orizaba sf,,-$38.24,$708.66,$778.52,H1092-554364,X-8087,N,,8907691
2026-04-28,2026-04-28,"#0632, San Mateo",EQUITY TRACK ACCOUNTING DEPT,974,90,164 Springdale,,-$4.10,$36.86,$40.41,H0632-537135,X-8087,N,,8903938
2026-04-27,2026-04-27,"#6603, East Palo Alto",EQUITY TRACK ACCOUNTING DEPT,8330,4,680 BELL ST,,$0.00,$126.05,$138.50,,X-2680,N,,9045005
2026-04-27,2026-04-27,"#6603, East Palo Alto",EQUITY TRACK ACCOUNTING DEPT,8331,4,2400 PALMER AVE,,$0.00,$12.94,$14.22,,X-2680,N,,9045006
2026-04-27,2026-04-27,"#0628, San Carlos",EQUITY TRACK ACCOUNTING DEPT,1088,90,3816 Fernwood,,-$1.80,$16.14,$17.65,H0628-560317,X-8087,N,,9903149
2026-04-27,2026-04-27,"#0628, San Carlos",EQUITY TRACK ACCOUNTING DEPT,1005,90,519 ORIZABA AVE,,$0.00,$28.72,$28.72,H0628-560224,X-8087,N,,9903069
2026-04-27,2026-04-27,"#0628, San Carlos",EQUITY TRACK ACCOUNTING DEPT,1003,90,519 ORIZABA AVE,,-$2.08,$113.79,$124.46,H0628-560220,X-8087,N,,9903067
2026-04-27,2026-04-27,"#0628, San Carlos",EQUITY TRACK ACCOUNTING DEPT,993,90,519 orizaba avenue,,-$3.00,$56.76,$62.08,H0628-560213,X-8087,N,,9903058
2026-04-27,2026-04-27,"#6603, East Palo Alto",EQUITY TRACK ACCOUNTING DEPT,831,90,990 COLLEGE AVE,,-$15.64,$203.49,$223.57,H6603-469533,X-8087,N,,9900824
2026-04-25,2026-04-25,"#0628, San Carlos",EQUITY TRACK ACCOUNTING DEPT,655,90,2400 palmer ave alan,,-$0.33,$49.87,$54.55,H0628-559983,X-8087,N,,1902756
2026-04-23,2026-04-23,"#6655, The Home Depot Pro",EQUITY TRACK ACCOUNTING DEPT,7086,90,519 orizaba,,-$277.88,"$2,052.67","$2,255.34",H6655-410538,"X-8087, X-8087",N,,3900538
2026-04-23,2026-04-23,"#1092, Daly City",EQUITY TRACK ACCOUNTING DEPT,505,90,519 orizaba ave San Francisco,,$0.00,$98.60,$108.34,H1092-553533,X-8087,N,,3906420
2026-04-23,2026-04-23,"#6964, Newark",EQUITY TRACK ACCOUNTING DEPT,4133,90,591 orizaba ave,,-$91.78,$953.84,"$1,056.38",H6964-380617,X-8087,N,,3903281
2026-04-22,2026-04-23,"#6655, The Home Depot Pro",EQUITY TRACK ACCOUNTING DEPT,6886,90,519 orizaba ave,,-$29.52,$728.26,$800.18,H6655-410400,X-8087,N,,4900351
2026-04-22,2026-04-22,"#6655, The Home Depot Pro",EQUITY TRACK ACCOUNTING DEPT,6715,90,519 orizaba,,-$2.50,$595.38,$654.17,H6655-410259,X-8087,N,,4900190
2026-04-21,2026-04-22,"#6655, The Home Depot Pro",EQUITY TRACK ACCOUNTING DEPT,6668,90,519 Orizaba,,-$23.19,$131.25,$144.21,H6655-410231,X-8087,N,,5900151
2026-04-22,2026-04-22,"#0628, San Carlos",EQUITY TRACK ACCOUNTING DEPT,9811,90,519 orizaba ave jammy,,-$16.55,$314.05,$343.49,H0628-559243,X-8087,N,,4901981
2026-04-22,2026-04-22,"#6655, The Home Depot Pro",EQUITY TRACK ACCOUNTING DEPT,6799,90,1574  Jerrold Ave,,-$2.69,$137.02,$150.55,H6655-410334,X-8087,N,,4900270
2026-04-22,2026-04-22,"#0632, San Mateo",EQUITY TRACK ACCOUNTING DEPT,9173,90,519 orizaba,,$0.00,$274.00,$300.37,H0632-535879,X-8087,N,,4902268
2026-04-21,2026-04-21,"#6655, The Home Depot Pro",EQUITY TRACK ACCOUNTING DEPT,6794,16,,,-$24.36,-$323.64,-$355.61,H6655-410139,X-8087,N,,5162298
2026-04-21,2026-04-21,"#6655, The Home Depot Pro",EQUITY TRACK ACCOUNTING DEPT,6597,90,519 Orizaba Ave.,,-$874.20,"$3,522.44","$3,868.86",H6655-410139,"X-8087, X-8087",N,,5900084
2026-04-20,2026-04-20,"#0628, San Carlos",EQUITY TRACK ACCOUNTING DEPT,4246,1,8BUCCANEER LANE,,$0.00,$808.22,$883.99,,X-2680,N,,6010640
2026-04-20,2026-04-20,"#0628, San Carlos",EQUITY TRACK ACCOUNTING DEPT,9273,90,1112 dayton ave  sc  luis,,-$42.97,$816.26,$892.78,H0628-558691,X-8087,N,,6901487
2026-04-18,2026-04-18,"#0632, San Mateo",EQUITY TRACK ACCOUNTING DEPT,9191,55,492 fathom dr      Alan,,$0.00,$40.30,$44.18,,X-2680,N,,8554435
2026-04-18,2026-04-18,"#0628, San Carlos",EQUITY TRACK ACCOUNTING DEPT,8783,90,492 fathom dr,,-$53.48,"$1,016.23","$1,111.50",H0628-558482,X-8087,N,,8901117
2026-04-18,2026-04-18,"#1092, Daly City",EQUITY TRACK ACCOUNTING DEPT,8753,90,71 Pointe pacific Dr,,-$54.73,"$1,069.80","$1,175.44",H1092-552525,X-8087,N,,8904843
2026-04-18,2026-04-18,"#0639, Colma II",EQUITY TRACK ACCOUNTING DEPT,9045,90,519 Orizaba Ave,,-$2.28,$771.90,$847.42,H0639-566510,X-5253,N,,8900384
2026-04-17,2026-04-17,"#0628, San Carlos",EQUITY TRACK ACCOUNTING DEPT,8632,90,512 wessex way belmont,,-$0.89,$16.99,$18.58,H0628-558403,X-8087,N,,9900988
2026-04-17,2026-04-17,"#1092, Daly City",EQUITY TRACK ACCOUNTING DEPT,8381,90,519 ORIZABA,,-$87.43,$787.60,$864.64,H1092-552315,X-8087,N,,9904514
2026-04-17,2026-04-17,"#0639, Colma II",EQUITY TRACK ACCOUNTING DEPT,8924,90,519 orizaba,,$0.00,$157.00,$172.50,H0639-566439,X-8087,N,,9900282
2026-04-16,2026-04-16,"#0628, San Carlos",EQUITY TRACK ACCOUNTING DEPT,4856,21,2352 menalto ave,,-$6.00,-$860.68,-$930.90,,"X-4900, X-4007, X-5253, X-8087",N,,"0212636,0212635,0212634"
2026-04-16,2026-04-16,"#0628, San Carlos",EQUITY TRACK ACCOUNTING DEPT,4856,21,1574 JERROLD AVE SF,,$0.00,-$38.90,-$42.74,H1092-510614,"X-8087, X-4007",N,,0212634
2026-04-16,2026-04-16,"#0628, San Carlos",EQUITY TRACK ACCOUNTING DEPT,9316,20,164 SPRINGDALE WAY,,$0.00,-$16.33,-$17.90,H0632-534163,X-8087,N,,0201989
2026-04-16,2026-04-16,"#0628, San Carlos",EQUITY TRACK ACCOUNTING DEPT,9316,20,164 SPRINGDALE WAY,,-$1.92,-$17.28,-$18.90,H0628-556397,"X-8087, X-5253",N,,0201988
2026-04-16,2026-04-16,"#0628, San Carlos",EQUITY TRACK ACCOUNTING DEPT,4856,21,1574 JERROLD AVE SF,,-$6.00,-$119.00,-$119.00,H0632-533799,"X-8087, X-5253",N,,
2026-04-16,2026-04-16,"#0628, San Carlos",EQUITY TRACK ACCOUNTING DEPT,9316,20,164 SPRINGDALE WAY,,-$0.92,-$8.01,-$8.78,H0632-532996,X-8087,N,,
2026-04-16,2026-04-16,"#0628, San Carlos",EQUITY TRACK ACCOUNTING DEPT,9316,20,255 AMBER DRIVE,,-$0.18,-$1.80,-$2.00,H0627-788674,X-5253,N,,0201988
2026-04-16,2026-04-16,"#0628, San Carlos",EQUITY TRACK ACCOUNTING DEPT,4856,21,1574 JERROLD AVE SF,,-$7.00,-$62.96,-$69.18,H6603-446291,X-8087,N,,
2026-04-16,2026-04-16,"#0628, San Carlos",EQUITY TRACK ACCOUNTING DEPT,4856,21,1574 JERROLD AVE SF,,$0.00,-$63.76,-$69.74,H0628-557918,X-8087,N,,
2026-04-16,2026-04-16,online,EQUITY TRACK ACCOUNTING DEPT,2799,17,164 Springdale Way,,$0.00,-$219.00,-$239.53,WN54976765,X-5004,N,,0172386
2026-04-16,2026-04-16,"#0628, San Carlos",EQUITY TRACK ACCOUNTING DEPT,9316,20,164 SPRINGDALE WAY,,-$0.42,-$8.06,-$8.81,H0628-557176,X-8087,N,,0201988
2026-04-16,2026-04-16,"#0628, San Carlos",EQUITY TRACK ACCOUNTING DEPT,4856,21,1574 JERROLD AVE SF,,-$1.00,-$31.96,-$35.12,H0639-554771,X-8087,N,,0212636
2026-04-16,2026-04-16,"#0628, San Carlos",EQUITY TRACK ACCOUNTING DEPT,9316,20,164 SPRINGDALE WAY,,-$0.27,-$2.71,-$2.97,H0632-532522,X-5253,N,,0201989
2026-04-16,2026-04-16,"#0628, San Carlos",EQUITY TRACK ACCOUNTING DEPT,4856,21,1932   CHESNUT AVE,,-$2.97,-$62.85,-$68.75,H0628-557849,X-5253,N,,0212635
2026-04-16,2026-04-16,"#0628, San Carlos",EQUITY TRACK ACCOUNTING DEPT,9316,20,164 SPRINGDALE WAY,,-$1.50,-$15.12,-$16.54,H0628-556131,X-8087,N,,0201988
2026-04-16,2026-04-16,"#0628, San Carlos",EQUITY TRACK ACCOUNTING DEPT,9316,20,164 SPRINGDALE WAY,,-$3.04,-$29.26,-$32.00,H0628-554845,X-8087,N,,0201988
2026-04-16,2026-04-16,"#0628, San Carlos",EQUITY TRACK ACCOUNTING DEPT,9316,20,164 SPRINGDALE DR,,-$3.85,-$51.28,-$56.11,H0628-556896,X-8087,N,,0201988
2026-04-16,2026-04-16,"#0628, San Carlos",EQUITY TRACK ACCOUNTING DEPT,4856,21,1574 JERROLD AVE SF,,-$2.09,-$67.49,-$73.82,H0628-557718,X-4007,N,,0212634
2026-04-16,2026-04-16,"#0628, San Carlos",EQUITY TRACK ACCOUNTING DEPT,4856,21,164 SPRINGDALE WAY,,$0.00,-$413.76,-$452.55,H0628-557712,X-5253,N,,0212634
2026-04-16,2026-04-16,"#0628, San Carlos",EQUITY TRACK ACCOUNTING DEPT,9316,20,164 SPRINGDALE WAY,,$0.00,-$2.38,-$2.64,H1017-437269,X-5253,N,,0201989
2026-04-16,2026-04-16,"#0628, San Carlos",EQUITY TRACK ACCOUNTING DEPT,9316,20,164 SPRINGDALE WAY,,-$1.13,-$20.51,-$22.45,H0628-556099,X-8087,N,,0201988
2026-04-15,2026-04-15,"#0628, San Carlos",EQUITY TRACK ACCOUNTING DEPT,8005,90,164 SPRINGDALE Way,,-$15.60,$855.96,$935.53,H0628-557918,"X-8087, X-8087",N,,1900400
2026-04-15,2026-04-15,"#0628, San Carlos",EQUITY TRACK ACCOUNTING DEPT,7945,90,164 SPRINGDALE WAY,,-$84.45,"$1,371.19","$1,499.35",H0628-557849,"X-8087, X-5253",N,,1900343
2026-04-14,2026-04-14,"#0628, San Carlos",EQUITY TRACK ACCOUNTING DEPT,7680,90,164 springdale way,,-$76.62,"$1,257.59","$1,373.47",H0628-557631,X-8087,N,,2900099
2026-04-14,2026-04-14,"#0628, San Carlos",EQUITY TRACK ACCOUNTING DEPT,7636,90,164 springdale dr,,-$10.74,$390.27,$426.53,H0628-557595,X-8087,N,,2900056
2026-04-14,2026-04-14,online,EQUITY TRACK ACCOUNTING DEPT,7685,90,164 Springdale Way,,$0.00,$219.00,$239.53,WN54976765,"X-5004, X-5004",N,,2900104
2026-04-14,2026-04-14,online,EQUITY TRACK ACCOUNTING DEPT,2080,90,164 Springdale Way,,$0.00,$219.00,$242.54,WN54970554,X-5004,N,,2901550
2026-04-14,2026-04-14,"#0628, San Carlos",EQUITY TRACK ACCOUNTING DEPT,7777,90,164 springdale aln,,-$34.95,$792.02,$865.92,H0628-557718,"X-4007, X-5253",N,,2900190
2026-04-14,2026-04-14,"#0628, San Carlos",EQUITY TRACK ACCOUNTING DEPT,7774,90,164 SPRINGDALE WAY  JAIME,,$0.00,"$1,278.72","$1,398.60",H0628-557712,"X-5253, X-5253, X-5253",N,,2900187
2026-04-13,2026-04-13,"#0632, San Mateo",EQUITY TRACK ACCOUNTING DEPT,6545,90,164 springdale way,,-$56.88,$706.96,$775.00,H0632-534163,"X-8087, X-5253, X-5253",N,,3906911
2026-04-13,2026-04-13,"#0628, San Carlos",EQUITY TRACK ACCOUNTING DEPT,7490,90,164 springdale,,-$5.29,$91.46,$100.03,H0628-557501,X-8087,N,,3906003
2026-04-11,2026-04-11,"#0628, San Carlos",EQUITY TRACK ACCOUNTING DEPT,8687,20,,,$0.00,$0.00,$0.00,,,N,,
2026-04-11,2026-04-11,"#0628, San Carlos",EQUITY TRACK ACCOUNTING DEPT,7053,90,164 springdale,,-$7.89,$287.72,$314.69,H0628-557227,X-8087,N,,5905614
2026-04-11,2026-04-11,"#0628, San Carlos",EQUITY TRACK ACCOUNTING DEPT,8688,20,164 SPRINGDALE WAY,,-$0.24,-$7.73,-$8.47,H0632-532996,X-8087,N,,5201699
2026-04-11,2026-04-11,"#0628, San Carlos",EQUITY TRACK ACCOUNTING DEPT,7014,90,164 Springdale Way                                             Alan,,-$1.71,$109.49,$119.75,H0628-557176,"X-8087, X-8087",N,,5905578
2026-04-11,2026-04-11,"#0628, San Carlos",EQUITY TRACK ACCOUNTING DEPT,6956,90,164 Springdale Way                                                  Luis,,$0.00,$110.94,$121.34,H0628-557126,X-8087,N,,5905523
2026-04-11,2026-04-11,"#0628, San Carlos",EQUITY TRACK ACCOUNTING DEPT,8688,20,174 SPRING DELA WAY,,-$3.34,-$85.14,-$93.13,H0628-555804,X-8087,N,,3903950
2026-04-11,2026-04-11,"#0628, San Carlos",EQUITY TRACK ACCOUNTING DEPT,5950,22,164 SPRINGDALE WAY,,-$17.16,-$411.84,-$451.48,H0632-532522,X-5253,N,,5222850
2026-04-11,2026-04-11,"#0628, San Carlos",EQUITY TRACK ACCOUNTING DEPT,8688,20,164 SPRINGDALE WAY,,-$2.08,-$38.80,-$42.53,H0632-532522,X-8087,N,,5201700
2026-04-11,2026-04-11,"#0628, San Carlos",EQUITY TRACK ACCOUNTING DEPT,8688,20,164 SPRINGDALE WAY,,-$3.00,-$71.90,-$78.64,H0628-557072,X-8087,N,,5201699
2026-04-11,2026-04-11,"#0628, San Carlos",EQUITY TRACK ACCOUNTING DEPT,5947,22,,,-$2.45,-$77.91,-$85.60,H6655-408134,X-8087,N,,"5222849,0903152"
2026-04-11,2026-04-11,"#0628, San Carlos",EQUITY TRACK ACCOUNTING DEPT,5951,22,164 SPRINGDALE DR,,-$4.70,-$151.65,-$165.72,H0628-556896,X-8087,N,,5222851
2026-04-11,2026-04-11,"#0628, San Carlos",EQUITY TRACK ACCOUNTING DEPT,8688,20,164 SPRINGDALE DR,,$0.00,-$54.86,-$60.02,H0628-556896,X-8087,N,,5201699
2026-04-11,2026-04-11,"#0628, San Carlos",EQUITY TRACK ACCOUNTING DEPT,8688,20,174 SPRING DELA WAY,,-$0.96,-$22.98,-$25.14,H0628-556492,X-8087,N,,8904786
2026-04-11,2026-04-11,"#0628, San Carlos",EQUITY TRACK ACCOUNTING DEPT,8688,20,164 SPRINGDALE WAY,,-$1.75,-$44.19,-$48.34,H0628-556099,"X-8087, X-5253",N,,5201699
2026-04-10,2026-04-10,"#0632, San Mateo",EQUITY TRACK ACCOUNTING DEPT,5866,90,164 springdale way,,-$6.00,$268.88,$283.31,H0632-533799,"X-8087, X-8087, X-5253",N,,6906292
2026-04-10,2026-04-10,online,EQUITY TRACK ACCOUNTING DEPT,9978,92,164 Springdale Way,,-$30.33,$576.27,$630.30,WN54545120,X-5253,N,,
2026-04-10,2026-04-10,"#0628, San Carlos",EQUITY TRACK ACCOUNTING DEPT,6760,90,164 Springdale Way                                                              Evaristo,,-$1.33,$80.59,$88.15,H0628-556967,X-8087,N,,6905346
2026-04-10,2026-04-10,"#0628, San Carlos",EQUITY TRACK ACCOUNTING DEPT,6852,90,164 spring dale way  alan,,-$36.25,$502.93,$550.08,H0628-557072,"X-8087, X-8087, X-8087",N,,6905434
2026-04-09,2026-04-09,"#0632, San Mateo",EQUITY TRACK ACCOUNTING DEPT,5576,90,510 alta ave,,-$7.79,$192.89,$211.46,H0632-533597,X-5253,N,,7906020
2026-04-09,2026-04-09,"#0628, San Carlos",EQUITY TRACK ACCOUNTING DEPT,6633,90,164 springdale way,,-$60.16,"$2,072.36","$2,194.73",H0628-556896,"X-8087, X-5004, X-8087",N,,7905232
2026-04-08,2026-04-08,"#0628, San Carlos",EQUITY TRACK ACCOUNTING DEPT,6311,90,164 springdale way,,-$42.00,$169.50,$185.39,H0628-556651,X-8087,N,,8904936
2026-04-08,2026-04-08,"#0628, San Carlos",EQUITY TRACK ACCOUNTING DEPT,6253,90,164 springdele way gonsalo,,-$3.99,$62.81,$68.70,H0628-556598,X-8087,N,,8904881
2026-04-08,2026-04-08,"#0628, San Carlos",EQUITY TRACK ACCOUNTING DEPT,6146,90,164 Springdale Way,,-$14.16,$431.46,$471.68,H0628-556492,"X-8087, X-8087",N,,"5201699,8904786"
2026-04-08,2026-04-08,"#0628, San Carlos",EQUITY TRACK ACCOUNTING DEPT,6131,90,1932 chestnut ave antioch,,$0.00,$38.94,$42.59,H0628-556483,X-8087,N,,8904771
2026-04-06,2026-04-07,"#0639, Colma II",EQUITY TRACK ACCOUNTING DEPT,6755,90,164 Springdale Way,,-$6.09,$304.88,$334.80,H0639-564428,X-8087,N,,0908355
2026-04-07,2026-04-07,"#0628, San Carlos",EQUITY TRACK ACCOUNTING DEPT,6014,90,164 Springdale Way                                                      Jaime,,-$62.76,$745.46,$815.10,H0628-556397,"X-8087, X-8087, X-5253",N,,9904665
2026-04-06,2026-04-07,"#6655, The Home Depot Pro",EQUITY TRACK ACCOUNTING DEPT,3370,90,164 Springdale Way,,-$14.60,$465.86,$511.79,H6655-408134,"X-8087, X-8087",N,,"5222849,0903152"
2026-04-06,2026-04-06,"#0632, San Mateo",EQUITY TRACK ACCOUNTING DEPT,4701,90,164 springdale way,,-$9.74,$186.01,$203.17,H0632-532996,"X-8087, X-8087",N,,0905212
2026-04-06,2026-04-06,"#0628, San Carlos",EQUITY TRACK ACCOUNTING DEPT,5710,90,164 springdale way   alan,,-$15.71,$405.59,$443.28,H0628-556131,"X-8087, X-8087",N,,0904384
2026-04-06,2026-04-06,"#0628, San Carlos",EQUITY TRACK ACCOUNTING DEPT,5678,90,164 SPRINGDALE WAY EMERALD HILLS,,-$47.42,$945.15,"$1,033.72",H0628-556099,"X-8087, X-8087, X-5253",N,,0904359
2026-04-06,2026-04-06,"#0628, San Carlos",EQUITY TRACK ACCOUNTING DEPT,5647,90,164 springdale way emerald hills,,-$239.21,"$1,001.10","$1,093.61",H0628-556062,X-8087,N,,0904330
2026-04-03,2026-04-03,"#0628, San Carlos",EQUITY TRACK ACCOUNTING DEPT,5183,90,164 springdele way jamy,,-$14.10,$454.80,$497.02,H0628-555774,X-8087,N,,3903927
2026-04-03,2026-04-03,"#0628, San Carlos",EQUITY TRACK ACCOUNTING DEPT,9701,35,,,$0.00,-$328.20,-$358.97,H0628-555749,X-8087,N,,"3351012,3903901"
2026-04-03,2026-04-03,"#0628, San Carlos",EQUITY TRACK ACCOUNTING DEPT,5156,90,164 Springdale Way                                                        Jaime,,-$12.90,$471.66,$515.88,H0628-555749,X-8087,N,,"3351012,3903901"
2026-04-03,2026-04-03,"#0628, San Carlos",EQUITY TRACK ACCOUNTING DEPT,5215,90,164 SPRINGDALE WAY,,-$4.70,$151.60,$165.67,H0628-555807,X-8087,N,,3903958
2026-04-03,2026-04-03,"#0628, San Carlos",EQUITY TRACK ACCOUNTING DEPT,5207,90,164 Springdale Way                                                             Alan,,-$5.73,$270.81,$296.20,H0628-555804,"X-8087, X-8087",N,,3903950
2026-04-03,2026-04-03,"#0632, San Mateo",EQUITY TRACK ACCOUNTING DEPT,3869,90,174 spring dela way,,-$38.37,$758.81,$831.85,H0632-532522,"X-5253, X-8087, X-5253",N,,3904434
2026-04-03,2026-04-03,"#0628, San Carlos",EQUITY TRACK ACCOUNTING DEPT,5080,90,164 springdale way emerald hills ca 94062    gonzalo,,-$121.46,$539.92,$589.19,H0628-555678,X-8087,N,,3903830
2026-04-01,2026-04-02,"#0644, Pittsburg",EQUITY TRACK ACCOUNTING DEPT,2814,90,1932 chestnut ave,,-$6.07,$130.73,$142.82,H0644-354538,X-8087,N,,5902130
2026-04-02,2026-04-02,"#0644, Pittsburg",EQUITY TRACK ACCOUNTING DEPT,2868,90,1932 chestnut ave,,-$3.23,$173.22,$189.24,H0644-354568,X-8087,N,,4902172
2026-04-02,2026-04-02,"#0644, Pittsburg",EQUITY TRACK ACCOUNTING DEPT,2948,90,1932 chestnut ave,,-$0.53,$62.98,$68.14,H0644-354656,X-5253,N,,4902245
2026-04-02,2026-04-02,"#0628, San Carlos",EQUITY TRACK ACCOUNTING DEPT,4903,90,164 springdale way,,-$277.08,"$1,041.28","$1,138.72",H0628-555541,X-8087,N,,4903673
2026-04-01,2026-04-01,"#0628, San Carlos",EQUITY TRACK ACCOUNTING DEPT,4677,90,164 springdale way,,-$68.71,"$1,442.03","$1,576.27",H0628-555323,"X-5004, X-8087",N,,5903460
2026-04-01,2026-04-01,"#0628, San Carlos",EQUITY TRACK ACCOUNTING DEPT,4723,90,164 SPRINGDALE WAY,,-$83.20,$634.98,$694.51,H0628-555378,X-8087,N,,5903502
2026-04-01,2026-04-01,"#0644, Pittsburg",EQUITY TRACK ACCOUNTING DEPT,2801,90,1932 chestnut ave,,-$0.35,$108.38,$118.41,H0644-354506,X-8087,N,,5902117
2026-04-01,2026-04-01,"#0628, San Carlos",EQUITY TRACK ACCOUNTING DEPT,4577,90,164 springdale emarld hills   gonzalo,,-$216.89,"$1,407.07","$1,536.29",H0628-555217,X-8087,N,,5903363
2026-03-31,2026-03-31,"#0632, San Mateo",EQUITY TRACK ACCOUNTING DEPT,2935,97,751 27th ave,,-$54.00,$218.76,$239.81,H0632-531956,X-8087,N,,6973884
2026-03-30,2026-03-31,"#0628, San Carlos",EQUITY TRACK ACCOUNTING DEPT,4212,90,410 Charlott Ln,,-$1.75,$33.23,$36.35,H0628-554944,X-8087,N,,7903034
2026-03-31,2026-03-31,"#0644, Pittsburg",EQUITY TRACK ACCOUNTING DEPT,7910,19,,,-$6.62,-$87.98,-$96.12,H0644-354260,X-8087,N,,"6192162,6901934"
2026-03-31,2026-03-31,"#0644, Pittsburg",EQUITY TRACK ACCOUNTING DEPT,2593,90,1932 CHESTNUT AVE,,-$35.19,$700.36,$765.14,H0644-354260,"X-8087, X-8087",N,,"6192162,6901934"
2026-03-31,2026-03-31,"#0632, San Mateo",EQUITY TRACK ACCOUNTING DEPT,2996,90,751 27th ave,,-$27.24,$481.83,$528.21,H0632-531856,X-5253,N,,6903620
2026-03-31,2026-03-31,"#0628, San Carlos",EQUITY TRACK ACCOUNTING DEPT,6442,97,751- 27th Ave San Mateo                                           Jaime,,-$28.85,$595.74,$651.27,H0628-555111,"X-5004, X-8087",N,,6973633
2026-03-31,2026-03-31,"#0644, Pittsburg",EQUITY TRACK ACCOUNTING DEPT,2654,90,1932 Chestnut Ave,,-$24.00,$455.76,$497.92,H0644-354339,X-8087,N,,6901990
2026-03-31,2026-03-31,"#0644, Pittsburg",EQUITY TRACK ACCOUNTING DEPT,7910,19,,,-$19.92,-$263.88,-$288.29,H0644-354308,X-8087,N,,"6192162,6901971"
2026-03-31,2026-03-31,"#0644, Pittsburg",EQUITY TRACK ACCOUNTING DEPT,2634,90,1932 CHESTNUT AVE,,-$27.94,$453.53,$495.48,H0644-354308,"X-8087, X-8087",N,,"6192162,6901971"
2026-03-30,2026-03-30,"#0644, Pittsburg",EQUITY TRACK ACCOUNTING DEPT,2387,90,1932 chestnut,,-$23.65,$789.40,$861.76,H0644-354080,X-8087,N,,7901753
2026-03-30,2026-03-30,"#0644, Pittsburg",EQUITY TRACK ACCOUNTING DEPT,2465,90,1932 chestnut ave,,-$5.04,$63.62,$69.50,H0644-354148,X-8087,N,,7901822
2026-03-30,2026-03-30,"#0628, San Carlos",EQUITY TRACK ACCOUNTING DEPT,4094,90,164 PRINDALE WAY,,-$5.92,$175.98,$192.48,H0628-554845,"X-8087, X-8087",N,,7902921
2026-03-27,2026-03-27,"#0673, Santee",EQUITY TRACK ACCOUNTING DEPT,5911,54,,,$0.00,$11.88,$12.80,,X-1766,N,,0544673
2026-03-28,2026-03-28,"#0644, Pittsburg",EQUITY TRACK ACCOUNTING DEPT,2197,90,1932 Chestnut Ave,,-$14.48,$176.14,$191.10,H0644-353934,X-8087,N,,9901598
2026-03-26,2026-03-26,"#0628, San Carlos",EQUITY TRACK ACCOUNTING DEPT,5373,51,pps,,-$41.16,$925.43,"$1,011.91",,X-5004,N,,1514854
2026-03-26,2026-03-26,"#0628, San Carlos",EQUITY TRACK ACCOUNTING DEPT,5373,51,pps,,$0.00,$925.43,"$1,011.91",,X-5004,N,,1514854
2026-03-27,2026-03-27,"#0628, San Carlos",EQUITY TRACK ACCOUNTING DEPT,3428,90,751 27TH AVE,,-$2.80,$53.04,$58.01,H0628-554390,X-8087,N,,0902318
2026-03-27,2026-03-27,"#0644, Pittsburg",EQUITY TRACK ACCOUNTING DEPT,2030,90,1932 chest nut pittsburg,,-$95.99,$617.33,$674.43,H0644-353768,X-8087,N,,0901460
2026-03-27,2026-03-27,"#0644, Pittsburg",EQUITY TRACK ACCOUNTING DEPT,2085,90,1932 chestnut pittsburg,,-$119.40,$228.86,$250.03,H0644-353821,X-8087,N,,0901507
2026-03-26,2026-03-26,"#0628, San Carlos",EQUITY TRACK ACCOUNTING DEPT,3180,90,751 27 th ave,,$0.00,$146.28,$159.99,H0628-554186,X-8087,false,,1902091
2026-03-26,2026-03-26,online,EQUITY TRACK ACCOUNTING DEPT,2560,49,"1932 Chestnut Ave, Antioch CA 94509",,-$41.17,$255.82,$280.76,WN52982743,X-6094,false,,
2026-03-26,2026-03-26,online,EQUITY TRACK ACCOUNTING DEPT,1933,90,"1932 Chestnut Ave, Antioch CA 94509",,-$300.97,$717.03,$786.93,WN52982744,X-6094,N,,1901378
2026-03-25,2026-03-26,"#0628, San Carlos",EQUITY TRACK ACCOUNTING DEPT,2950,90,751 27th ave angel,,-$37.81,$571.93,$625.55,H0628-554003,X-8087,false,,2901884
2026-03-26,2026-03-26,"#0628, San Carlos",EQUITY TRACK ACCOUNTING DEPT,3035,90,PPS,,-$2.40,$21.52,$23.54,H0628-554043,X-5253,false,,1901952
2026-03-26,2026-03-26,"#0644, Pittsburg",EQUITY TRACK ACCOUNTING DEPT,1932,90,1932 chestnut,,-$17.31,$600.29,$655.63,H0644-353696,X-8087,false,,1901377
2026-03-26,2026-03-26,"#0632, San Mateo",EQUITY TRACK ACCOUNTING DEPT,1608,90,pps,,-$2.40,$21.52,$23.59,H0632-531036,X-5253,false,,1902321
2026-03-25,2026-03-25,"#0644, Pittsburg",EQUITY TRACK ACCOUNTING DEPT,1777,90,1932 chestnut ave,,-$342.77,"$1,751.28","$1,912.61",H0644-353572,X-5253,false,,2901237
2026-03-25,2026-03-25,"#1076, Brentwood",EQUITY TRACK ACCOUNTING DEPT,4657,90,1932 Chestnut,,-$76.50,$701.08,$762.42,H1076-444725,X-5253,false,,2901789
2026-03-24,2026-03-24,"#1848, El Cajon",EQUITY TRACK ACCOUNTING DEPT,8250,7,,,$0.00,$467.97,$506.58,,X-1766,false,,3073833
2026-03-24,2026-03-24,"#0628, San Carlos",EQUITY TRACK ACCOUNTING DEPT,2562,90,pps,,-$0.98,$58.39,$63.86,H0628-553696,X-8087,false,,3901524
2026-03-23,2026-03-24,"#0628, San Carlos",EQUITY TRACK ACCOUNTING DEPT,6678,20,1574 Jerold ave,,-$13.15,-$138.09,-$151.74,H1092-540850,X-8087,false,,"4200676,7905081"
2026-03-24,2026-03-24,"#0628, San Carlos",EQUITY TRACK ACCOUNTING DEPT,2575,90,751      27TH  AVE S,,$0.00,$10.98,$12.01,H0628-553705,X-8087,false,,3901537
2026-03-23,2026-03-24,"#0628, San Carlos",EQUITY TRACK ACCOUNTING DEPT,6678,20,1574 Jerold ave,,$0.00,-$25.70,-$28.24,H1092-540771,"X-5253, X-8087",false,,"4200676,8904930"
2026-03-23,2026-03-24,"#0628, San Carlos",EQUITY TRACK ACCOUNTING DEPT,6678,20,1574 Jerold ave,,-$16.15,-$119.69,-$132.56,H1017-436525,X-5253,false,,"4200677,1903977,3170171"
2026-03-24,2026-03-24,"#0628, San Carlos",EQUITY TRACK ACCOUNTING DEPT,2472,90,751th ave san mateo,,-$66.84,"$1,684.09","$1,841.90",H0628-553618,X-5253,false,,3901440
2026-03-23,2026-03-24,"#0628, San Carlos",EQUITY TRACK ACCOUNTING DEPT,6678,20,255 AMBER DRIVE,,$0.00,-$22.93,-$25.40,H1017-437124,X-5253,N,,4200677
2026-03-24,2026-03-24,"#6655, The Home Depot Pro",EQUITY TRACK ACCOUNTING DEPT,624,90,27TH AVE,,-$177.62,"$1,460.33","$1,604.54",H6655-406322,X-8087,false,,3900616
2026-03-23,2026-03-24,"#0628, San Carlos",EQUITY TRACK ACCOUNTING DEPT,6678,20,1574 Jerold ave,,-$3.75,-$33.60,-$36.71,H0644-352940,X-5253,false,,"4200677,8900551"
2026-03-23,2026-03-24,"#0628, San Carlos",EQUITY TRACK ACCOUNTING DEPT,6678,20,1932   CHESNUT AVE,,$0.00,-$17.48,-$19.20,H6655-403663,X-5253,N,,4200677
2026-03-23,2026-03-24,"#0628, San Carlos",EQUITY TRACK ACCOUNTING DEPT,6678,20,1574 Jerold ave,,-$5.60,-$22.36,-$24.57,H1092-542320,X-5253,false,,"9900079,4200677"
2026-03-23,2026-03-24,"#0628, San Carlos",EQUITY TRACK ACCOUNTING DEPT,6678,20,1574 Jerold ave,,$0.00,-$65.96,-$72.47,H1092-540505,X-8087,false,,"7202027,9971222"
2026-03-23,2026-03-24,"#0628, San Carlos",EQUITY TRACK ACCOUNTING DEPT,6678,20,1574 Jerold ave,,-$2.00,-$7.98,-$8.77,H0639-558879,X-8087,false,,"4200677,4903216,3170171"
2026-03-23,2026-03-24,"#0628, San Carlos",EQUITY TRACK ACCOUNTING DEPT,6678,20,1932 CHESTNUT AVE,,-$2.00,-$17.97,-$19.64,H0644-353036,X-5253,N,,4200677
2026-03-24,2026-03-24,"#0644, Pittsburg",EQUITY TRACK ACCOUNTING DEPT,7401,19,1932 CHESTNUT AVE,,$0.00,-$19.96,-$21.81,H0644-353036,X-5253,N,,3191987
2026-03-24,2026-03-24,"#0644, Pittsburg",EQUITY TRACK ACCOUNTING DEPT,1596,90,1932 chestnut,,-$3.92,$94.84,$103.55,H0644-353425,X-8087,false,,3901081
2026-03-23,2026-03-23,"#0628, San Carlos",EQUITY TRACK ACCOUNTING DEPT,3384,22,1932 CHESTNUT AVE,,-$1.60,-$14.38,-$15.73,H0628-547039,"X-8087, X-5253",false,,"4221491,9903161"
2026-03-23,2026-03-23,"#0628, San Carlos",EQUITY TRACK ACCOUNTING DEPT,3379,22,751 27TH AVE,,$0.00,-$76.67,-$84.05,H0632-522393,"X-8087, X-5253, X-2565",false,,"9901616,4221485"
2026-03-23,2026-03-23,"#0644, Pittsburg",EQUITY TRACK ACCOUNTING DEPT,1375,90,1932 CHESTNUT AVE AN,,-$268.84,"$1,603.84","$1,749.54",H0644-353229,X-8087,false,,4900890
2026-03-23,2026-03-23,"#0628, San Carlos",EQUITY TRACK ACCOUNTING DEPT,3379,22,751 27TH AVE,,-$1.00,-$8.96,-$9.82,H0632-530446,X-8087,N,,4221486
2026-03-23,2026-03-23,"#0628, San Carlos",EQUITY TRACK ACCOUNTING DEPT,3384,22,1932 CHESTNUT AVE,,-$0.50,-$4.48,-$4.91,H0632-530446,"X-5253, X-8087",N,,4221491
2026-03-23,2026-03-23,"#0632, San Mateo",EQUITY TRACK ACCOUNTING DEPT,691,90,pps,,-$6.00,$103.74,$113.72,H0632-530446,"X-8087, X-8087, X-8087, X-5253",N,,4901483
2026-03-23,2026-03-23,"#0628, San Carlos",EQUITY TRACK ACCOUNTING DEPT,3379,22,751 27TH AVE,,-$27.84,-$157.32,-$172.07,H0628-549407,X-5253,N,,4221487
2026-03-23,2026-03-23,"#0644, Pittsburg",EQUITY TRACK ACCOUNTING DEPT,1462,90,1932 CHESTNUT AVE,,-$6.74,$208.42,$227.63,H0644-353304,X-8087,false,,4900964
2026-03-23,2026-03-24,"#0628, San Carlos",EQUITY TRACK ACCOUNTING DEPT,3384,22,1932 CHESTNUT AVE,,-$28.50,-$256.32,-$280.03,H0644-353036,X-5253,N,,4221490
2026-03-23,2026-03-23,"#0628, San Carlos",EQUITY TRACK ACCOUNTING DEPT,3384,22,1932 CHESTNUT AVE,,-$1.80,-$16.12,-$17.63,H0628-552942,"X-8087, X-5253",false,,"4221490,8900466"
2026-03-23,2026-03-23,"#0628, San Carlos",EQUITY TRACK ACCOUNTING DEPT,3379,22,751 27TH AVE,,-$3.90,-$73.98,-$81.09,H0632-523416,"X-8087, X-5253, X-2565",false,,"3902885,4221486"
2026-03-21,2026-03-22,"#0628, San Carlos",EQUITY TRACK ACCOUNTING DEPT,3111,22,PPS,,-$43.62,-$828.27,-$905.92,H0628-553260,X-8087,false,,"6900891,6221348"
2026-03-21,2026-03-22,"#0628, San Carlos",EQUITY TRACK ACCOUNTING DEPT,1889,90,PPS/2160 Cedar Ave Menlo Park         (510) 867-3040,,-$71.47,"$1,357.47","$1,484.73",H0628-553268,X-2881,false,,6900912
2026-03-21,2026-03-22,"#0628, San Carlos",EQUITY TRACK ACCOUNTING DEPT,3111,22,1932   CHESNUT AVE,,-$0.49,-$9.34,-$10.21,H0628-547294,X-8087,N,,6221348
2026-03-21,2026-03-22,"#0628, San Carlos",EQUITY TRACK ACCOUNTING DEPT,3111,22,PPS,,-$0.49,-$9.34,-$10.21,H0628-550342,X-5253,false,,"1906780,6221349,1214957"
2026-03-21,2026-03-22,"#0628, San Carlos",EQUITY TRACK ACCOUNTING DEPT,1863,90,2160 CEDAR AVE MENLO,,-$53.75,"$1,027.80","$1,123.48",H0628-553260,"X-8087, X-8087",false,,"6900891,6221348"
2026-03-21,2026-03-21,"#1017, Hayward",EQUITY TRACK ACCOUNTING DEPT,4362,90,1202 via lucas,,-$1.49,$63.29,$70.09,H1017-440269,X-8087,false,,6903323
2026-03-21,2026-03-21,"#1017, Hayward",EQUITY TRACK ACCOUNTING DEPT,4484,90,1202 via lucas,,-$3.26,$61.68,$68.31,H1017-440309,X-5253,false,,6903442
2026-03-21,2026-03-21,"#0644, Pittsburg",EQUITY TRACK ACCOUNTING DEPT,1193,90,1932 CHESTNUT AVE,,-$51.00,$457.92,$500.28,H0644-353099,X-8087,false,,6900738
2026-03-20,2026-03-20,"#6603, East Palo Alto",EQUITY TRACK ACCOUNTING DEPT,3448,90,PPS,,-$7.46,$158.67,$174.34,H6603-463988,X-5253,false,,7905475
2026-03-20,2026-03-20,"#null, THE HOME DEPOT PRO",EQUITY TRACK ACCOUNTING DEPT,0,0,"751 27TH AVE, SAN MA",,-$393.12,"$2,327.32","$2,555.72",H6655-405891,X-5253,false,,7906809
2026-03-19,2026-03-24,"#0644, Pittsburg",EQUITY TRACK ACCOUNTING DEPT,968,90,1932 chestnut ave,,-$12.94,$217.57,$237.58,H0644-352940,"X-5253, X-5253",false,,"4200677,8900551"
2026-03-20,2026-03-20,"#6655, The Home Depot Pro",EQUITY TRACK ACCOUNTING DEPT,9908,90,1343  canterbury dr,,-$16.10,$213.90,$235.02,H6655-405906,X-5253,false,,7906824
2026-03-20,2026-03-24,"#0644, Pittsburg",EQUITY TRACK ACCOUNTING DEPT,1084,90,1932 chestnut ave,,-$311.12,"$3,638.03","$3,974.55",H0644-353036,"X-5253, X-5253, X-5253",N,,7900644
2026-03-20,2026-03-20,"#0644, Pittsburg",EQUITY TRACK ACCOUNTING DEPT,1035,90,1932 Chestnut ave,,-$21.34,$577.31,$629.64,H0644-352996,X-5253,false,,7900604
2026-03-19,2026-03-23,"#0628, San Carlos",EQUITY TRACK ACCOUNTING DEPT,1403,90,1574 JERROLD AVE SAN FRANCISCO,,-$7.50,$67.18,$73.48,H0628-552942,"X-5253, X-8087",false,,"4221490,8900466"
2026-03-19,2026-03-19,"#0644, Pittsburg",EQUITY TRACK ACCOUNTING DEPT,600,17,1932 chestnut ave,,$0.00,$0.00,$0.00,,0300EEFCF5CF19737S,false,,
2026-03-19,2026-03-19,"#0644, Pittsburg",EQUITY TRACK ACCOUNTING DEPT,940,90,1932 chestnut ave,,-$76.95,$913.17,$996.84,H0644-352906,X-5253,false,,8900527
2026-03-19,2026-03-19,"#0644, Pittsburg",EQUITY TRACK ACCOUNTING DEPT,958,90,1932 CHESTNUT AVE,,-$19.44,$506.56,$552.99,H0644-352927,X-5253,false,,8900543
2026-03-18,2026-03-18,"#0628, San Carlos",EQUITY TRACK ACCOUNTING DEPT,1015,90,751 27TH AVE SAN MAT,,"-$1,139.70","$2,632.42","$2,877.19",H0628-552610,X-5253,false,,9900109
2026-03-16,2026-03-16,"#0628, San Carlos",EQUITY TRACK ACCOUNTING DEPT,5272,52,pps water heater,,-$44.04,$814.30,$890.64,,X-6094,N,,1523070
2026-03-16,2026-03-16,"#0628, San Carlos",EQUITY TRACK ACCOUNTING DEPT,5272,52,pps water heater,,$0.00,$814.30,$890.64,,X-6094,false,,1523070
2026-03-17,2026-03-17,"#0628, San Carlos",EQUITY TRACK ACCOUNTING DEPT,692,90,751 27TH SAN MATEO,,-$4.56,"$1,064.43","$1,164.08",H0628-552342,X-5253,false,,0909205
2026-03-16,2026-03-16,"#0632, San Mateo",EQUITY TRACK ACCOUNTING DEPT,8623,90,751 27th ave,,-$122.25,"$2,012.58","$2,206.29",H0632-529202,X-5253,false,,1904961
2026-03-14,2026-03-14,"#0657, San Rafael",EQUITY TRACK ACCOUNTING DEPT,7746,16,255 AMBER DR,,$0.00,$0.00,$0.00,,0300EEFCF5CF19737S,false,,
2026-03-15,2026-03-15,"#0625, San Leandro",EQUITY TRACK ACCOUNTING DEPT,661,20,17221 VIA ESTREL,,-$8.40,-$111.60,-$123.59,H1017-426339,X-4007,false,,"4905284,4241080"
2026-03-14,2026-03-14,"#0632, San Mateo",EQUITY TRACK ACCOUNTING DEPT,8238,90,751 27TH AVE SAN MAT,,-$325.27,"$1,707.60","$1,869.88",H0632-529026,X-5253,false,,3904609
2026-03-12,2026-03-12,"#0628, San Carlos",EQUITY TRACK ACCOUNTING DEPT,9536,90,pps,,$0.00,$7.48,$8.18,H0628-551572,X-5253,false,,5908156
2026-03-12,2026-03-12,"#0628, San Carlos",EQUITY TRACK ACCOUNTING DEPT,9526,90,pps/  alan,,-$9.88,$315.60,$343.81,H0628-551564,X-5253,false,,5908146
2026-03-12,2026-03-12,"#0632, San Mateo",EQUITY TRACK ACCOUNTING DEPT,7543,90,751 17th ave,,-$51.95,$257.87,$281.31,H0632-528544,X-5253,false,,5903951
2026-03-12,2026-03-12,"#0639, Colma II",EQUITY TRACK ACCOUNTING DEPT,1792,90,1574 jerold ave,,-$19.87,$477.90,$525.06,H0639-560267,X-5253,false,,5904439
2026-03-11,2026-03-11,"#0632, San Mateo",EQUITY TRACK ACCOUNTING DEPT,7289,90,751 27th ave,,-$113.87,$633.30,$694.26,H0632-528362,X-5253,false,,6903716
2026-03-11,2026-03-11,"#0628, San Carlos",EQUITY TRACK ACCOUNTING DEPT,9184,90,1574 JERROLD AVE SAN,,-$11.97,$300.89,$328.39,H0628-551259,X-5253,false,,6907826
2026-03-09,2026-03-09,"#0641, Rohnert Park",EQUITY TRACK ACCOUNTING DEPT,4267,20,17221 VIA ESTREL,,$0.00,-$65.77,-$72.84,,X-9134,false,,
2026-03-10,2026-03-10,"#0639, Colma II",EQUITY TRACK ACCOUNTING DEPT,1350,90,1574 JEROLD,,-$29.41,$332.36,$365.07,H0639-559851,X-5253,false,,7904123
2026-03-10,2026-03-10,"#0639, Colma II",EQUITY TRACK ACCOUNTING DEPT,1358,90,1574 Jerrold Ave,,-$1.34,$17.60,$19.34,H0639-559861,X-5253,false,,7904131
2026-03-10,2026-03-10,"#1092, Daly City",EQUITY TRACK ACCOUNTING DEPT,5515,90,1574 jerold ave sf,,-$11.81,$160.78,$175.24,H1092-544749,X-8087,false,,7903377
2026-03-09,2026-03-15,"#0641, Rohnert Park",EQUITY TRACK ACCOUNTING DEPT,4267,20,17221 VIA ESTREL,,-$4.20,-$55.80,-$61.80,H1017-426339,0300EEFCF5CF19737S,false,,"4905284,4241080"
2026-03-10,2026-03-10,"#6655, The Home Depot Pro",EQUITY TRACK ACCOUNTING DEPT,7483,90,1574 Jerold Blvd,,-$14.61,$214.52,$235.70,H6655-404254,X-5253,false,,7904548
2026-03-08,2026-03-08,"#0628, San Carlos",EQUITY TRACK ACCOUNTING DEPT,9039,53,452,,$0.00,$328.76,$359.58,,X-5004,N,,9535153
2026-03-09,2026-03-09,"#null, COLMA II",EQUITY TRACK ACCOUNTING DEPT,0,0,1575 JERRALD AVE,,-$46.61,$827.42,$909.13,H0639-559723,X-5253,false,,8904015
2026-03-09,2026-03-09,"#1092, Daly City",EQUITY TRACK ACCOUNTING DEPT,5094,90,1574 JEROLD AVE-GONZ,,-$13.63,$427.42,$469.62,H1092-544433,X-5253,false,,8902998
2026-03-06,2026-03-06,"#1092, Daly City",EQUITY TRACK ACCOUNTING DEPT,7821,2,1574 jerrold ave sf,,$0.00,$158.12,$172.32,,X-2565,N,,1023901
2026-03-07,2026-03-07,"#1092, Daly City",EQUITY TRACK ACCOUNTING DEPT,8030,2,1574 JERROLD AVE,,$0.00,$0.00,$0.00,,0300EEFCF5CF19737S,N,,
2026-03-07,2026-03-07,"#6655, The Home Depot Pro",EQUITY TRACK ACCOUNTING DEPT,6863,90,1574 Jerrold Ave,,-$1.43,$34.36,$37.73,H6655-403800,X-5253,N,,0903979
2026-03-07,2026-03-07,"#1092, Daly City",EQUITY TRACK ACCOUNTING DEPT,4565,90,1574 Jerold ave,,-$63.99,$315.78,$346.96,H1092-544141,X-8087,N,,0902523
2026-03-07,2026-03-07,"#1092, Daly City",EQUITY TRACK ACCOUNTING DEPT,4620,90,1574 jerrold ave,,-$1.60,$285.60,$313.77,H1092-544170,X-5253,N,,0902573
2026-03-06,2026-03-06,"#6655, The Home Depot Pro",EQUITY TRACK ACCOUNTING DEPT,8343,16,,,$0.00,-$576.00,-$632.88,H6655-399637,X-2565,N,,0903352
2026-03-06,2026-03-06,"#6655, The Home Depot Pro",EQUITY TRACK ACCOUNTING DEPT,6611,90,1574 Jerrold Ave,,-$88.36,"$1,819.81","$1,999.24",H6655-403663,"X-5253, X-5253, X-5253",N,,1903741
2026-03-06,2026-03-06,"#0628, San Carlos",EQUITY TRACK ACCOUNTING DEPT,8121,90,PPS,,$0.00,$48.84,$53.42,H0628-550442,X-5253,N,,1906865
2026-03-06,2026-03-06,"#6655, The Home Depot Pro",EQUITY TRACK ACCOUNTING DEPT,6665,90,1574 Jerrold Ave,,-$1.13,$117.25,$128.83,H6655-403704,X-5253,N,,1903795
2026-03-06,2026-03-06,"#0628, San Carlos",EQUITY TRACK ACCOUNTING DEPT,9642,21,PPS,,$0.00,-$99.97,-$109.34,H0628-550342,X-5253,N,,"1906780,1214957"
2026-03-06,2026-03-06,"#0628, San Carlos",EQUITY TRACK ACCOUNTING DEPT,8034,90,PPS,,-$20.45,$433.43,$474.06,H0628-550342,"X-5253, X-5253",N,,"1906780,1214957"
2026-03-05,2026-03-05,"#1092, Daly City",EQUITY TRACK ACCOUNTING DEPT,3895,90,1574 jERROLD AVE,,-$9.65,$100.76,$110.71,H1092-543816,X-8087,N,,2902050
2026-03-05,2026-03-05,"#0628, San Carlos",EQUITY TRACK ACCOUNTING DEPT,7831,90,751 27th ave,,-$37.10,$329.06,$359.91,H0628-550168,X-5253,N,,2906597
2026-03-04,2026-03-05,"#0628, San Carlos",EQUITY TRACK ACCOUNTING DEPT,8590,17,1574 Jerold ave,,-$1.54,-$29.32,-$32.47,H1017-436525,X-8087,N,,"1903977,3170171"
2026-03-04,2026-03-05,"#0628, San Carlos",EQUITY TRACK ACCOUNTING DEPT,8590,17,1574 JERROLD AVE SF,,-$25.20,-$132.12,-$145.16,H6655-401448,"X-5253, X-8087",N,,"6154196,6900724,3170172"
2026-03-04,2026-03-05,"#0628, San Carlos",EQUITY TRACK ACCOUNTING DEPT,8590,17,1574 JERROLD AVE SF,,$0.00,-$30.86,-$33.76,H0628-547603,X-8087,N,,"6903770,3170172"
2026-03-04,2026-03-05,"#0628, San Carlos",EQUITY TRACK ACCOUNTING DEPT,8590,17,1574 JERROLD AVE SF,,-$18.56,-$104.88,-$115.24,H6655-400151,X-8087,N,,"5213493,6904135,3170172"
2026-03-04,2026-03-05,"#0628, San Carlos",EQUITY TRACK ACCOUNTING DEPT,8590,17,1574 Jerold ave,,-$56.73,-$226.96,-$249.39,H0639-558879,X-5253,N,,"4903216,3170171"
2026-03-04,2026-03-05,"#0628, San Carlos",EQUITY TRACK ACCOUNTING DEPT,8590,17,1932   CHESNUT AVE,,$0.00,-$30.86,-$34.18,H1017-435853,X-8087,N,,3170172
2026-03-04,2026-03-05,"#0628, San Carlos",EQUITY TRACK ACCOUNTING DEPT,8590,17,1574 JERROLD AVE SF,,-$2.66,-$10.64,-$11.79,H1017-437670,X-8087,N,,"3905736,3170171"
2026-03-04,2026-03-04,"#1092, Daly City",EQUITY TRACK ACCOUNTING DEPT,3429,90,1574 Jerold Ave,,-$153.05,$681.94,$747.86,H1092-543486,X-5253,N,,3901639
2026-03-04,2026-03-04,"#0628, San Carlos",EQUITY TRACK ACCOUNTING DEPT,7668,90,PPS,,-$175.68,$731.85,$799.79,H0628-550044,X-5253,N,,3906453
2026-03-03,2026-03-04,"#1017, Hayward",EQUITY TRACK ACCOUNTING DEPT,7685,21,1202 VIA LUCAS,,-$19.20,-$76.76,-$85.01,H1017-437512,X-5253,N,,"4210878,4905541"
2026-03-03,2026-03-04,"#1017, Hayward",EQUITY TRACK ACCOUNTING DEPT,9610,90,1202 Via Lucas San Lorenzo,,-$19.20,$76.76,$85.01,H1017-437527,X-5253,N,,4905556
2026-03-04,2026-03-05,"#1017, Hayward",EQUITY TRACK ACCOUNTING DEPT,9813,90,1574 jerrold ave sf,,-$35.38,$454.78,$503.67,H1017-437670,"X-5253, X-8087",N,,"3905736,3170171"
2026-03-02,2026-03-03,"#1017, Hayward",EQUITY TRACK ACCOUNTING DEPT,9361,90,1202 Via Lucas,,-$31.23,$359.90,$398.59,H1017-437369,"X-5253, X-5253",N,,5905327
2026-03-03,2026-03-04,"#1017, Hayward",EQUITY TRACK ACCOUNTING DEPT,9595,90,1202 via lucas,,-$21.40,$127.04,$140.70,H1017-437512,"X-5253, X-5253",N,,"4210878,4905541"
2026-03-03,2026-03-05,"#0639, Colma II",EQUITY TRACK ACCOUNTING DEPT,92,90,1574 Jerrold Ave SF,,-$178.88,"$1,107.79","$1,216.78",H0639-558879,"X-5253, X-5253",N,,"4903216,3170171"
2026-03-03,2026-03-03,"#0639, Colma II",EQUITY TRACK ACCOUNTING DEPT,99,90,1574 Jerrold Ave SF,,-$22.80,$91.20,$100.21,H0639-558881,X-5253,N,,4903221
2026-03-02,2026-03-02,"#1092, Daly City",EQUITY TRACK ACCOUNTING DEPT,2808,90,1574 Jerrold Ave,,-$263.71,"$1,367.30","$1,501.10",H1092-543031,X-5253,N,,5901090
2026-03-02,2026-03-02,"#0628, San Carlos",EQUITY TRACK ACCOUNTING DEPT,6976,90,PPS,,-$11.99,$47.98,$52.48,H0628-549439,X-5253,N,,5905829
2026-03-02,2026-03-02,"#0628, San Carlos",EQUITY TRACK ACCOUNTING DEPT,6953,90,751 27TH AVE,,-$78.00,$550.20,$601.78,H0628-549407,"X-5253, X-5253",N,,5905807
2026-03-02,2026-03-02,"#1017, Hayward",EQUITY TRACK ACCOUNTING DEPT,9207,90,1202 via lucas,,-$34.08,$526.60,$583.21,H1017-437269,"X-5253, X-5253",N,,5905178
2026-03-02,2026-03-02,"#1017, Hayward",EQUITY TRACK ACCOUNTING DEPT,9223,90,1202 via lucas,,-$16.28,$171.09,$189.48,H1017-437283,X-5253,N,,5905194
2026-02-28,2026-02-28,"#1017, Hayward",EQUITY TRACK ACCOUNTING DEPT,8797,90,"1202 Via Lucas, San Lorenzo, CA 94580",,-$4.84,$102.06,$111.70,H1017-437100,"X-5253, X-5253",N,,7904791
2026-02-28,2026-02-28,"#1017, Hayward",EQUITY TRACK ACCOUNTING DEPT,8830,90,1202 Via Lucas,,-$79.99,$442.59,$488.18,H1017-437124,"X-5253, X-5253, X-5253",N,,7904823
2026-02-27,2026-02-27,"#1017, Hayward",EQUITY TRACK ACCOUNTING DEPT,8555,90,1202 Via Lucas,,-$85.10,$566.27,$627.14,H1017-436972,X-5253,N,,8904560
2026-02-27,2026-02-27,"#1017, Hayward",EQUITY TRACK ACCOUNTING DEPT,8589,90,1202 VIA LUCAS,,-$20.56,$322.93,$357.58,H1017-436998,X-5253,N,,8904593
2026-02-27,2026-02-27,"#0628, San Carlos",EQUITY TRACK ACCOUNTING DEPT,6400,90,SAN LORENZO,,-$0.91,$61.74,$67.53,H0628-548942,X-8087,N,,8905316
2026-02-26,2026-02-26,"#1017, Hayward",EQUITY TRACK ACCOUNTING DEPT,7957,54,,,$0.00,$29.97,$33.19,,X-2645,N,,9544152
2026-02-26,2026-02-26,"#1017, Hayward",EQUITY TRACK ACCOUNTING DEPT,8314,90,1202 via lucas,,-$79.68,$841.21,$931.52,H1017-436811,X-8087,N,,9904336
2026-02-26,2026-02-26,"#1017, Hayward",EQUITY TRACK ACCOUNTING DEPT,8383,90,1202- Via Lucas San Lorenzo,,-$11.35,$171.19,$189.59,H1017-436865,X-5253,N,,9904400
2026-02-26,2026-02-26,"#1092, Daly City",EQUITY TRACK ACCOUNTING DEPT,1673,90,1574 Jerrold ave,,-$66.41,$505.88,$555.84,H1092-542320,X-5253,N,,9900079
2026-02-26,2026-02-26,"#1017, Hayward",EQUITY TRACK ACCOUNTING DEPT,8247,90,1202 via lucas,,-$109.75,$755.32,$835.75,H1017-436756,X-5253,N,,9904271
2026-02-25,2026-02-25,"#1092, Daly City",EQUITY TRACK ACCOUNTING DEPT,1286,90,1574 JERROLD AVE,,-$202.42,"$1,005.50","$1,103.57",H1092-542018,X-5253,N,,0906882
2026-02-24,2026-03-05,"#1017, Hayward",EQUITY TRACK ACCOUNTING DEPT,7917,90,1202 via lucas san lorenzo,,-$40.62,$471.56,$522.25,H1017-436525,"X-5253, X-8087",N,,"1903977,3170171"
2026-02-25,2026-02-25,"#1017, Hayward",EQUITY TRACK ACCOUNTING DEPT,7985,90,1202 via lucas,,-$41.09,$622.67,$689.61,H1017-436559,X-8087,N,,0904037
2026-02-25,2026-02-25,"#1017, Hayward",EQUITY TRACK ACCOUNTING DEPT,8003,90,1202 Via Lucas,,-$67.76,$917.28,"$1,015.84",H1017-436578,X-5253,N,,0904054
2026-02-25,2026-02-25,"#1092, Daly City",EQUITY TRACK ACCOUNTING DEPT,1342,90,1574 Jerrold ave,,-$22.26,$363.68,$399.59,H1092-542076,X-5253,N,,0906937
2026-02-24,2026-02-25,"#0628, San Carlos",EQUITY TRACK ACCOUNTING DEPT,5801,90,Office,,$0.00,$14.96,$16.36,H0628-548484,X-5253,N,,1904766
2026-02-24,2026-02-24,"#1017, Hayward",EQUITY TRACK ACCOUNTING DEPT,7813,90,1202 VIA LUCAS SAN L,,-$78.62,"$2,739.98","$3,034.32",H1017-436443,X-8087,N,,1903885
2026-02-24,2026-02-24,"#1017, Hayward",EQUITY TRACK ACCOUNTING DEPT,7905,90,1202 VIA LUCAS SAN L,,-$26.81,$303.51,$336.01,H1017-436509,X-5253,N,,1903965
2026-02-24,2026-02-24,"#1092, Daly City",EQUITY TRACK ACCOUNTING DEPT,1022,90,1574 Jerrold ave sf- Christian carry out,,-$73.76,"$1,813.55","$1,992.64",H1092-541863,"X-5253, X-8087",N,,1906643
2026-02-24,2026-02-24,"#0628, San Carlos",EQUITY TRACK ACCOUNTING DEPT,5737,90,PPS,,-$36.21,$978.66,"$1,070.41",H0628-548420,X-5253,N,,1904705
2026-02-24,2026-02-24,"#0628, San Carlos",EQUITY TRACK ACCOUNTING DEPT,5743,90,8227 ney ave,,-$0.28,$755.71,$823.94,H0628-548426,"X-5253, X-5253",N,,1904711
2026-02-23,2026-02-23,"#0632, San Mateo",EQUITY TRACK ACCOUNTING DEPT,3109,90,1202 Via Lucas,,-$24.01,$728.26,$798.36,H0632-525205,X-8087,N,,2905095
2026-02-23,2026-02-23,"#1017, Hayward",EQUITY TRACK ACCOUNTING DEPT,7532,90,1202 via lucas,,-$310.21,"$1,314.96","$1,453.66",H1017-436245,X-8087,N,,2903624
2026-02-23,2026-02-23,"#6655, The Home Depot Pro",EQUITY TRACK ACCOUNTING DEPT,4028,90,1574  Jerrold Ave,,-$21.04,$338.11,$371.32,H6655-401920,X-8087,N,,2901454
2026-02-23,2026-02-23,"#1017, Hayward",EQUITY TRACK ACCOUNTING DEPT,7648,90,1202 via lucas,,-$21.81,$579.41,$641.23,H1017-436329,X-8087,N,,2903732
2026-02-20,2026-02-20,"#8119, Home Depot.Com",JUAN DIAZ-1,9812,18,PPS Tools,,-$550.02,"$10,505.39","$11,490.27",,X-5253,N,,5182170
2026-02-21,2026-02-21,"#1017, Hayward",EQUITY TRACK ACCOUNTING DEPT,7105,90,"1202 VIA LUCAS, SAN",,-$82.00,$390.61,$431.94,H1017-436004,X-8087,N,,4903238
2026-02-21,2026-02-21,"#1017, Hayward",EQUITY TRACK ACCOUNTING DEPT,7141,90,1202 Via Lucas,,-$3.00,$62.94,$69.71,H1017-436029,X-8087,N,,4903270
2026-02-21,2026-02-21,"#0632, San Mateo",EQUITY TRACK ACCOUNTING DEPT,2657,90,Peninsula Plumbing,,-$4.38,$94.22,$103.29,H0632-524939,X-8087,N,,4904675
2026-02-21,2026-02-21,"#1092, Daly City",EQUITY TRACK ACCOUNTING DEPT,199,90,1574 Jerrold Ave.,,-$26.10,$279.50,$307.01,H1092-541481,"X-8087, X-8087",N,,4905915
2026-02-20,2026-02-20,"#1092, Daly City",EQUITY TRACK ACCOUNTING DEPT,9964,90,1574 jerrold,,-$2.10,$237.74,$261.22,H1092-541327,X-8087,N,,5905706
2026-02-20,2026-02-20,"#1017, Hayward",EQUITY TRACK ACCOUNTING DEPT,6978,90,1202 VIA LUCAS SAN L,,-$280.13,"$1,789.52","$1,981.89",H1017-435941,X-8087,N,,5903123
2026-02-20,2026-02-21,online,EQUITY TRACK ACCOUNTING DEPT,9812,18,PPS Tools,,-$643.97,"$12,290.49","$13,442.72",WN49484118,X-5253,N,,5182170
2026-02-20,2026-03-05,"#1017, Hayward",EQUITY TRACK ACCOUNTING DEPT,6868,90,1202 Via Lucas,,-$22.40,"$1,329.48","$1,472.40",H1017-435853,"X-8087, X-8087",N,,5903018
2026-02-20,2026-02-20,"#1017, Hayward",EQUITY TRACK ACCOUNTING DEPT,6907,90,1574 JERROLD AVE,,-$35.74,$544.48,$603.01,H1017-435888,X-8087,N,,5903056
2026-02-19,2026-02-19,"#1017, Hayward",EQUITY TRACK ACCOUNTING DEPT,6587,90,1202 VIA LUCAS SAN L,,-$0.91,$276.81,$305.90,H1017-435658,X-8087,N,,6902760
2026-02-19,2026-02-19,"#1017, Hayward",EQUITY TRACK ACCOUNTING DEPT,6629,90,1202 via lucas,,$0.00,$141.83,$157.08,H1017-435687,X-8087,N,,6902798
2026-02-19,2026-03-05,"#6655, The Home Depot Pro",EQUITY TRACK ACCOUNTING DEPT,5435,15,1574 JERROLD AVE SF,,-$3.40,-$64.56,-$70.94,H6655-401448,X-8087,N,,"6154196,6900724,3170172"
2026-02-19,2026-03-05,"#6655, The Home Depot Pro",EQUITY TRACK ACCOUNTING DEPT,3238,90,1574 JERROLD AVE SF,,-$129.12,"$2,145.21","$2,357.05",H6655-401448,"X-8087, X-8087",N,,"6154196,6900724,3170172"
2026-02-19,2026-02-19,"#0628, San Carlos",EQUITY TRACK ACCOUNTING DEPT,4732,90,751 27TH AV SAN MATE,,-$4.55,$60.41,$66.07,H0628-547608,X-8087,N,,6903778
2026-02-19,2026-03-05,"#0628, San Carlos",EQUITY TRACK ACCOUNTING DEPT,4724,90,751 27TH SAN MATEO,,-$92.80,$766.18,$837.43,H0628-547603,"X-8087, X-8087",N,,"6903770,3170172"
2026-02-19,2026-02-19,"#6655, The Home Depot Pro",EQUITY TRACK ACCOUNTING DEPT,3321,90,1574 jerrold ave sf,,-$8.91,$228.21,$250.73,H6655-401509,X-8087,N,,6900805
2026-02-19,2026-02-19,"#0628, San Carlos",EQUITY TRACK ACCOUNTING DEPT,4709,90,OFFICE,,$0.00,$15.12,$16.54,H0628-547589,X-8087,N,,6903757
2026-02-18,2026-02-18,"#0632, San Mateo",EQUITY TRACK ACCOUNTING DEPT,4350,20,751 27TH STREET SAN,,$0.00,-$734.01,-$797.35,,"X-8087, X-4007, X-0475, X-3683, X-2565",N,,
2026-02-18,2026-02-18,"#0632, San Mateo",EQUITY TRACK ACCOUNTING DEPT,4351,20,751 27th ave,,$0.00,-$260.51,-$285.10,,"X-8087, X-2645, X-4007, X-3683, X-2565",N,,
2026-02-18,2026-02-18,"#1092, Daly City",EQUITY TRACK ACCOUNTING DEPT,9276,90,1574 jerrold ave sf,,-$72.60,$994.26,"$1,092.44",H1092-540850,X-8087,N,,7905081
2026-02-18,2026-02-18,"#0628, San Carlos",EQUITY TRACK ACCOUNTING DEPT,4518,90,OFFICE,,$0.00,$20.68,$22.62,H0628-547430,X-8087,N,,7903581
2026-02-18,2026-02-18,"#0628, San Carlos",EQUITY TRACK ACCOUNTING DEPT,4510,90,SAN LORENZO,,$0.00,$70.68,$77.31,H0628-547411,X-8087,N,,7903573
2026-02-18,2026-02-18,"#0632, San Mateo",EQUITY TRACK ACCOUNTING DEPT,4350,20,751 27TH STREET SAN,,-$0.19,-$3.43,-$3.75,H0628-536736,X-3683,N,,7202012
2026-02-18,2026-02-18,"#0632, San Mateo",EQUITY TRACK ACCOUNTING DEPT,1968,90,751 27 ave,,-$31.77,"$1,005.23","$1,100.79",H0632-524382,X-8087,N,,7904041
2026-02-18,2026-02-18,"#0632, San Mateo",EQUITY TRACK ACCOUNTING DEPT,4351,20,255 AMBER DRIVE,,$0.00,-$2.91,-$3.19,H0632-521375,X-2565,N,,7202020
2026-02-18,2026-02-18,"#0632, San Mateo",EQUITY TRACK ACCOUNTING DEPT,4350,20,751 27TH STREET SAN,,-$3.82,-$72.48,-$79.45,H0632-515920,X-8087,N,,
2026-02-18,2026-02-18,"#0632, San Mateo",EQUITY TRACK ACCOUNTING DEPT,4351,20,751 27TH AVE,,$0.00,-$2.53,-$2.78,H0632-515920,X-2565,N,,
2026-02-18,2026-02-18,"#0632, San Mateo",EQUITY TRACK ACCOUNTING DEPT,4352,20,819 S MARY AVE,,-$7.15,-$76.29,-$83.45,H0628-538974,"X-4007, X-8087",N,,
2026-02-18,2026-02-18,"#0632, San Mateo",EQUITY TRACK ACCOUNTING DEPT,4353,20,255 Amber Dr,,$0.00,-$6.48,-$7.09,H0628-535720,X-4007,N,,
2026-02-18,2026-02-18,"#0632, San Mateo",EQUITY TRACK ACCOUNTING DEPT,4350,20,751 27TH STREET SAN,,-$0.77,-$18.04,-$19.94,H0627-788674,X-8087,N,,7202011
2026-02-18,2026-02-18,"#0632, San Mateo",EQUITY TRACK ACCOUNTING DEPT,4352,20,255 AMBER DRIVE,,$0.00,-$10.97,-$12.13,H0627-788674,X-4007,N,,7202021
2026-02-18,2026-02-18,"#0632, San Mateo",EQUITY TRACK ACCOUNTING DEPT,4350,20,751 27TH STREET SAN,,-$0.88,-$45.70,-$49.97,H0628-543330,X-8087,N,,
2026-02-18,2026-02-18,"#0632, San Mateo",EQUITY TRACK ACCOUNTING DEPT,4351,20,751 27TH AVE,,-$0.33,-$55.94,-$61.18,H0628-543330,X-3683,N,,
2026-02-18,2026-02-18,"#0632, San Mateo",EQUITY TRACK ACCOUNTING DEPT,4352,20,819 S MARY AVE,,$0.00,-$16.97,-$18.56,H0628-545962,"X-2645, X-4007, X-5253",N,,
2026-02-18,2026-02-18,"#0632, San Mateo",EQUITY TRACK ACCOUNTING DEPT,4351,20,751 27TH AVE,,$0.00,-$4.48,-$4.95,H1017-424173,X-2565,N,,
2026-02-18,2026-02-18,"#0632, San Mateo",EQUITY TRACK ACCOUNTING DEPT,4352,20,819 S MARY AVE,,-$0.10,-$2.00,-$2.18,H0640-404872,X-4007,N,,
2026-02-18,2026-02-18,"#0632, San Mateo",EQUITY TRACK ACCOUNTING DEPT,4352,20,819 S MARY AVE,,-$0.82,-$12.74,-$13.97,H0632-499412,X-4007,N,,
2026-02-18,2026-02-18,"#0632, San Mateo",EQUITY TRACK ACCOUNTING DEPT,4352,20,819 S MARY AVE,,$0.00,-$7.28,-$8.04,H0627-781203,X-4007,N,,
2026-02-18,2026-02-18,"#0632, San Mateo",EQUITY TRACK ACCOUNTING DEPT,4351,20,751 27TH AVE,,-$1.02,-$7.99,-$8.74,H0628-537527,X-8087,N,,
2026-02-18,2026-02-18,"#0632, San Mateo",EQUITY TRACK ACCOUNTING DEPT,4352,20,819 S MARY AVE,,-$7.20,-$28.78,-$31.48,H0628-522054,X-4007,N,,
2026-02-18,2026-02-18,"#0632, San Mateo",EQUITY TRACK ACCOUNTING DEPT,4350,20,751 27TH STREET SAN,,-$3.50,-$66.47,-$66.47,H0627-788703,X-3683,N,,
2026-02-18,2026-02-18,"#0632, San Mateo",EQUITY TRACK ACCOUNTING DEPT,4352,20,819 S MARY AVE,,-$0.43,-$8.25,-$9.03,H0628-537195,X-4007,N,,
2026-02-18,2026-02-18,"#0632, San Mateo",EQUITY TRACK ACCOUNTING DEPT,4351,20,255 AMBER DRIVE,,-$1.78,-$17.56,-$19.21,H0628-540793,"X-2565, X-2645",N,,7202018
2026-02-18,2026-02-18,"#0632, San Mateo",EQUITY TRACK ACCOUNTING DEPT,4351,20,751 27TH AVE,,-$0.06,-$1.12,-$1.22,H0628-538000,X-2565,N,,
2026-02-18,2026-02-18,"#0632, San Mateo",EQUITY TRACK ACCOUNTING DEPT,4352,20,819 S MARY AVE,,-$0.41,-$6.37,-$6.99,H6616-1427941,X-4007,N,,
2026-02-18,2026-02-18,"#0632, San Mateo",EQUITY TRACK ACCOUNTING DEPT,4350,20,751 27TH STREET SAN,,$0.00,-$17.97,-$19.66,H0628-545823,X-3683,N,,
2026-02-18,2026-02-18,"#0632, San Mateo",EQUITY TRACK ACCOUNTING DEPT,4351,20,255 AMBER DRIVE,,-$0.75,-$14.23,-$15.60,H0632-521152,X-2565,N,,7202020
2026-02-18,2026-02-18,"#0632, San Mateo",EQUITY TRACK ACCOUNTING DEPT,4353,20,255 AMBER DRIVE,,-$1.75,-$23.21,-$25.71,H1017-429088,X-0475,N,,7202026
2026-02-18,2026-02-18,"#0632, San Mateo",EQUITY TRACK ACCOUNTING DEPT,4350,20,751 27TH STREET SAN,,$0.00,-$45.63,-$50.04,H0632-520219,"X-3683, X-4007",N,,
2026-02-18,2026-02-18,"#0632, San Mateo",EQUITY TRACK ACCOUNTING DEPT,4353,20,255 Amber Dr,,$0.00,-$12.88,-$14.11,H0632-520219,X-0475,N,,
2026-02-18,2026-02-18,"#0632, San Mateo",EQUITY TRACK ACCOUNTING DEPT,4350,20,751 27TH STREET SAN,,-$18.36,-$347.48,-$380.06,H0628-547294,"X-8087, X-4007",N,,7202011
2026-02-18,2026-02-18,"#0632, San Mateo",EQUITY TRACK ACCOUNTING DEPT,4351,20,1932   CHESNUT AVE,,-$2.49,-$52.13,-$57.02,H0628-547294,"X-3683, X-8087",N,,7202017
2026-02-18,2026-02-18,"#0632, San Mateo",EQUITY TRACK ACCOUNTING DEPT,4352,20,1932   CHESNUT AVE,,-$1.15,-$21.83,-$23.87,H0628-547294,X-8087,N,,7202021
2026-02-18,2026-02-18,"#0632, San Mateo",EQUITY TRACK ACCOUNTING DEPT,4353,20,1574 Jerold ave,,-$2.31,-$35.97,-$39.52,H1092-540505,X-8087,N,,
2026-02-18,2026-02-18,"#0632, San Mateo",EQUITY TRACK ACCOUNTING DEPT,4351,20,751 27TH AVE,,$0.00,-$80.94,-$88.52,H0628-544894,"X-2565, X-4007, X-8087",N,,
2026-02-18,2026-02-18,"#0632, San Mateo",EQUITY TRACK ACCOUNTING DEPT,4352,20,819 S MARY AVE,,$0.00,-$5.46,-$6.02,H0627-788876,X-4007,N,,
2026-02-18,2026-02-18,"#0632, San Mateo",EQUITY TRACK ACCOUNTING DEPT,4352,20,255 AMBER DRIVE,,$0.00,-$32.91,-$35.99,H0628-541354,X-4007,N,,7202022
2026-02-18,2026-02-18,"#0632, San Mateo",0300EEFCF5CF19737S,4353,20,255 Amber Dr,,$0.00,-$32.98,-$36.20,H0643-485285,X-5253,N,,
2026-02-18,2026-02-18,"#0632, San Mateo",EQUITY TRACK ACCOUNTING DEPT,4351,20,751 27TH AVE,,-$0.47,-$6.21,-$6.87,H0627-788043,X-3683,N,,
2026-02-18,2026-02-18,"#0632, San Mateo",EQUITY TRACK ACCOUNTING DEPT,4352,20,1932   CHESNUT AVE,,-$7.72,-$43.76,-$48.09,H1092-531659,X-4007,N,,7202022
2026-02-18,2026-02-18,"#6655, The Home Depot Pro",EQUITY TRACK ACCOUNTING DEPT,3015,90,1574 Jerrold ave,,-$232.65,"$2,140.20","$2,350.32",H6655-401313,X-8087,N,,7900517
2026-02-18,2026-02-18,"#0632, San Mateo",EQUITY TRACK ACCOUNTING DEPT,4351,20,751 27TH AVE,,$0.00,-$2.68,-$2.93,H0628-536038,X-2565,N,,
2026-02-17,2026-02-17,"#1092, Daly City",EQUITY TRACK ACCOUNTING DEPT,9110,90,1574 Jerold,,-$1.26,$183.18,$201.25,H1092-540771,X-8087,N,,8904930
2026-02-17,2026-02-18,"#0628, San Carlos",EQUITY TRACK ACCOUNTING DEPT,4334,90,751 27th St San Mateo                                                    Hector,,-$102.82,"$2,356.51","$2,577.13",H0628-547294,"X-8087, X-3683, X-8087, X-4007",N,,8903417
2026-02-16,2026-02-16,"#0628, San Carlos",EQUITY TRACK ACCOUNTING DEPT,4054,90,751 27TH AVE SAN MAT,,-$1.60,$201.04,$219.85,H0628-547039,X-8087,N,,9903161
2026-02-16,2026-02-18,"#1092, Daly City",EQUITY TRACK ACCOUNTING DEPT,9791,97,1574 Jerold ave,,-$8.64,$865.11,$950.48,H1092-540505,"X-8087, X-8087",N,,9971222
2026-02-16,2026-02-16,"#0628, San Carlos",EQUITY TRACK ACCOUNTING DEPT,5873,97,PPS,,-$687.45,"$4,172.80","$4,564.03",H0628-547112,X-8087,N,,9973498
2026-02-14,2026-02-18,"#0627, Emeryville",EQUITY TRACK ACCOUNTING DEPT,8858,90,915 52nd st,,-$6.50,$80.86,$89.34,H0627-788876,"X-8087, X-4007",N,,1900513
2026-02-13,2026-02-13,"#0627, Emeryville",EQUITY TRACK ACCOUNTING DEPT,8443,90,915 52nd St,,-$19.09,$249.87,$276.04,H0627-788593,X-8087,N,,2900127
2026-02-13,2026-02-18,"#0627, Emeryville",EQUITY TRACK ACCOUNTING DEPT,8548,90,915 52nd Street,,-$19.62,$321.83,$355.62,H0627-788674,"X-8087, X-4007, X-8087, X-5253",N,,2900227
2026-02-13,2026-02-13,"#0625, San Leandro",EQUITY TRACK ACCOUNTING DEPT,3770,90,751 27th ave,,-$14.85,$365.18,$404.44,H0625-417875,X-8087,N,,2902513
2026-02-13,2026-02-18,"#0627, Emeryville",EQUITY TRACK ACCOUNTING DEPT,8586,90,915 52nd St,,-$7.37,$162.59,$162.59,H0627-788703,"X-8087, X-3683",N,,2900265
2026-02-12,2026-02-13,"#0627, Emeryville",EQUITY TRACK ACCOUNTING DEPT,8253,90,915 52nd,,$0.00,$239.00,$264.10,H0627-788460,X-8087,N,,
2026-02-12,2026-02-12,"#0628, San Carlos",EQUITY TRACK ACCOUNTING DEPT,3345,90,1574 jerrold ave,,-$2.94,$70.16,$76.16,H0628-546445,X-8087,N,,3902525
2026-02-12,2026-02-12,"#0628, San Carlos",EQUITY TRACK ACCOUNTING DEPT,3353,90,pps hactore,,-$9.31,$226.11,$247.31,H0628-546449,X-8087,N,,3902533
2026-02-12,2026-02-12,"#0632, San Mateo",EQUITY TRACK ACCOUNTING DEPT,712,90,715 27th ave,,-$14.01,$328.93,$359.40,H0632-523416,X-8087,N,,3902885
2026-02-11,2026-02-11,"#0627, Emeryville",EQUITY TRACK ACCOUNTING DEPT,7819,90,915 52nd st,,-$190.00,"$1,821.14","$2,011.06",H0627-788155,X-8087,N,,4905637
2026-02-11,2026-02-11,"#0627, Emeryville",EQUITY TRACK ACCOUNTING DEPT,7792,90,915 52nd st,,-$190.00,"$1,758.48","$1,943.12",H0627-788137,X-8087,N,,4905613
2026-02-11,2026-02-18,online,EQUITY TRACK ACCOUNTING DEPT,7651,90,"816 22nd St, Oakland, CA 94607",,-$107.92,$848.06,$933.85,WH23022981,"X-8435, X-1412, X-1415, X-3436, X-2565",N,,
2026-02-11,2026-02-11,"#0628, San Carlos",EQUITY TRACK ACCOUNTING DEPT,3242,90,535 cambridge st,,-$36.35,$689.78,$754.45,H0628-546373,X-8087,N,,4902437
2026-02-11,2026-02-18,"#0627, Emeryville",EQUITY TRACK ACCOUNTING DEPT,7699,90,915 52nd st,,-$30.55,$503.48,$556.33,H0627-788043,"X-8087, X-3683",N,,4905525
2026-02-11,2026-02-11,"#0628, San Carlos",EQUITY TRACK ACCOUNTING DEPT,3109,90,751 27 TH AVE SAN MA,,-$4.17,$292.88,$320.34,H0628-546231,X-8087,N,,4902308
2026-02-10,2026-02-10,"#1092, Daly City",EQUITY TRACK ACCOUNTING DEPT,7056,90,1574 Jerold  ave,,-$5.62,$251.43,$276.09,H1092-539455,X-8087,N,,5903094
2026-02-10,2026-03-05,"#0628, San Carlos",EQUITY TRACK ACCOUNTING DEPT,6725,21,1574 JERROLD AVE SF,,$0.00,-$438.00,-$481.25,H6655-400151,X-8087,N,,"5213493,6904135,3170172"
2026-02-10,2026-02-10,"#0632, San Mateo",EQUITY TRACK ACCOUNTING DEPT,113,90,751 27TH SAN MATEO,,-$12.22,$262.99,$288.30,H0632-522929,"X-8087, X-5253",N,,5902331
2026-02-10,2026-02-10,"#0632, San Mateo",EQUITY TRACK ACCOUNTING DEPT,180,90,751 27TH AVE SAN MAT,,-$2.32,$131.52,$144.18,H0632-522987,X-8087,N,,5902394
2026-02-09,2026-02-18,"#0628, San Carlos",EQUITY TRACK ACCOUNTING DEPT,2775,90,751 27TH SAN MATEO J,,-$30.40,$641.48,$701.62,H0628-545962,"X-8087, X-2645, X-4007, X-5253",N,,6902014
2026-02-09,2026-02-18,"#0628, San Carlos",EQUITY TRACK ACCOUNTING DEPT,2682,90,751 27TH AVE SAN MAT,,-$103.57,$680.27,$742.89,H0628-545823,"X-8087, X-3683",N,,6901928
2026-02-09,2026-02-09,"#6655, The Home Depot Pro",EQUITY TRACK ACCOUNTING DEPT,1265,90,1574 Jerrold Ave SF,,-$85.16,"$1,843.55","$2,024.38",H6655-400128,X-8087,N,,6904100
2026-02-09,2026-03-05,"#6655, The Home Depot Pro",EQUITY TRACK ACCOUNTING DEPT,1302,90,1574 jerrold ave,,-$102.40,"$1,212.80","$1,332.56",H6655-400151,"X-8087, X-8087, X-8087",N,,"5213493,6904135,3170172"
2026-02-09,2026-02-09,"#0628, San Carlos",EQUITY TRACK ACCOUNTING DEPT,6059,17,2352 MINALTO  EAST P,,-$11.40,-$64.48,-$70.53,H0628-545370,X-2565,N,,
2026-02-08,2026-02-08,"#0632, San Mateo",EQUITY TRACK ACCOUNTING DEPT,7249,4,pps,,$0.00,$0.00,$0.00,,0300EEFCF5CF19737S,N,,
2026-02-08,2026-02-08,"#0632, San Mateo",EQUITY TRACK ACCOUNTING DEPT,7250,4,1574 jerrold ave san francisco,,$0.00,$202.91,$222.44,,X-2565,N,,
2026-02-08,2026-02-08,"#0632, San Mateo",EQUITY TRACK ACCOUNTING DEPT,7251,4,751 27th street san mateo,,$0.00,$123.15,$135.00,,X-2565,N,,
2026-02-08,2026-02-08,"#0632, San Mateo",EQUITY TRACK ACCOUNTING DEPT,8429,52,751 27th san mateo,,$0.00,$269.00,$294.89,,X-2565,N,,
2026-02-08,2026-02-08,"#6655, The Home Depot Pro",EQUITY TRACK ACCOUNTING DEPT,1061,90,0,,$0.00,$158.70,$172.33,,,N,,7903913
2026-02-07,2026-02-07,"#6655, The Home Depot Pro",EQUITY TRACK ACCOUNTING DEPT,927,90,1574jerrold,,$0.00,$1.00,$1.00,,X-4007,N,,8903791
2026-02-06,2026-02-07,"#0632, San Mateo",EQUITY TRACK ACCOUNTING DEPT,9316,90,751 27th san mateo,,-$11.98,$771.26,$844.90,H0632-522393,X-2565,N,,
2026-02-07,2026-02-07,"#0639, Colma II",EQUITY TRACK ACCOUNTING DEPT,5900,90,1574 jerrold ave sf,,-$13.63,$347.82,$381.85,H0639-554771,"X-8087, X-4007",N,,8905284
2026-02-07,2026-02-07,"#6655, The Home Depot Pro",EQUITY TRACK ACCOUNTING DEPT,932,90,1574 Jerrold Ave,,-$45.25,$858.37,$943.13,H6655-399947,X-4007,N,,
2026-02-07,2026-02-08,"#1092, Daly City",EQUITY TRACK ACCOUNTING DEPT,6419,90,1574 Jerrold ave,,$0.00,$59.51,$65.39,H1092-539154,X-8087,N,,8902534
2026-02-07,2026-02-07,"#1092, Daly City",EQUITY TRACK ACCOUNTING DEPT,6296,90,1574 Jerrold ave,,-$73.64,$839.49,$920.72,H1092-539069,X-2565,N,,
2026-02-07,2026-02-07,"#1092, Daly City",EQUITY TRACK ACCOUNTING DEPT,6291,90,1574 Jerrold ave,,-$159.20,"$1,652.89","$1,816.11",H1092-539066,X-2645,N,,
2026-02-06,2026-02-06,"#1092, Daly City",EQUITY TRACK ACCOUNTING DEPT,6043,90,1574 jerrod ave sf,,-$10.91,$151.52,$166.36,H1092-538895,X-2565,N,,
2026-02-06,2026-02-06,"#0632, San Mateo",EQUITY TRACK ACCOUNTING DEPT,9208,90,751 27TH AVENUE SAN,,$0.00,$94.34,$103.42,H0632-522293,X-2565,N,,
2026-02-06,2026-02-06,"#0628, San Carlos",EQUITY TRACK ACCOUNTING DEPT,2168,90,1574 JERROLD AVE  JA,,-$52.10,"$1,348.49","$1,473.75",H0628-545434,X-2565,N,,
2026-02-06,2026-02-09,"#0628, San Carlos",EQUITY TRACK ACCOUNTING DEPT,2089,90,2352 MINALTO  EAST P,,-$85.50,$489.78,$535.12,H0628-545370,"X-2565, X-2565",N,,
2026-02-05,2026-03-06,"#6655, The Home Depot Pro",EQUITY TRACK ACCOUNTING DEPT,461,90,1574 jerrold ave,,-$11.01,"$2,194.43","$2,410.84",H6655-399637,"X-2565, X-2565",N,,0903352
2026-02-05,2026-02-05,"#6603, East Palo Alto",EQUITY TRACK ACCOUNTING DEPT,4886,90,2352 menalto,,-$4.74,$173.20,$190.30,H6603-457480,X-2565,N,,
2026-02-05,2026-02-05,"#1092, Daly City",EQUITY TRACK ACCOUNTING DEPT,5849,90,1574 Jerrold ave,,-$35.38,$571.60,$626.81,H1092-538771,X-2645,N,,
2026-02-04,2026-02-05,"#0628, San Carlos",EQUITY TRACK ACCOUNTING DEPT,1730,90,2805 san,,-$1.06,$74.78,$81.79,H0628-545066,X-2565,N,,
2026-02-03,2026-02-04,"#0628, San Carlos",EQUITY TRACK ACCOUNTING DEPT,1496,90,pps hector,,-$20.30,"$1,697.40","$1,856.53",H0628-544809,X-2565,N,,
2026-02-04,2026-02-18,"#0628, San Carlos",EQUITY TRACK ACCOUNTING DEPT,1598,90,751 27TH ST SAN MATE,,$0.00,$857.60,$938.00,H0628-544894,"X-2565, X-4007, X-8087, X-2565",N,,
2026-02-04,2026-02-04,"#0628, San Carlos",EQUITY TRACK ACCOUNTING DEPT,1574,90,7512 27th ave SAN MATEO HECTOR,,$0.00,$897.25,$981.37,H0628-544880,X-2565,N,,
2026-02-03,2026-02-03,"#6655, The Home Depot Pro",EQUITY TRACK ACCOUNTING DEPT,8,90,1574 JERROD AVE SAN,,-$48.83,$847.84,$929.63,H6655-399275,X-2565,N,,
2026-02-03,2026-02-03,"#1092, Daly City",EQUITY TRACK ACCOUNTING DEPT,5182,90,1574 jerrod sf,,-$89.87,$731.93,$804.21,H1092-538314,X-2565,N,,
2026-02-02,2026-02-18,"#0632, San Mateo",EQUITY TRACK ACCOUNTING DEPT,8086,90,751 27th ave,,-$0.35,$390.71,$428.32,H0632-521375,"X-2565, X-2645",N,,3900479
2026-02-02,2026-02-02,"#0628, San Carlos",EQUITY TRACK ACCOUNTING DEPT,1128,90,pps hectore,,-$4.18,$186.74,$204.25,H0628-544510,X-2645,N,,
2026-02-02,2026-02-02,"#6655, The Home Depot Pro",EQUITY TRACK ACCOUNTING DEPT,9818,90,pps,,-$0.74,$13.82,$15.18,H6655-399136,X-2645,N,,
2026-01-31,2026-01-31,"#0628, San Carlos",EQUITY TRACK ACCOUNTING DEPT,860,90,PPS,,-$6.97,$105.07,$114.91,H0628-544335,X-2645,N,,
2026-01-31,2026-02-18,"#0632, San Mateo",EQUITY TRACK ACCOUNTING DEPT,7710,90,751 27th ave,,-$41.15,$377.24,$413.52,H0632-521152,"X-2565, X-8087, X-2645",N,,5900139
2026-01-31,2026-01-31,"#0627, Emeryville",EQUITY TRACK ACCOUNTING DEPT,3897,90,816 22nd St Oakland,,-$1.37,$12.31,$13.60,H0627-785387,X-2645,N,,
2026-01-30,2026-01-30,"#0628, San Carlos",EQUITY TRACK ACCOUNTING DEPT,718,90,pps  hector,,-$8.71,$870.53,$952.14,H0628-544215,X-2645,N,,
2026-01-30,2026-01-31,online,EQUITY TRACK ACCOUNTING DEPT,2614,26,Milwaukee PACKOUT Purchase,,-$26.96,$62.92,$68.82,WN47736249,X-0475,N,,
2026-01-29,2026-01-29,"#0628, San Carlos",EQUITY TRACK ACCOUNTING DEPT,496,90,PPS,,-$9.80,$204.39,$223.55,H0628-543989,X-2645,N,,
2026-01-29,2026-01-29,"#0628, San Carlos",EQUITY TRACK ACCOUNTING DEPT,468,90,pps,,-$42.62,$866.71,$947.96,H0628-543966,X-2645,N,,
2026-01-29,2026-01-29,"#0628, San Carlos",EQUITY TRACK ACCOUNTING DEPT,441,90,PPS,,-$8.97,$819.52,$896.35,H0628-543945,X-2645,N,,
2026-01-29,2026-01-29,"#1092, Daly City",EQUITY TRACK ACCOUNTING DEPT,3745,90,1574 Jerrold ave,,-$75.83,"$1,480.02","$1,626.10",H1092-537454,X-2645,N,,
2026-01-29,2026-01-29,"#0632, San Mateo",EQUITY TRACK ACCOUNTING DEPT,7116,90,751 27th ave,,-$0.88,$70.66,$77.46,H0632-520678,X-0475,N,,
2026-01-29,2026-01-29,"#0632, San Mateo",EQUITY TRACK ACCOUNTING DEPT,7104,90,751 27TH AVE SAN MAT,,-$1.17,$402.29,$439.23,H0632-520666,X-0475,N,,
2026-01-29,2026-01-29,"#0625, San Leandro",EQUITY TRACK ACCOUNTING DEPT,1515,90,751 27th ave,,-$12.30,$246.70,$273.22,H0625-415854,X-0475,N,,
2026-01-28,2026-01-28,"#1092, Daly City",EQUITY TRACK ACCOUNTING DEPT,3445,90,1574 Jerold ave,,-$11.85,$314.77,$345.83,H1092-537270,X-0475,N,,
2026-01-28,2026-01-28,"#6655, The Home Depot Pro",EQUITY TRACK ACCOUNTING DEPT,8808,90,1574 jerrold ave,,-$44.02,$788.10,$865.92,H6655-398485,X-0475,N,,
2026-01-26,2026-01-26,"#0628, San Carlos",EQUITY TRACK ACCOUNTING DEPT,7963,52,pps,,-$219.04,$525.60,$574.88,,X-3683,N,,0520409
2026-01-27,2026-01-27,"#0628, San Carlos",EQUITY TRACK ACCOUNTING DEPT,5271,3,cps,,$0.00,$0.00,$0.00,,0300EEFCF5CF19737S,N,,
2026-01-26,2026-01-26,"#0628, San Carlos",EQUITY TRACK ACCOUNTING DEPT,7963,52,pps,,$0.00,$525.60,$574.88,,X-3683,N,,
2026-01-27,2026-01-27,"#0628, San Carlos",EQUITY TRACK ACCOUNTING DEPT,9972,90,1574 JERROLD AVE  SA,,-$307.36,"$2,617.74","$2,862.70",H0628-543461,X-0475,N,,
2026-01-27,2026-01-27,"#0632, San Mateo",EQUITY TRACK ACCOUNTING DEPT,6557,90,751 27th ave,,$0.00,$493.00,$540.45,H0632-520229,X-0475,N,,
2026-01-27,2026-02-18,"#1017, SAN MATEO , HAYWARD",EQUITY TRACK ACCOUNTING DEPT,6752,22,751 27TH AVE,,-$6.78,-$332.22,-$364.19,H0632-520219,"X-9136, X-0475",N,,
2026-01-27,2026-02-18,"#0632, San Mateo",EQUITY TRACK ACCOUNTING DEPT,6541,90,751 27th Ave,,-$9.11,$600.18,$657.95,H0632-520219,"X-0475, X-0475, X-3683, X-4007",N,,
2026-01-26,2026-02-18,"#0628, San Carlos",EQUITY TRACK ACCOUNTING DEPT,9797,90,751 27 TH AVE,,-$12.86,"$1,290.35","$1,410.74",H0628-543330,"X-3683, X-3683, X-8087",N,,
2026-01-26,2026-01-26,"#0628, San Carlos",EQUITY TRACK ACCOUNTING DEPT,9752,90,1574 JERROLD AVE,,-$18.40,$552.00,$602.96,H0628-543268,X-3683,N,,
2026-01-24,2026-01-24,"#0628, San Carlos",EQUITY TRACK ACCOUNTING DEPT,6799,51,pps,,$0.00,$357.12,$390.58,,X-3683,N,,
2026-01-23,2026-01-23,"#0628, San Carlos",EQUITY TRACK ACCOUNTING DEPT,6753,52,pps,,$0.00,$71.68,$78.40,,X-3683,N,,
2026-01-23,2026-01-23,"#0628, San Carlos",EQUITY TRACK ACCOUNTING DEPT,3095,53,PPS PLUMBING,,$0.00,$84.50,$92.42,,X-3683,N,,
2026-01-23,2026-01-23,"#0628, San Carlos",EQUITY TRACK ACCOUNTING DEPT,4469,21,915 52nd Oakland,,-$2.36,-$19.52,-$21.57,H0627-782911,X-4007,N,,
2026-01-23,2026-02-18,"#0628, San Carlos",EQUITY TRACK ACCOUNTING DEPT,4469,21,819 S MARY AVE,,-$3.30,-$62.69,-$69.27,H0627-781203,X-4007,N,,
2026-01-23,2026-01-23,"#0628, San Carlos",EQUITY TRACK ACCOUNTING DEPT,4469,21,915 52nd Oakland,,$0.00,-$54.97,-$60.75,H0627-781709,"X-3683, X-4007",N,,
2026-01-23,2026-01-23,"#0628, San Carlos",EQUITY TRACK ACCOUNTING DEPT,5538,97,1574 JERROLD AVE SAN,,-$14.57,$436.97,$477.23,H0628-542807,X-3683,N,,
2026-01-22,2026-01-23,"#0627, Emeryville",EQUITY TRACK ACCOUNTING DEPT,818,90,915 52nd St,,-$9.80,$221.74,$245.02,H0627-783253,X-3683,N,,
2026-01-21,2026-01-22,"#0627, Emeryville",EQUITY TRACK ACCOUNTING DEPT,456,90,915 52nd St,,-$38.57,$365.10,$403.17,H0627-782965,X-3683,N,,
2026-01-22,2026-01-22,"#0627, Emeryville",EQUITY TRACK ACCOUNTING DEPT,2669,24,915 52ND OAKLAND,,-$8.89,-$118.11,-$130.51,H0627-781669,X-4007,N,,4240934
2026-01-22,2026-02-18,"#0627, Emeryville",EQUITY TRACK ACCOUNTING DEPT,2669,24,819 S MARY AVE,,-$0.35,-$64.87,-$71.68,H0627-781203,X-4007,N,,
2026-01-22,2026-01-22,"#6655, The Home Depot Pro",EQUITY TRACK ACCOUNTING DEPT,3092,97,1574 Jerrold Ave SF,,-$3.96,$379.48,$416.87,H6655-397727,X-3683,N,,
2026-01-22,2026-01-22,"#0627, Emeryville",EQUITY TRACK ACCOUNTING DEPT,2669,24,52nd st,,-$0.40,-$6.28,-$6.95,H0627-782600,X-4007,N,,
2026-01-22,2026-01-23,"#0627, Emeryville",EQUITY TRACK ACCOUNTING DEPT,2669,24,915 52nd Oakland,,-$2.34,-$30.48,-$33.68,H0627-781709,X-3683,N,,
2026-01-22,2026-01-22,"#0627, Emeryville",EQUITY TRACK ACCOUNTING DEPT,2669,24,91552nd Street Oakla,,-$10.50,-$183.19,-$202.43,H0627-782276,X-3683,N,,
2026-01-22,2026-01-22,"#0627, Emeryville",EQUITY TRACK ACCOUNTING DEPT,726,90,915 52nd St,,-$2.58,$64.64,$71.43,H0627-783185,X-3683,N,,
2026-01-22,2026-01-22,"#0627, Emeryville",EQUITY TRACK ACCOUNTING DEPT,2669,24,915 52nd Street Oakl,,-$4.57,-$166.94,-$184.47,H0627-782386,"X-3683, X-4007",N,,
2026-01-21,2026-01-23,"#0627, Emeryville",EQUITY TRACK ACCOUNTING DEPT,391,90,915 52nd St,,-$3.15,$143.25,$158.29,H0627-782911,"X-3683, X-4007",N,,
2026-01-20,2026-01-22,"#0627, Emeryville",EQUITY TRACK ACCOUNTING DEPT,9993,90,52nd st,,-$22.77,$548.13,$604.08,H0627-782600,"X-3683, X-4007",N,,
2026-01-21,2026-01-21,"#0627, Emeryville",EQUITY TRACK ACCOUNTING DEPT,201,90,915 52nd St,,-$1.04,$18.96,$20.95,H0627-782732,X-3683,N,,
2026-01-21,2026-01-21,"#0627, Emeryville",EQUITY TRACK ACCOUNTING DEPT,174,90,915 52nd St,,-$2.70,$109.36,$120.84,H0627-782701,X-3683,N,,
2026-01-20,2026-01-20,"#0628, San Carlos",EQUITY TRACK ACCOUNTING DEPT,8425,90,1574 JERROLD AV SAN,,$0.00,$165.18,$179.51,H0628-542167,X-3683,N,,
2026-01-20,2026-01-20,"#0627, Emeryville",EQUITY TRACK ACCOUNTING DEPT,9798,90,915 52ND STREET OAKL,,-$3.84,$153.70,$169.71,H0627-782436,X-3683,N,,
2026-01-20,2026-01-20,"#1007, Oakland",EQUITY TRACK ACCOUNTING DEPT,4498,90,915 52ND OAKLAND,,-$2.16,$69.78,$77.28,H1007-578510,X-3683,N,,
2026-01-19,2026-01-22,"#0627, Emeryville",EQUITY TRACK ACCOUNTING DEPT,9569,90,91552nd Street Oakland,,-$53.68,"$1,242.55","$1,372.82",H0627-782276,"X-3683, X-3683",N,,
2026-01-20,2026-01-22,"#0627, Emeryville",EQUITY TRACK ACCOUNTING DEPT,9738,90,915 52ND STREET OAKL,,-$43.49,$918.23,"$1,014.42",H0627-782386,"X-3683, X-3683, X-4007",N,,
2026-01-19,2026-01-19,"#0628, San Carlos",EQUITY TRACK ACCOUNTING DEPT,8256,90,1574 JERROLD AV SAN,,-$63.10,$817.39,$894.02,H0628-542023,X-2645,N,,
2026-01-19,2026-01-19,"#0627, Emeryville",EQUITY TRACK ACCOUNTING DEPT,9384,90,915 52nd St,,-$123.63,$526.33,$580.95,H0627-782136,X-2645,N,,
2026-01-19,2026-01-19,"#0627, Emeryville",EQUITY TRACK ACCOUNTING DEPT,9525,90,915 52nd Oakland,,$0.00,$89.97,$99.42,H0627-782242,X-2645,N,,
2026-01-19,2026-01-19,"#6655, The Home Depot Pro",EQUITY TRACK ACCOUNTING DEPT,6987,90,1574  Jerrold Ave SF,,$0.00,$759.62,$834.63,H6655-397269,X-2645,N,,
2026-01-17,2026-01-17,"#0628, San Carlos",EQUITY TRACK ACCOUNTING DEPT,8938,28,925 52nd street,,$0.00,$0.00,$0.00,,0300EEFCF5CF19737S,N,,
2026-01-17,2026-01-17,"#0628, San Carlos",EQUITY TRACK ACCOUNTING DEPT,8949,28,RUDY,,$0.00,"$1,263.90","$1,382.39",,X-4007,N,,
2026-01-16,2026-01-23,"#0627, Emeryville",EQUITY TRACK ACCOUNTING DEPT,8643,90,915 52nd St Oakland,,-$23.54,$492.89,$544.64,H0627-781709,"X-4007, X-3683, X-3683, X-4007",N,,
2026-01-16,2026-01-16,"#0627, Emeryville",EQUITY TRACK ACCOUNTING DEPT,2721,21,751 27th ave san,,-$1.98,-$97.02,-$106.35,H0632-517601,X-4007,N,,
2026-01-16,2026-01-16,"#0627, Emeryville",EQUITY TRACK ACCOUNTING DEPT,8429,90,915 52nd St,,-$45.60,$210.41,$231.85,H0627-781547,X-4007,N,,
2026-01-16,2026-01-22,"#0627, Emeryville",EQUITY TRACK ACCOUNTING DEPT,8595,90,915 52nd Street Oakland,,-$51.28,$755.76,$834.71,H0627-781669,"X-4007, X-4007",N,,0907159
2026-01-16,2026-02-18,"#0627, Emeryville",EQUITY TRACK ACCOUNTING DEPT,4070,19,819 S MARY AVE,,-$16.50,-$313.45,-$346.37,H0627-781203,X-4007,N,,
2026-01-16,2026-01-16,"#0627, Emeryville",EQUITY TRACK ACCOUNTING DEPT,2721,21,915 52nd st,,-$7.14,-$111.86,-$123.61,H0627-781355,X-4007,N,,
2026-01-16,2026-01-16,"#0627, Emeryville",EQUITY TRACK ACCOUNTING DEPT,4070,19,915 52nd st,,-$7.80,-$42.60,-$47.07,H0627-781355,X-4007,N,,
2026-01-15,2026-01-16,"#0627, Emeryville",EQUITY TRACK ACCOUNTING DEPT,8149,90,915 52nd st,,-$64.27,$731.20,$807.98,H0627-781355,"X-4007, X-4007",N,,
2026-01-16,2026-01-16,"#0627, Emeryville",EQUITY TRACK ACCOUNTING DEPT,8356,90,915 52ND STREET OAKL,,-$6.71,$322.89,$356.79,H0627-781499,X-4007,N,,
2026-01-15,2026-02-18,"#0627, Emeryville",EQUITY TRACK ACCOUNTING DEPT,7950,90,915 52nd Oakland,,-$78.75,"$1,414.89","$1,562.16",H0627-781203,"X-4007, X-4007, X-4007",N,,
2026-01-15,2026-01-15,"#0627, Emeryville",EQUITY TRACK ACCOUNTING DEPT,8085,90,915 52nd St,,-$46.58,$565.27,$624.62,H0627-781321,X-4007,N,,
2026-01-14,2026-02-18,"#0628, San Carlos",EQUITY TRACK ACCOUNTING DEPT,7350,90,27TH AVE SAN MATEO,,-$30.08,"$1,570.98","$1,718.26",H0628-541354,"X-5253, X-4007, X-4007",N,,2903552
2026-01-13,2026-01-16,"#0632, San Mateo",EQUITY TRACK ACCOUNTING DEPT,2876,90,751 27TH AVE SAN MAT,,-$27.79,$966.52,"$1,059.55",H0632-517601,"X-4007, X-4007",N,,
2026-01-13,2026-01-14,"#0627, Emeryville",EQUITY TRACK ACCOUNTING DEPT,6975,90,915 52nd St Oakland,,-$248.47,"$1,346.30","$1,487.01",H0627-780467,X-4007,N,,
2026-01-12,2026-01-13,"#0628, San Carlos",EQUITY TRACK ACCOUNTING DEPT,6829,90,237 edgehill dr   evaristo,,-$2.43,$150.75,$164.88,H0628-540908,X-4007,N,,
2026-01-13,2026-01-14,"#0628, San Carlos",EQUITY TRACK ACCOUNTING DEPT,6909,90,pps hectore,,-$2.80,$191.18,$209.10,H0628-540957,X-4007,N,,
2026-01-12,2026-01-12,"#0628, San Carlos",EQUITY TRACK ACCOUNTING DEPT,4312,22,751 27TH SAN MAT,,$0.00,-$376.00,-$416.42,H1017-429785,X-4007,N,,
2026-01-12,2026-01-12,"#0628, San Carlos",EQUITY TRACK ACCOUNTING DEPT,6797,90,PENENSULA PALMBING S,,-$9.78,$714.15,$781.10,H0628-540867,X-4007,N,,
2026-01-12,2026-01-12,"#0628, San Carlos",EQUITY TRACK ACCOUNTING DEPT,6752,90,751 27TH SAN MATEO,,-$8.04,$152.64,$166.95,H0628-540828,X-4007,N,,
2026-01-12,2026-01-12,"#0628, San Carlos",EQUITY TRACK ACCOUNTING DEPT,4312,22,751 27TH SAN MAT,,$0.00,-$348.80,-$381.50,H0628-539826,X-0475,N,,
2026-01-12,2026-02-18,"#0628, San Carlos",EQUITY TRACK ACCOUNTING DEPT,6708,90,751 27 TH SAN MATEO,,-$14.46,$226.72,$247.91,H0628-540793,"X-2565, X-4007, X-8087, X-2645",N,,4902979
2026-01-12,2026-01-12,"#0628, San Carlos",EQUITY TRACK ACCOUNTING DEPT,4312,22,751 27TH SAN MAT,,$0.00,-$115.00,-$126.22,H6616-1448092,X-2645,N,,
2026-01-12,2026-01-12,"#0627, Emeryville",EQUITY TRACK ACCOUNTING DEPT,6499,90,951 52ND AVE,,-$3.50,$176.87,$193.49,H0627-780144,X-4007,N,,
2026-01-10,2026-01-11,"#0628, San Carlos",EQUITY TRACK ACCOUNTING DEPT,6490,90,237 Edgehill Dr,,-$0.22,$41.21,$45.07,H0628-540629,X-4007,N,,
2026-01-09,2026-01-12,"#1017, Hayward",EQUITY TRACK ACCOUNTING DEPT,6990,90,17221 via estrella,,$0.00,$493.75,$546.83,H1017-429785,"X-4007, X-4007",N,,
2026-01-10,2026-01-10,"#0628, San Carlos",EQUITY TRACK ACCOUNTING DEPT,6453,90,peninsula plumbing,,-$1.15,$310.83,$339.97,H0628-540595,X-4007,N,,
2026-01-09,2026-01-09,"#6616, Sunset",EQUITY TRACK ACCOUNTING DEPT,646,90,7426 Mulholland Dr,,-$10.90,$129.74,$142.39,H6616-1448605,X-4007,N,,
2026-01-09,2026-01-09,"#0627, Emeryville",EQUITY TRACK ACCOUNTING DEPT,5792,90,915 52ND ST OAKLAND,,-$256.44,"$1,193.19","$1,317.83",H0627-779718,X-4007,N,,
2026-01-08,2026-01-09,"#6616, Sunset",EQUITY TRACK ACCOUNTING DEPT,321,90,7426 mulholland dr,,-$6.98,$122.75,$134.72,H6616-1448319,X-4007,N,,
2026-01-08,2026-01-08,"#0627, Emeryville",EQUITY TRACK ACCOUNTING DEPT,5277,90,915 52ND ST OAKLAND,,-$227.09,"$1,244.35","$1,373.71",H0627-779334,X-2645,N,,
2026-01-07,2026-01-08,"#6616, Sunset",EQUITY TRACK ACCOUNTING DEPT,6244,97,7426 Mulholland Dr,,-$8.44,$186.42,$204.60,H6616-1447663,X-0475,N,,
2026-01-08,2026-01-08,"#6616, Sunset",EQUITY TRACK ACCOUNTING DEPT,91,90,7426 MAULHOLLAND dr,,$0.00,$69.77,$76.57,H6616-1448094,X-2645,N,,
2026-01-08,2026-01-12,"#6616, Sunset",EQUITY TRACK ACCOUNTING DEPT,88,90,7426 MALHOLLAND DR,,-$9.00,$311.80,$342.20,H6616-1448092,"X-2645, X-2645",N,,
2026-01-07,2026-01-08,"#null, SUNSET",EQUITY TRACK ACCOUNTING DEPT,0,0,7426 MULHOLLAND,,-$9.73,$272.25,$298.19,H6616-1447329,X-0475,N,,
2026-01-07,2026-01-08,"#null, HAYWARD",EQUITY TRACK ACCOUNTING DEPT,0,0,1574 Jerrold ave,,$0.00,$30.94,$34.27,H1017-429301,X-0475,N,,
2026-01-06,2026-01-08,"#1017, Hayward",EQUITY TRACK ACCOUNTING DEPT,6245,90,17221 Via Estrella,,-$9.00,$80.47,$89.12,H1017-429260,X-0475,N,,
2026-01-07,2026-01-07,"#1017, Hayward",EQUITY TRACK ACCOUNTING DEPT,3384,22,17221 VIA ESTREL,,-$0.76,-$127.94,-$141.70,H1017-429263,X-0475,N,,"9221993,9221994,9221995"
2026-01-06,2026-01-08,"#1017, Hayward",EQUITY TRACK ACCOUNTING DEPT,6251,90,17221 VIA ESTRELLA,,$0.00,$173.17,$191.79,H1017-429263,X-0475,N,,
2026-01-07,2026-01-07,"#1017, Hayward",EQUITY TRACK ACCOUNTING DEPT,3384,22,17221 VIA ESTREL,,-$0.76,-$22.98,-$25.45,H0635-337537,X-0475,N,,"9221993,9221994,9221995"
2026-01-07,2026-01-08,"#null, SUNSET",EQUITY TRACK ACCOUNTING DEPT,0,0,7426 MULLHOLLAND DR,,$0.00,$381.93,$419.17,H6616-1447380,X-0475,N,,
2026-01-07,2026-01-07,"#1017, Hayward",EQUITY TRACK ACCOUNTING DEPT,3384,22,17221 VIA ESTREL,,-$0.76,-$59.97,-$66.42,H1017-427600,X-0475,N,,"9221993,9221994,9221995"
2026-01-07,2026-01-07,"#1017, Hayward",EQUITY TRACK ACCOUNTING DEPT,3384,22,17221 VIA ESTREL,,-$0.76,-$5.90,-$6.53,H1017-429085,X-0475,N,,"9221993,9221994,9221995"
2026-01-07,2026-01-07,"#1017, Hayward",EQUITY TRACK ACCOUNTING DEPT,3384,22,17221 VIA ESTREL,,-$3.61,-$37.78,-$41.85,H1017-429211,X-0475,N,,"9221993,9221994,9221995"
2026-01-07,2026-01-08,"#0628, San Carlos",EQUITY TRACK ACCOUNTING DEPT,5705,90,1574 JERROLD AVE SF,,$0.00,$68.92,$75.38,H0628-539970,X-0475,N,,
2026-01-06,2026-01-06,"#0640, Kifer Rd",EQUITY TRACK ACCOUNTING DEPT,7907,5,pps,,$0.00,$112.71,$122.43,,X-3683,N,,
2026-01-06,2026-01-08,"#1092, Daly City",EQUITY TRACK ACCOUNTING DEPT,7013,90,1574 jERROLD AVE,,$0.00,$152.42,$165.64,H1092-533207,X-0475,N,,
2026-01-06,2026-01-12,"#0628, San Carlos",EQUITY TRACK ACCOUNTING DEPT,5529,90,751 27TH SAN MATEO,,-$4.44,$702.89,$766.04,H0628-539826,"X-0475, X-0475",N,,
2026-01-05,2026-01-08,"#0635, Union City",EQUITY TRACK ACCOUNTING DEPT,8808,90,17221 Via Estrella,,$0.00,$45.96,$50.90,H0635-337537,"X-2645, X-0475",N,,
2026-01-06,2026-01-08,"#null, HAYWARD",EQUITY TRACK ACCOUNTING DEPT,0,0,17221 Via Estrella,,$0.00,$86.71,$96.03,H1017-429136,X-0475,N,,
2026-01-06,2026-01-08,"#1017, Hayward",EQUITY TRACK ACCOUNTING DEPT,9371,21,17221 VIA ESTREL,,$0.00,-$45.23,-$50.09,H1017-429085,X-0475,N,,
2026-01-05,2026-01-08,"#1017, Hayward",EQUITY TRACK ACCOUNTING DEPT,6014,90,17221 VIA ESTREL,,$0.00,$577.04,$639.07,H1017-429085,X-0475,N,,
2026-01-05,2026-02-18,"#1017, Hayward",EQUITY TRACK ACCOUNTING DEPT,6016,90,751 27th san mateo,,-$26.42,$420.73,$465.96,H1017-429088,"X-0475, X-0475",N,,1904361
2026-01-06,2026-01-08,"#1017, Hayward",EQUITY TRACK ACCOUNTING DEPT,6183,90,17221 via estrella,,-$4.37,$107.96,$119.57,H1017-429211,"X-0475, X-0475",N,,
2026-01-06,2026-01-08,"#null, HAYWARD",EQUITY TRACK ACCOUNTING DEPT,0,0,17221 Via Estrella,,$0.00,$45.23,$50.09,H1017-429234,X-0475,N,,
2026-01-04,2026-01-04,"#0632, San Mateo",EQUITY TRACK ACCOUNTING DEPT,9483,51,751 27th san mateo,,$0.00,"$2,526.37","$2,768.77",,X-3683,N,,
2026-01-02,2026-02-18,"#0632, San Mateo",EQUITY TRACK ACCOUNTING DEPT,348,90,751 27TH AVE SAN MAT,,-$31.86,$871.43,$954.71,H0632-515920,"X-4007, X-2565, X-8087",N,,
2025-12-31,2025-12-31,"#1017, Hayward",EQUITY TRACK ACCOUNTING DEPT,7762,52,pps,,$0.00,$183.95,$203.72,,X-3683,N,,
2025-12-30,2026-02-18,"#0628, San Carlos",EQUITY TRACK ACCOUNTING DEPT,4315,90,751 27T AVE SAN MATE,,-$44.01,$871.56,$953.27,H0628-538974,"X-4007, X-4007, X-8087",N,,
2025-12-30,2025-12-30,"#0628, San Carlos",EQUITY TRACK ACCOUNTING DEPT,4312,90,751 27TH AVE SAN MAT,,$0.00,$225.16,$246.18,H0628-538971,X-4007,N,,
2025-12-29,2025-12-29,"#0628, San Carlos",EQUITY TRACK ACCOUNTING DEPT,6290,52,pps,,$0.00,$390.29,$426.88,,X-3683,N,,
2025-12-29,2025-12-29,"#1017, Hayward",EQUITY TRACK ACCOUNTING DEPT,3137,54,pps,,$0.00,$296.10,$327.93,,X-3683,N,,
2025-12-29,2025-12-29,"#0628, San Carlos",EQUITY TRACK ACCOUNTING DEPT,3996,90,751 27TH AVE SAN MAT,,-$82.89,"$1,673.12","$1,829.01",H0628-538712,X-4007,N,,
2025-12-29,2025-12-29,"#0635, Union City",EQUITY TRACK ACCOUNTING DEPT,8039,90,1521 Alcaza ave,,-$34.88,$678.12,$751.02,H0635-336871,X-4007,N,,
2025-12-26,2025-12-26,"#0628, San Carlos",EQUITY TRACK ACCOUNTING DEPT,59,80,peninsula plumbing,,$0.00,$0.00,$0.00,,0300EEFCF5CF19737S,N,,
2025-12-27,2025-12-27,"#0628, San Carlos",EQUITY TRACK ACCOUNTING DEPT,3708,90,PENINSULAPLUMBING,,-$45.48,"$1,122.26","$1,227.47",H0628-538564,X-4007,N,,
2025-12-27,2025-12-27,"#null, SAN CARLOS",EQUITY TRACK ACCOUNTING DEPT,0,0,,,-$51.10,-$288.40,-$315.44,H0628-538464,X-2645,N,,
2025-12-26,2025-12-26,"#0628, San Carlos",EQUITY TRACK ACCOUNTING DEPT,2240,22,170 GLEEN WAY,,$0.00,-$623.83,-$682.30,,"X-0475, X-3683",N,,
2025-12-26,2025-12-26,"#0628, San Carlos",EQUITY TRACK ACCOUNTING DEPT,2241,22,PENINSULA PLUMBI,,$0.00,-$187.56,-$205.51,,"X-0475, X-3683",N,,
2025-12-26,2025-12-26,"#0628, San Carlos",EQUITY TRACK ACCOUNTING DEPT,2241,22,PENINSULA PLUMBI,,-$20.61,-$75.30,-$82.74,H6603-451566,X-0475,N,,
2025-12-26,2025-12-26,"#0628, San Carlos",EQUITY TRACK ACCOUNTING DEPT,3471,90,100 PALM AVE  RUNNER,,$0.00,$20.44,$22.36,H0628-538433,X-2645,N,,
2025-12-26,2026-01-02,"#0628, San Carlos",EQUITY TRACK ACCOUNTING DEPT,3507,90,751 27TH SAN MATEO,,-$119.80,"$1,044.71","$1,141.91",H0628-538464,X-2645,N,,
2025-12-26,2025-12-26,"#0628, San Carlos",EQUITY TRACK ACCOUNTING DEPT,2241,22,PENINSULA PLUMBI,,-$18.54,-$56.37,-$61.65,H0628-537835,X-0475,N,,
2025-12-26,2025-12-26,"#0628, San Carlos",EQUITY TRACK ACCOUNTING DEPT,2240,22,170 GLEEN WAY,,-$91.12,-$154.76,-$169.26,H0628-537722,X-0475,N,,
2025-12-26,2025-12-26,"#0628, San Carlos",EQUITY TRACK ACCOUNTING DEPT,2240,22,170 GLEEN WAY,,-$36.49,-$145.48,-$159.12,H0628-537710,X-0475,N,,
2025-12-24,2025-12-24,"#0628, San Carlos",EQUITY TRACK ACCOUNTING DEPT,4997,52,170 gleen way pps,,$0.00,$859.56,$940.14,,X-3683,N,,
2025-12-23,2026-02-18,"#1092, Daly City",EQUITY TRACK ACCOUNTING DEPT,3566,90,519 Orizaba,,-$36.95,"$1,454.35","$1,597.97",H1092-531659,"X-4007, X-5004, X-5253, X-8087, X-4007",N,,4901148
2025-12-23,2025-12-23,"#1017, Hayward",EQUITY TRACK ACCOUNTING DEPT,3081,90,17221 Via estrella,,-$0.60,$107.09,$118.60,H1017-427686,X-4007,N,,
2025-12-23,2025-12-23,"#0628, San Carlos",EQUITY TRACK ACCOUNTING DEPT,3012,90,751 27TH AVE,,-$0.73,$880.02,$962.49,H0628-538190,X-4007,N,,
2025-12-22,2025-12-24,online,EQUITY TRACK ACCOUNTING DEPT,7855,15,Peninsula Plumbing,,-$71.35,"$1,355.65","$1,482.74",WH19077556,X-0475,N,,
2025-12-23,2025-12-23,"#0628, San Carlos",EQUITY TRACK ACCOUNTING DEPT,3112,90,751 27TH AVE SAN MAT,,-$8.89,$128.05,$140.05,H0628-538252,X-4007,N,,
2025-12-23,2025-12-23,"#6603, East Palo Alto",EQUITY TRACK ACCOUNTING DEPT,7718,90,939 RUNNYMEDE ST EPA,,-$1.00,$36.07,$39.63,H6603-451955,X-0475,N,,
2025-12-21,2025-12-21,"#0628, San Carlos",EQUITY TRACK ACCOUNTING DEPT,4097,52,peninsula plumbing,,-$80.68,"$1,538.29","$1,682.24",,X-3683,N,,6523134
2025-12-21,2025-12-21,"#0628, San Carlos",EQUITY TRACK ACCOUNTING DEPT,4097,52,peninsula plumbing,,$0.00,"$1,538.29","$1,682.24",,X-3683,N,,
2025-12-22,2025-12-22,"#0628, San Carlos",EQUITY TRACK ACCOUNTING DEPT,2808,90,751 27TH SAN MATEO,,-$0.98,$15.90,$17.39,H0628-538027,X-4007,N,,
2025-12-22,2026-01-08,"#1017, Hayward",EQUITY TRACK ACCOUNTING DEPT,2910,90,17221 Via estrella,,$0.00,$84.94,$94.07,H1017-427600,"X-4007, X-2645, X-4007",N,,
2025-12-22,2026-02-18,"#0628, San Carlos",EQUITY TRACK ACCOUNTING DEPT,2787,90,751 27 TH SAN MATEO,,-$19.44,$526.45,$575.80,H0628-538000,"X-4007, X-2565",N,,
2025-12-22,2025-12-22,"#1007, Oakland",EQUITY TRACK ACCOUNTING DEPT,7028,90,17221 estrella,,$0.00,$79.97,$88.57,H1007-573712,X-4007,N,,
2025-12-21,2025-12-21,"#0628, San Carlos",EQUITY TRACK ACCOUNTING DEPT,812,3,PENNISULA PLUMBING,,$0.00,"$1,794.74","$1,962.71",,X-3683,N,,
2025-12-20,2025-12-26,"#6603, East Palo Alto",EQUITY TRACK ACCOUNTING DEPT,7143,90,peninsula plumbing solutions,,-$150.47,$550.98,$605.39,H6603-451566,"X-0475, X-0475",N,,
2025-12-20,2025-12-26,"#0628, San Carlos",EQUITY TRACK ACCOUNTING DEPT,2514,90,PENINSULA PLUMBING S,,-$150.04,$456.66,$499.47,H0628-537835,"X-0475, X-0475",N,,
2025-12-20,2025-12-20,"#0628, San Carlos",EQUITY TRACK ACCOUNTING DEPT,2416,90,751 san mateo,,-$36.70,$652.41,$713.14,H0628-537746,X-0475,N,,
2025-12-19,2025-12-26,"#0628, San Carlos",EQUITY TRACK ACCOUNTING DEPT,2345,90,Peninsula Plumbing Van,,-$150.01,$468.62,$512.55,H0628-537722,"X-0475, X-0475",N,,
2025-12-19,2025-12-20,"#0628, San Carlos",EQUITY TRACK ACCOUNTING DEPT,2366,90,Peninsula Plumbing Solution                                                    Luis,,-$125.51,"$3,944.62","$4,314.43",H0628-537730,"X-4007, X-5253",N,,8904607
2025-12-20,2025-12-20,"#0628, San Carlos",EQUITY TRACK ACCOUNTING DEPT,2457,90,PENISULA PLUMBIMS SO,,-$548.05,"$2,058.95","$2,251.98",H0628-537780,X-0475,N,,
2025-12-20,2025-12-20,"#0628, San Carlos",EQUITY TRACK ACCOUNTING DEPT,2444,90,751 san mateo   alejandro,,-$102.03,$934.95,"$1,022.00",H0628-537773,"X-8087, X-4007",N,,7904672
2025-12-19,2025-12-19,"#0628, San Carlos",EQUITY TRACK ACCOUNTING DEPT,850,51,170 peninsula plombing,,$0.00,$420.64,$460.08,,X-3683,N,,
2025-12-19,2025-12-19,"#0628, San Carlos",EQUITY TRACK ACCOUNTING DEPT,2232,90,2905 WOODSIDE RD,,-$0.57,$66.16,$72.35,H0628-537618,X-4007,N,,
2025-12-19,2025-12-19,"#0628, San Carlos",EQUITY TRACK ACCOUNTING DEPT,2290,90,2905 WOODSIDE RD,,$0.00,$28.07,$30.70,H0628-537672,X-0475,N,,
2025-12-18,2025-12-19,"#0632, San Mateo",EQUITY TRACK ACCOUNTING DEPT,7140,90,427 w 25th ave,,-$1.34,$21.04,$23.07,H0632-514239,X-0475,N,,
2025-12-19,2025-12-19,"#1017, Hayward",EQUITY TRACK ACCOUNTING DEPT,2214,90,17221 via estrella,,-$14.38,$153.48,$169.98,H1017-427283,X-4007,N,,
2025-12-19,2025-12-19,"#1017, Hayward",EQUITY TRACK ACCOUNTING DEPT,2239,90,17221 Via Estrella,,-$2.82,$38.56,$42.71,H1017-427299,X-4007,N,,
2025-12-19,2025-12-19,"#1017, Hayward",EQUITY TRACK ACCOUNTING DEPT,2277,90,17221 via estrella,,-$13.48,$228.51,$253.07,H1017-427331,X-4007,N,,
2025-12-19,2025-12-19,"#1017, Hayward",EQUITY TRACK ACCOUNTING DEPT,2319,90,17721 VIA ESTRELLA,,$0.00,$46.56,$51.57,H1017-427362,X-4007,N,,
2025-12-19,2025-12-26,"#0628, San Carlos",EQUITY TRACK ACCOUNTING DEPT,2336,90,PENINSULA PLUMBING V,,-$150.01,$702.27,$768.11,H0628-537710,"X-0475, X-0475",N,,
2025-12-18,2025-12-18,"#0628, San Carlos",EQUITY TRACK ACCOUNTING DEPT,2781,52,REDWOOD,,$0.00,$38.39,$41.99,,X-4007,N,,
2025-12-18,2025-12-18,"#0628, San Carlos",EQUITY TRACK ACCOUNTING DEPT,9407,54,BELMONT,,$0.00,$243.16,$265.96,,X-4007,N,,
2025-12-18,2026-02-18,"#0628, San Carlos",EQUITY TRACK ACCOUNTING DEPT,2090,90,751 27th ave,,-$7.43,$415.02,$453.35,H0628-537527,"X-4007, X-8087",N,,
2025-12-18,2025-12-18,"#1092, Daly City",EQUITY TRACK ACCOUNTING DEPT,2104,90,345 Connecticut,,-$20.45,$268.45,$294.96,H1092-530822,X-0475,N,,
2025-12-17,2025-12-17,"#0628, San Carlos",EQUITY TRACK ACCOUNTING DEPT,7235,55,SAN FRANCISCO,,$0.00,$81.28,$88.89,,X-4007,N,,
2025-12-17,2025-12-17,"#6603, East Palo Alto",EQUITY TRACK ACCOUNTING DEPT,6608,90,Peninsula Plumbing,,-$4.06,$64.94,$71.35,H6603-451166,X-4007,N,,
2025-12-17,2026-02-18,"#0628, San Carlos",EQUITY TRACK ACCOUNTING DEPT,1662,90,751 27 ave san mateo,,-$1.67,$161.27,$176.39,H0628-537195,"X-4007, X-4007",N,,
2025-12-17,2025-12-17,"#0628, San Carlos",EQUITY TRACK ACCOUNTING DEPT,1785,90,PLUMBING SOLUTION,,-$10.95,$178.19,$194.90,H0628-537310,X-4007,N,,
2025-12-17,2025-12-17,"#0628, San Carlos",EQUITY TRACK ACCOUNTING DEPT,1794,90,PLUMBING SOLUTION  2,,$0.00,$20.62,$22.55,H0628-537317,X-4007,N,,
2025-12-17,2025-12-17,"#6604, San Ramon",EQUITY TRACK ACCOUNTING DEPT,664,90,2905 Woodside Rd,,-$2.50,$246.42,$270.45,H6604-523485,X-4007,N,,
2025-12-16,2025-12-16,"#0628, San Carlos",EQUITY TRACK ACCOUNTING DEPT,1369,90,JUAN DIAZ,,$0.00,$341.08,$371.32,H0628-536920,X-0475,N,,
2025-12-16,2025-12-16,"#0628, San Carlos",EQUITY TRACK ACCOUNTING DEPT,1399,90,PENINSULA PLUMBING,,-$9.22,$119.24,$130.42,H0628-536959,X-0475,N,,
2025-12-16,2025-12-16,"#1092, Daly City",EQUITY TRACK ACCOUNTING DEPT,1459,90,519 Orizaba,,-$5.40,$147.92,$162.53,H1092-530373,X-4007,N,,
2025-12-16,2025-12-16,"#0628, San Carlos",EQUITY TRACK ACCOUNTING DEPT,5009,97,PENINSULA PLUMBING,,-$41.79,$555.21,$607.23,H0628-537041,X-4007,N,,
2025-12-16,2025-12-16,"#0628, San Carlos",EQUITY TRACK ACCOUNTING DEPT,1430,90,751  27TH AVE SAN MA,,-$1.38,$56.01,$61.26,H0628-537001,X-4007,N,,
2025-12-15,2025-12-15,"#0639, Colma II",EQUITY TRACK ACCOUNTING DEPT,83,53,PENINSULA PLUMBING,,$0.00,$536.00,$588.59,,X-3683,N,,
2025-12-15,2025-12-18,online,EQUITY TRACK ACCOUNTING DEPT,0,0,Peninsula Plumbing,,$0.00,$0.00,-$0.00,WK11369371,X-0475,N,,
2025-12-15,2026-02-18,"#0628, San Carlos",EQUITY TRACK ACCOUNTING DEPT,1148,90,751 27th Ave San Mateo                                                     Cristian,,-$5.14,$336.64,$368.20,H0628-536736,"X-4007, X-3683",N,,2903511
2025-12-15,2025-12-16,online,EQUITY TRACK ACCOUNTING DEPT,8559,90,"7426 Mulholland Dr Los Angeles, CA 90046",,-$704.97,"$1,317.01","$1,445.42",WK11363662,X-4007,N,,
2025-12-14,2025-12-14,"#0628, San Carlos",EQUITY TRACK ACCOUNTING DEPT,294,53,peninsula plumbin,,$0.00,$113.94,$124.34,,X-3683,N,,
2025-12-13,2025-12-13,"#1017, Hayward",EQUITY TRACK ACCOUNTING DEPT,7622,24,17221 VIA ESTREL,,-$2.63,-$49.81,-$55.16,H1017-426240,X-4007,N,,
2025-12-13,2025-12-13,"#1017, Hayward",EQUITY TRACK ACCOUNTING DEPT,7622,24,17221 VIA ESTREL,,-$0.50,-$9.46,-$10.49,H1017-426339,X-4007,N,,
2025-12-13,2026-03-10,"#1017, Hayward",EQUITY TRACK ACCOUNTING DEPT,7622,24,17221 VIA ESTREL,,-$0.50,-$9.46,-$10.49,H1017-426339,X-4007,N,,"4905284,4241080"
2025-12-13,2026-03-10,"#1017, Hayward",EQUITY TRACK ACCOUNTING DEPT,767,90,17221 VIA ESTRELLA,,-$14.75,"$1,031.79","$1,142.71",H1017-426339,"X-4007, X-4007",N,,"4905284,4241080"
2025-12-13,2025-12-13,"#1017, Hayward",EQUITY TRACK ACCOUNTING DEPT,7622,24,17221 VIA ESTREL,,-$0.12,-$2.29,-$2.54,H1017-426351,X-4007,N,,
2025-12-13,2025-12-13,"#1017, Hayward",EQUITY TRACK ACCOUNTING DEPT,789,90,17221 VIA ESTRELLA,,-$1.01,$19.25,$21.32,H1017-426351,"X-4007, X-4007",N,,
2025-12-13,2025-12-13,"#1017, Hayward",EQUITY TRACK ACCOUNTING DEPT,832,90,17221 Via Estrella,,-$0.70,$110.18,$122.02,H1017-426376,X-4007,N,,
2025-12-12,2025-12-12,"#0628, San Carlos",EQUITY TRACK ACCOUNTING DEPT,356,81,pps plumbing,,$0.00,$213.79,$233.83,,X-3683,N,,
2025-12-12,2025-12-12,"#0632, San Mateo",EQUITY TRACK ACCOUNTING DEPT,6921,52,pps plumbing,,$0.00,$307.87,$337.17,,X-3683,N,,
2025-12-12,2025-12-13,"#1017, Hayward",EQUITY TRACK ACCOUNTING DEPT,582,90,17221 VIA ESTRELLA,,-$15.77,$809.11,$895.42,H1017-426240,"X-4007, X-4007",N,,
2025-12-12,2025-12-12,"#1017, Hayward",EQUITY TRACK ACCOUNTING DEPT,641,90,17221 via estrella,,-$1.74,$32.85,$36.38,H1017-426294,X-4007,N,,
2025-12-12,2025-12-12,"#6603, East Palo Alto",EQUITY TRACK ACCOUNTING DEPT,5631,90,751 27th san mateo,,-$3.90,$160.05,$175.83,H6603-450352,X-4007,N,,
2025-12-11,2025-12-11,"#6616, Sunset",EQUITY TRACK ACCOUNTING DEPT,6872,90,7426 mullholland  dr,,-$2.58,$35.44,$38.90,H6616-1436703,X-4007,N,,
2025-12-11,2025-12-11,"#0632, San Mateo",EQUITY TRACK ACCOUNTING DEPT,5144,90,177 GLENN WAY SAN CA,,-$5.28,$109.64,$120.19,H0632-512991,X-4007,N,,
2025-12-11,2025-12-11,"#0628, San Carlos",EQUITY TRACK ACCOUNTING DEPT,449,90,7512= 27TH AVE SAN M,,-$15.84,$538.53,$589.02,H0628-536277,X-4007,N,,
2025-12-10,2025-12-10,"#0628, San Carlos",EQUITY TRACK ACCOUNTING DEPT,8927,53,170 gleen wann,,$0.00,$399.00,$436.41,,X-3683,N,,
2025-12-10,2025-12-10,"#0632, San Mateo",EQUITY TRACK ACCOUNTING DEPT,6105,52,170 GLEEN WAY PLUMBING,,$0.00,$608.73,$667.32,,X-3683,N,,
2025-12-09,2025-12-10,"#6616, Sunset",EQUITY TRACK ACCOUNTING DEPT,5837,90,7426 Mulholland,,-$2.70,$83.24,$91.36,H6616-1435737,X-4007,N,,
2025-12-10,2025-12-10,"#6616, Sunset",EQUITY TRACK ACCOUNTING DEPT,6404,90,7426 MULHOLLAND AVE,,-$5.00,$71.78,$78.18,H6616-1436274,X-4007,N,,
2025-12-10,2025-12-10,"#0628, San Carlos",EQUITY TRACK ACCOUNTING DEPT,42,90,751 27TH AVE SM  HRI,,$0.00,$71.48,$78.18,H0628-535932,X-4007,N,,
2025-12-10,2025-12-10,"#6603, East Palo Alto",EQUITY TRACK ACCOUNTING DEPT,5349,90,170 Glenn way,,-$0.90,$16.98,$18.66,H6603-450123,X-4007,N,,
2025-12-09,2025-12-10,"#6616, Sunset",EQUITY TRACK ACCOUNTING DEPT,6765,34,7426 mulholland,,-$10.56,-$77.42,-$84.97,H6616-1428861,X-4007,N,,
2025-12-09,2025-12-10,"#6616, Sunset",EQUITY TRACK ACCOUNTING DEPT,6765,34,7426 mulholland,,-$28.05,-$77.42,-$84.97,H6616-1428861,X-4007,N,,8343754
2025-12-10,2026-02-18,"#0628, San Carlos",EQUITY TRACK ACCOUNTING DEPT,141,90,1721 VIA ESTRELLA SA,,$0.00,$170.54,$186.53,H0628-536038,"X-4007, X-2565",N,,
2025-12-10,2025-12-10,"#0628, San Carlos",EQUITY TRACK ACCOUNTING DEPT,142,90,177 GLENN  WAY SAN C,,-$1.54,$49.91,$54.54,H0628-536039,X-4007,N,,
2025-12-09,2026-02-18,"#0628, San Carlos",EQUITY TRACK ACCOUNTING DEPT,9768,90,751 27 TH AVE SAN MA,,-$15.25,"$1,061.18","$1,160.59",H0628-535720,"X-4007, X-4007",N,,
2025-12-09,2025-12-13,online,EQUITY TRACK ACCOUNTING DEPT,5761,90,"7426 Mulholland Dr Los Angeles, CA 90046",,-$931.94,"$1,413.04","$1,550.81",WH17863021,X-4007,N,,
2025-12-09,2025-12-09,"#6603, East Palo Alto",EQUITY TRACK ACCOUNTING DEPT,5094,90,177 GLENN WAY SAN CA,,-$18.89,$314.22,$345.25,H6603-449921,X-4007,N,,
2025-12-08,2025-12-08,"#6616, Sunset",EQUITY TRACK ACCOUNTING DEPT,4681,38, ,,$0.00,$0.00,$0.00,,0300EEFCF5CF19737S,N,,
2025-12-08,2025-12-08,"#6616, Sunset",EQUITY TRACK ACCOUNTING DEPT,4682,38,170 GLENN WAY,,-$4.34,-$42.25,-$46.38,H6616-1424218,X-4007,N,,
2025-12-08,2025-12-08,"#6616, Sunset",EQUITY TRACK ACCOUNTING DEPT,4682,38,170 GLENN WAY,,-$0.26,-$4.57,-$5.03,H6603-447067,X-4007,N,,
2025-12-08,2025-12-08,"#6616, Sunset",EQUITY TRACK ACCOUNTING DEPT,4682,38,170 GLENN WAY,,-$0.71,-$16.71,-$18.33,H6616-1424644,X-4007,N,,
2025-12-08,2025-12-08,"#6616, Sunset",EQUITY TRACK ACCOUNTING DEPT,4682,38,170 GLENN WAY,,-$2.80,-$28.55,-$31.33,H6616-1425647,"X-2645, X-4007",N,,
2025-12-08,2025-12-08,"#6616, Sunset",EQUITY TRACK ACCOUNTING DEPT,4992,90,7426 Mulholland Dr,,-$19.19,$89.13,$96.62,H6616-1434961,X-4007,N,,
2025-12-08,2025-12-08,"#6616, Sunset",EQUITY TRACK ACCOUNTING DEPT,4682,38,819 S MARY AVE,,$0.00,-$12.93,-$14.19,H6616-1427941,"X-0475, X-8087",N,,
2025-12-08,2026-02-18,"#6616, Sunset",EQUITY TRACK ACCOUNTING DEPT,4682,38,819 S MARY AVE,,$0.00,-$12.93,-$14.19,H6616-1427941,"X-0475, X-8087",N,,
2025-12-08,2025-12-08,"#6616, Sunset",EQUITY TRACK ACCOUNTING DEPT,4682,38,170 GLENN WAY,,-$6.16,-$55.36,-$60.75,H6616-1432093,"X-0475, X-2645",N,,
2025-12-08,2025-12-08,"#0628, San Carlos",EQUITY TRACK ACCOUNTING DEPT,9625,90,751 27TH AVE SAN MAT,,$0.00,$58.81,$64.28,H0628-535623,X-4007,N,,
2025-12-08,2025-12-08,"#6616, Sunset",EQUITY TRACK ACCOUNTING DEPT,4682,38,170 GLENN WAY,,-$0.15,-$2.83,-$3.10,H0628-532606,X-4007,N,,
2025-12-08,2025-12-08,"#6616, Sunset",EQUITY TRACK ACCOUNTING DEPT,4682,38,170 GLENN WAY,,$0.00,-$5.77,-$6.34,H1379-414968,X-0475,N,,
2025-12-08,2025-12-08,"#0628, San Carlos",EQUITY TRACK ACCOUNTING DEPT,9555,90,751 27 TH AVE SAN MA,,-$4.36,$148.58,$162.43,H0628-535550,X-4007,N,,
2025-12-08,2025-12-08,"#6616, Sunset",EQUITY TRACK ACCOUNTING DEPT,4682,38,170 GLENN WAY,,-$0.26,-$2.31,-$2.56,H1017-420409,X-4007,N,,
2025-12-08,2025-12-08,"#6616, Sunset",EQUITY TRACK ACCOUNTING DEPT,4682,38,170 GLENN WAY,,-$1.31,-$11.73,-$12.89,H6655-383093,X-0475,N,,
2025-12-08,2025-12-08,"#6616, Sunset",EQUITY TRACK ACCOUNTING DEPT,4682,38,170 GLENN WAY,,-$0.51,-$4.55,-$5.00,H6616-1428020,X-8087,N,,
2025-12-05,2025-12-05,"#0628, San Carlos",EQUITY TRACK ACCOUNTING DEPT,7305,53,170 glenway,,-$1.08,$130.21,$142.42,,X-0475,N,,2534934
2025-12-05,2025-12-05,"#0628, San Carlos",EQUITY TRACK ACCOUNTING DEPT,7305,53,170 glenway,,$0.00,$130.21,$142.42,,X-0475,N,,
2025-12-06,2025-12-06,"#0628, San Carlos",EQUITY TRACK ACCOUNTING DEPT,9178,90,940 SLDAH0 ST LADH S,,-$44.22,$777.40,$850.28,H0628-535343,X-0475,N,,
2025-12-06,2025-12-06,online,EQUITY TRACK ACCOUNTING DEPT,8740,21,17221 Via Estrel,,$0.00,-$526.95,-$576.35,WN42044530,X-0475,N,,1214391
2025-12-05,2025-12-05,"#0628, San Carlos",EQUITY TRACK ACCOUNTING DEPT,4868,2,170 gleen way pulmbing,,$0.00,$603.33,$659.89,,X-0475,N,,
2025-12-05,2025-12-05,"#6616, Sunset",EQUITY TRACK ACCOUNTING DEPT,3234,90,7426 Mulhalland Dr,,-$41.00,$332.44,$364.85,H6616-1433592,X-4007,N,,
2025-12-05,2025-12-05,"#0628, San Carlos",EQUITY TRACK ACCOUNTING DEPT,8996,90,75127 san mateo,,$0.00,$172.77,$188.39,H0628-535242,X-4007,N,,
2025-12-05,2025-12-05,online,EQUITY TRACK ACCOUNTING DEPT,9704,22,17221 Via Estrel,,$0.00,-$232.00,-$253.75,WN42044530,X-0475,N,,"2224165,2224166"
2025-12-04,2025-12-05,"#6616, Sunset",EQUITY TRACK ACCOUNTING DEPT,3075,90,7426 mulholland,,-$18.42,$237.90,$261.10,H6616-1433467,X-4007,N,,
2025-12-05,2025-12-05,"#0632, San Mateo",EQUITY TRACK ACCOUNTING DEPT,3493,90,170 GLENWAY PENINSUL,,-$20.35,$362.44,$397.30,H0632-511898,X-4007,N,,
2025-12-03,2025-12-03,"#0628, San Carlos",EQUITY TRACK ACCOUNTING DEPT,6655,53,170 gleen way,,-$159.90,$618.85,$676.87,,X-0475,N,,4534589
2025-12-03,2025-12-03,"#0628, San Carlos",EQUITY TRACK ACCOUNTING DEPT,6307,20,140 gleen way,,$0.00,-$527.90,-$578.70,,X-0475,N,,
2025-12-04,2025-12-04,"#0628, San Carlos",EQUITY TRACK ACCOUNTING DEPT,8726,90,170 GLENN WAY,,-$1.89,$45.48,$49.74,H0628-535047,X-4007,N,,
2025-12-04,2025-12-04,"#0628, San Carlos",EQUITY TRACK ACCOUNTING DEPT,8767,90,170 glen way,,-$6.90,$139.92,$153.04,H0628-535074,X-4007,N,,
2025-12-04,2025-12-04,"#0632, San Mateo",EQUITY TRACK ACCOUNTING DEPT,3248,90,751 27TH AVE SAN MAT,,-$41.00,$399.92,$438.38,H0632-511741,X-4007,N,,
2025-12-03,2025-12-03,"#0632, San Mateo",EQUITY TRACK ACCOUNTING DEPT,3905,54,140 gleen way,,$0.00,$544.40,$596.80,,X-0475,N,,
2025-12-03,2025-12-03,"#0628, San Carlos",EQUITY TRACK ACCOUNTING DEPT,8255,90,751 27TH AVE SAN MAT,,-$20.99,$382.30,$417.23,H0628-534711,X-0475,N,,
2025-12-01,2025-12-01,"#0628, San Carlos",EQUITY TRACK ACCOUNTING DEPT,3115,54,170 gleen,,-$9.26,$131.52,$143.85,,X-0475,N,,6544330
2025-12-01,2025-12-01,"#0632, San Mateo",EQUITY TRACK ACCOUNTING DEPT,2601,52,pps,,-$145.00,$387.94,$425.28,,X-0475,N,,6525020
2025-12-01,2025-12-01,"#0628, San Carlos",EQUITY TRACK ACCOUNTING DEPT,3115,54,170 gleen,,$0.00,$131.52,$143.85,,X-0475,N,,
2025-12-01,2025-12-01,"#0628, San Carlos",EQUITY TRACK ACCOUNTING DEPT,3051,80,170GLEN WAY,,$0.00,$47.70,$51.89,,X-0475,N,,
2025-12-01,2025-12-01,"#0632, San Mateo",EQUITY TRACK ACCOUNTING DEPT,2601,52,pps,,$0.00,$387.94,$425.28,,X-0475,N,,
2025-12-02,2025-12-02,"#0628, San Carlos",EQUITY TRACK ACCOUNTING DEPT,8033,90,170 glenway,,-$8.99,$224.45,$245.37,H0628-534580,X-1511,N,,5900706
2025-12-02,2025-12-03,online,EQUITY TRACK ACCOUNTING DEPT,4074,60,Peninsula,,$0.00,$349.00,$381.72,WK10015747,X-0475,N,,
2025-12-02,2025-12-08,"#6616, Sunset",EQUITY TRACK ACCOUNTING DEPT,1291,90,7426 Mulholland Dr,,-$167.07,"$1,391.68","$1,524.73",H6616-1432093,"X-0475, X-0475, X-2645",N,,
2025-12-01,2025-12-02,online,EQUITY TRACK ACCOUNTING DEPT,7775,90,"17221 Via Estrella, San Lorenzo, CA 94580",,-$307.06,"$1,993.73","$2,180.64",WN42044530,X-0475,N,,
2025-12-01,2025-12-01,"#0628, San Carlos",EQUITY TRACK ACCOUNTING DEPT,7717,90,VAN,,-$26.63,$443.68,$485.15,H0628-534363,X-4007,N,,
2025-11-29,2025-11-30,"#1017, Hayward",EQUITY TRACK ACCOUNTING DEPT,6950,90,17221 via estrella,,-$21.60,$253.25,$280.47,H1017-424230,X-4007,N,,
2025-11-28,2025-11-29,"#6603, East Palo Alto",EQUITY TRACK ACCOUNTING DEPT,2975,90,2352 menalto,,$0.00,$29.85,$32.80,H6603-448338,X-4007,N,,
2025-11-29,2025-11-29,"#1017, Hayward",EQUITY TRACK ACCOUNTING DEPT,6863,90,17221 VIA ESTRELLA,,$0.00,$66.85,$74.04,H1017-424178,X-4007,N,,
2025-11-29,2026-02-18,"#1017, Hayward",EQUITY TRACK ACCOUNTING DEPT,6854,90,17221 Via Estrella,,-$3.02,$53.21,$58.93,H1017-424173,"X-4007, X-2565",N,,
2025-11-28,2025-11-28,"#0627, Emeryville",EQUITY TRACK ACCOUNTING DEPT,584,90,404 ridge gate rd,,$0.00,$212.92,$235.28,H0627-770292,X-4007,N,,
2025-11-28,2025-11-28,"#6603, East Palo Alto",EQUITY TRACK ACCOUNTING DEPT,2910,90,2352 menalto ave,,-$19.51,$289.69,$318.30,H6603-448278,X-4007,N,,9904275
2025-11-28,2025-11-28,"#6603, East Palo Alto",EQUITY TRACK ACCOUNTING DEPT,2926,90,2352 menalto ave,,-$4.10,$50.89,$55.90,H6603-448292,X-4007,N,,
2025-11-26,2025-11-26,"#0634, Concord",EQUITY TRACK ACCOUNTING DEPT,8572,90,404 ridge gate rd,,-$11.29,$57.12,$62.69,H0634-724697,X-4007,N,,
2025-11-26,2025-11-26,"#6603, East Palo Alto",EQUITY TRACK ACCOUNTING DEPT,2627,90,2352 menalto ave,,-$4.35,$101.87,$111.93,H6603-448062,X-4007,N,,
2025-11-26,2025-11-26,"#1017, Hayward",EQUITY TRACK ACCOUNTING DEPT,6096,90,17221 VIA ST,,-$5.34,$73.05,$80.90,H1017-423869,X-4007,N,,
2025-11-25,2025-11-25,"#6603, East Palo Alto",EQUITY TRACK ACCOUNTING DEPT,2450,90,2352 menalto ave,,-$2.09,$88.32,$97.03,H6603-447925,X-4007,N,,
2025-11-25,2025-12-10,"#6616, Sunset",EQUITY TRACK ACCOUNTING DEPT,6951,90,7426 mulholland dr,,-$38.61,$602.44,$661.18,H6616-1428861,"X-4007, X-4007",N,,
2025-11-23,2025-11-23,"#6616, Sunset",EQUITY TRACK ACCOUNTING DEPT,8276,8,7426 MULHOLLAND DR,,-$6.68,$81.30,$89.23,,X-2645,N,,4087753
2025-11-23,2025-11-23,"#6616, Sunset",EQUITY TRACK ACCOUNTING DEPT,8276,8,7426 MULHOLLAND DR,,$0.00,$81.30,$89.23,,X-2645,N,,
2025-11-24,2025-11-24,"#6603, East Palo Alto",EQUITY TRACK ACCOUNTING DEPT,2161,90,2352 Menalto Ave,,-$64.23,$846.98,$930.62,H6603-447644,X-4007,N,,
2025-11-23,2025-12-08,"#6616, Sunset",EQUITY TRACK ACCOUNTING DEPT,5971,90,2426  Mulholland,,-$94.91,$933.47,"$1,024.48",H6616-1428020,"X-2645, X-8087",N,,
2025-11-23,2026-02-18,"#6616, Sunset",EQUITY TRACK ACCOUNTING DEPT,5862,90,7426 Mulholland Dr,,-$37.30,$669.61,$733.69,H6616-1427941,"X-2645, X-0475, X-4007, X-8087",N,,
2025-11-22,2025-11-22,"#6616, Sunset",EQUITY TRACK ACCOUNTING DEPT,5617,90,7426 Mulholland Dr,,-$45.78,$499.46,$548.16,H6616-1427764,X-4007,N,,
2025-11-22,2025-11-22,"#6603, East Palo Alto",EQUITY TRACK ACCOUNTING DEPT,1908,90,2352 Menalto Ave,,-$8.45,$175.52,$192.85,H6603-447461,X-4007,N,,
2025-11-21,2025-11-21,"#6603, East Palo Alto",EQUITY TRACK ACCOUNTING DEPT,2686,20,2352 menajto  pa,,$0.00,-$8.48,-$9.32,,X-0475,N,,6202175
2025-11-21,2025-11-21,"#6603, East Palo Alto",EQUITY TRACK ACCOUNTING DEPT,8322,51,2352 menajto  palo alto,,$0.00,$47.21,$51.87,,X-0475,N,,
2025-11-21,2025-11-21,"#6616, Sunset",EQUITY TRACK ACCOUNTING DEPT,4913,90,7426 mullholland dr,,-$23.84,$470.95,$516.64,H6616-1427231,X-4007,N,,
2025-11-21,2025-11-21,"#6603, East Palo Alto",EQUITY TRACK ACCOUNTING DEPT,1739,90,2352 menalto,,-$9.02,$79.22,$87.04,H6603-447323,X-4007,N,,
2025-11-21,2025-11-21,"#0628, San Carlos",EQUITY TRACK ACCOUNTING DEPT,5509,90,2352 MENALTO AVE,,-$51.62,$387.91,$424.26,H0628-532873,X-4007,N,,
2025-11-20,2025-12-08,"#6603, East Palo Alto",EQUITY TRACK ACCOUNTING DEPT,5169,18,170 GLENN WAY,,$0.00,-$14.73,-$16.17,H6603-447067,X-4007,N,,
2025-11-19,2025-11-20,"#6616, Sunset",EQUITY TRACK ACCOUNTING DEPT,1457,27,7426 Mulholland,,-$17.03,-$7.97,-$8.75,H6616-1426376,X-4007,N,,8270500
2025-11-19,2025-11-20,"#6616, Sunset",EQUITY TRACK ACCOUNTING DEPT,3983,90,7426 Mulholland Dr,,-$17.03,"$1,218.78","$1,335.05",H6616-1426376,X-4007,N,,
2025-11-20,2025-11-20,"#6603, East Palo Alto",EQUITY TRACK ACCOUNTING DEPT,1556,90,2352 menalto ave,,-$9.30,$253.01,$277.99,H6603-447188,X-4007,N,,
2025-11-20,2026-04-16,"#6603, East Palo Alto",EQUITY TRACK ACCOUNTING DEPT,5169,18,1574 JERROLD AVE SF,,-$7.10,-$63.82,-$70.13,H6603-446291,X-4007,N,,7182904
2025-11-20,2025-11-20,"#6616, Sunset",EQUITY TRACK ACCOUNTING DEPT,4526,90,7426 mulhollad dr,,-$112.95,$557.96,$611.16,H6616-1426911,X-4007,N,,
2025-11-20,2025-11-20,"#6603, East Palo Alto",EQUITY TRACK ACCOUNTING DEPT,1598,90,2352 menalto ave,,-$6.88,$109.12,$119.90,H6603-447227,X-4007,N,,
2025-11-20,2025-12-08,"#0628, San Carlos",EQUITY TRACK ACCOUNTING DEPT,5209,90,170 GLENN WAY,,-$2.77,$190.95,$208.85,H0628-532606,"X-4007, X-4007",N,,
2025-11-19,2025-12-08,"#6603, East Palo Alto",EQUITY TRACK ACCOUNTING DEPT,1407,90,2352 Menalto Ave,,-$40.83,$585.58,$643.11,H6603-447067,"X-4007, X-4007, X-4007",N,,
2025-11-19,2025-11-19,"#0627, Emeryville",EQUITY TRACK ACCOUNTING DEPT,7600,90,404 Ridge Gate Rd,,-$19.02,$327.27,$361.43,H0627-768257,X-4007,N,,
2025-11-19,2025-11-19,"#6616, Sunset",EQUITY TRACK ACCOUNTING DEPT,3897,90,7426 MULHOLLAND DR,,-$152.45,$691.78,$756.82,H6616-1426297,X-4007,N,,
2025-11-18,2025-12-08,"#6616, Sunset",EQUITY TRACK ACCOUNTING DEPT,3180,90,7426 MULHOLLAND DR L,,-$78.55,"$1,054.37","$1,156.87",H6616-1425647,"X-4007, X-2645, X-4007",N,,
2025-11-18,2025-11-18,"#0628, San Carlos",EQUITY TRACK ACCOUNTING DEPT,4752,90,2352 menalto ave,,$0.00,$161.84,$177.01,H0628-532203,X-4007,N,,
2025-11-18,2025-11-20,"#6603, East Palo Alto",EQUITY TRACK ACCOUNTING DEPT,1161,90,2352 Menilto East PA,,-$14.06,$293.28,$322.22,H6603-446807,"X-4007, X-4007",N,,
2025-11-17,2025-11-17,"#6616, Sunset",EQUITY TRACK ACCOUNTING DEPT,2319,90,7426 Mulholland Dr,,-$264.41,"$1,710.71","$1,875.65",H6616-1425041,X-4007,N,,
2025-11-16,2025-12-08,"#6616, Sunset",EQUITY TRACK ACCOUNTING DEPT,1855,90,7426 mullholland dr,,-$127.44,$937.94,"$1,029.36",H6616-1424644,"X-2645, X-4007",N,,
2025-11-15,2025-11-15,"#6616, Sunset",EQUITY TRACK ACCOUNTING DEPT,1565,90,7426 MULHOLLAND DR,,-$77.99,$606.28,$664.13,H6616-1424452,"X-4007, X-8087",N,,2902362
2025-11-14,2025-12-08,"#6616, Sunset",EQUITY TRACK ACCOUNTING DEPT,1307,90,7426 Mulholland Dr,,-$267.07,"$2,454.56","$2,691.37",H6616-1424218,"X-4007, X-4007",N,,
2025-11-14,2025-11-20,"#6603, East Palo Alto",EQUITY TRACK ACCOUNTING DEPT,485,90,2352 menalto ave,,-$239.40,"$1,693.40","$1,860.33",H6603-446291,"X-4007, X-8087, X-4007",N,,3902056
2025-11-14,2025-11-20,"#0628, San Carlos",EQUITY TRACK ACCOUNTING DEPT,3908,90,2352 MENALTO EAST PA,,-$46.00,$413.44,$452.20,H0628-531555,"X-4007, X-4007",N,,
2025-11-13,2025-11-13,"#0628, San Carlos",EQUITY TRACK ACCOUNTING DEPT,5175,3,170 glane way,,$0.00,$94.82,$103.71,,X-0475,N,,
2025-11-13,2025-11-13,"#0628, San Carlos",EQUITY TRACK ACCOUNTING DEPT,3698,90,740 VALEJO MILBRE JA,,-$2.70,$48.73,$53.30,H0628-531377,X-4007,N,,
2025-11-13,2025-11-13,"#0628, San Carlos",EQUITY TRACK ACCOUNTING DEPT,3632,90,751  27TH AVE SAN MA,,-$93.17,"$1,254.56","$1,371.24",H0628-531312,X-4007,N,,
2025-11-12,2025-11-13,"#0628, San Carlos",EQUITY TRACK ACCOUNTING DEPT,3484,90,170 glenn way office,,-$2.85,$54.09,$59.16,H0628-531211,X-4007,N,,
2025-11-12,2025-11-12,"#6616, Sunset",EQUITY TRACK ACCOUNTING DEPT,5073,97,7426 MULHOLLAND,,-$273.01,"-$1,986.00","-$2,179.63",H6616-1422801,X-4007,N,,5974906
2025-11-12,2025-11-12,"#6616, Sunset",EQUITY TRACK ACCOUNTING DEPT,9653,90,"7426 MULHOLLAND DR | , 7426 MULHOLLAND",,-$765.01,"$4,148.38","$4,550.67",H6616-1422801,"X-4007, X-4007",N,,
2025-11-12,2025-11-12,"#6603, East Palo Alto",EQUITY TRACK ACCOUNTING DEPT,69,90,2352 Menalto Av,,-$2.07,$143.64,$157.82,H6603-445970,X-4007,N,,
2025-11-11,2025-11-20,"#6603, East Palo Alto",EQUITY TRACK ACCOUNTING DEPT,9878,90,2352 Menalto Av,,-$57.08,$632.08,$694.50,H6603-445808,"X-4007, X-4007",N,,
2025-11-11,2025-11-11,"#0628, San Carlos",EQUITY TRACK ACCOUNTING DEPT,3175,90,2352 MENALTO AVE,,-$3.24,$94.01,$102.23,H0628-530957,X-4007,N,,
2025-11-11,2025-11-11,"#6603, East Palo Alto",EQUITY TRACK ACCOUNTING DEPT,9965,90,2352 MENALTO AVE EAS,,-$18.51,$176.69,$194.14,H6603-445892,X-4007,N,,
2025-11-10,2025-11-10,"#6603, East Palo Alto",EQUITY TRACK ACCOUNTING DEPT,9755,90,2352 menaho ave,,$0.00,$21.56,$23.69,H6603-445717,X-4007,N,,
2025-11-10,2025-11-10,"#6616, Sunset",EQUITY TRACK ACCOUNTING DEPT,8407,90,7426 MULHOLLAND DR L,,-$402.80,"$2,219.18","$2,434.34",H6616-1421562,X-8087,N,,7909616
2025-11-08,2025-11-08,"#1017, Hayward",EQUITY TRACK ACCOUNTING DEPT,1533,90,17221 Via Estrella,,-$0.75,$9.26,$10.26,H1017-420904,X-8087,N,,9904901
2025-11-08,2025-11-08,"#1017, Hayward",EQUITY TRACK ACCOUNTING DEPT,1576,90,17221 via estrella,,$0.00,$59.14,$64.83,H1017-420935,X-8087,N,,9904940
2025-11-08,2025-11-08,"#1017, Hayward",EQUITY TRACK ACCOUNTING DEPT,2126,22,17221 VIA ESTRELLA,,-$4.35,-$6.49,-$7.19,H1017-420607,X-8087,N,,"9222134,9222135"
2025-11-08,2025-11-08,"#6603, East Palo Alto",EQUITY TRACK ACCOUNTING DEPT,9416,90,2352 Menalto Ave,,-$18.07,$102.80,$112.95,H6603-445423,X-8087,N,,9901095
2025-11-07,2025-11-08,"#6603, East Palo Alto",EQUITY TRACK ACCOUNTING DEPT,9366,90,2352 menalto ave,,-$26.10,$188.47,$207.08,H6603-445401,X-8087,N,,
2025-11-08,2025-11-08,"#1017, Hayward",EQUITY TRACK ACCOUNTING DEPT,2126,22,17221 VIA ESTRELLA,,-$7.35,"-$1,139.05","-$1,261.50",H1017-420770,X-8087,N,,"9222134,9222135"
2025-11-08,2025-11-08,"#1017, Hayward",EQUITY TRACK ACCOUNTING DEPT,2126,22,17221 VIA ESTRELLA,,-$1.30,-$15.79,-$17.49,H1017-420790,X-8087,N,,"9222134,9222135"
2025-11-07,2025-11-08,"#1017, Hayward",EQUITY TRACK ACCOUNTING DEPT,1365,90,17221 via estrella,,-$2.49,$63.47,$70.29,H1017-420790,"X-8087, X-8087",N,,
2025-11-08,2025-11-08,"#1017, Hayward",EQUITY TRACK ACCOUNTING DEPT,2126,22,17221 VIA ESTRELLA,,-$112.05,-$29.10,-$31.98,H1092-518258,X-8087,N,,"9222134,9222135"
2025-11-08,2025-11-08,"#1017, Hayward",EQUITY TRACK ACCOUNTING DEPT,2126,22,17221 VIA ESTRELLA,,-$1.06,-$38.01,-$42.10,H1017-420852,X-8087,N,,"9222134,9222135"
2025-11-08,2025-11-08,"#1017, Hayward",EQUITY TRACK ACCOUNTING DEPT,1463,90,17221 via estrella,,-$3.92,$106.88,$118.37,H1017-420852,"X-8087, X-8087",N,,9904834
2025-11-07,2025-11-07,"#0628, San Carlos",EQUITY TRACK ACCOUNTING DEPT,5449,21,17221 VIA ESTREL,,$0.00,-$273.65,-$302.88,,"X-8087, X-4007, X-5253",N,,
2025-11-07,2025-11-07,"#6603, East Palo Alto",EQUITY TRACK ACCOUNTING DEPT,9286,90,2352 Menalto Ave.,,-$26.72,$219.92,$241.03,H6603-445328,X-8087,N,,0900973
2025-11-06,2025-11-07,"#1017, Hayward",EQUITY TRACK ACCOUNTING DEPT,1116,90,17221 Via Estrella San LOrenzo,,-$4.78,$51.70,$57.26,H1017-420623,X-8087,N,,
2025-11-07,2025-11-07,"#0628, San Carlos",EQUITY TRACK ACCOUNTING DEPT,5448,21,2352 MENALTO AVE,,-$0.25,-$25.85,-$28.27,H0628-528613,X-4007,N,,0212706
2025-11-07,2025-11-07,"#0628, San Carlos",EQUITY TRACK ACCOUNTING DEPT,2342,90,2352 menalto ave,,-$2.70,$70.79,$76.85,H0628-530330,X-8087,N,,0901341
2025-11-07,2025-11-08,"#1017, Hayward",EQUITY TRACK ACCOUNTING DEPT,1336,90,17221 via estrella,,-$67.30,"$1,198.71","$1,327.57",H1017-420770,"X-8087, X-4007, X-8087",N,,0904716
2025-11-07,2025-11-07,"#0628, San Carlos",EQUITY TRACK ACCOUNTING DEPT,5448,21,2352 MENALTO AVE,,-$3.60,-$12.38,-$13.53,H0628-528128,X-4007,N,,0212706
2025-11-07,2025-12-08,"#0628, San Carlos",EQUITY TRACK ACCOUNTING DEPT,5449,21,17221 VIA ESTREL,,$0.00,-$11.78,-$13.05,H1017-420409,X-5253,N,,
2025-11-06,2025-11-08,"#1017, Hayward",EQUITY TRACK ACCOUNTING DEPT,1090,90,17221 via estrella,,-$4.84,$57.97,$64.20,H1017-420607,"X-4007, X-8087",N,,
2025-11-06,2025-11-07,"#1017, Hayward",EQUITY TRACK ACCOUNTING DEPT,1049,90,17221 via estrella,,-$13.01,$269.62,$298.60,H1017-420580,"X-4007, X-4007",N,,
2025-11-06,2025-11-06,"#1017, Hayward",EQUITY TRACK ACCOUNTING DEPT,1052,90,17221 Via Estrella,,-$30.06,$133.32,$147.65,H1017-420586,X-4007,N,,
2025-11-06,2025-11-06,"#1007, Oakland",EQUITY TRACK ACCOUNTING DEPT,3277,90,17221 villa estrella,,-$7.61,$264.59,$293.03,H1007-565550,X-4007,N,,
2025-11-04,2025-11-04,"#0625, San Leandro",DIAZ M JUAN-1,9692,9,17221 VIA ESTRELLA SAN LORENZO,,-$236.01,"$1,715.40","$1,899.78",,X-5253,N,,3092860
2025-11-04,2025-11-04,"#0625, San Leandro",DIAZ M JUAN-1,9692,9,,,-$236.01,"$1,715.40","$1,899.78",,"X-5880, X-5253, X-5253",N,,"3092859,0212708,3092860"
2025-11-05,2025-11-05,"#null, HAYWARD",EQUITY TRACK ACCOUNTING DEPT,0,0,17221 via estrella,,-$70.90,$339.22,$375.69,H1017-420314,X-8087,N,,2904083
2025-11-05,2025-11-07,"#1017, Hayward",EQUITY TRACK ACCOUNTING DEPT,660,90,17221 via estrella,,-$102.44,"$1,553.41","$1,719.07",H1017-420319,"X-8087, X-5253",N,,2904087
2025-11-05,2025-12-08,"#1017, Hayward",EQUITY TRACK ACCOUNTING DEPT,785,90,17221 Via Estrella,,-$16.56,$270.59,$299.68,H1017-420409,"X-8087, X-4007, X-5253",N,,2904205
2025-11-04,2025-11-04,"#1017, Hayward",EQUITY TRACK ACCOUNTING DEPT,364,90,17221 VIAESTRELLA,,-$66.80,$311.50,$344.99,H1017-420143,X-4007,N,,
2025-11-04,2025-11-04,"#1017, Hayward",EQUITY TRACK ACCOUNTING DEPT,395,90,17221 Via Estrella,,-$50.62,$598.35,$662.67,H1017-420161,X-4007,N,,
2025-11-04,2025-11-04,"#1017, Hayward",EQUITY TRACK ACCOUNTING DEPT,537,90,1722 Via Estrella,,-$19.46,$257.03,$284.66,H1017-420256,X-4007,N,,
2025-11-03,2025-11-03,"#1017, Hayward",EQUITY TRACK ACCOUNTING DEPT,115,90,17221 VIA ESTRELLA S,,-$71.16,$476.05,$526.56,H1017-419961,X-5880,N,,4903581
2025-11-03,2025-11-03,"#1017, Hayward",EQUITY TRACK ACCOUNTING DEPT,122,90,17221 VIA ESTRELLA -,,-$148.16,"$2,237.37","$2,476.34",H1017-419963,X-4007,N,,
2025-11-03,2025-11-03,"#1017, Hayward",EQUITY TRACK ACCOUNTING DEPT,225,90,17221 via estrella,,-$63.88,$855.75,$947.74,H1017-420061,X-4007,N,,
2025-11-02,2025-11-05,"#1017, Hayward",EQUITY TRACK ACCOUNTING DEPT,9906,90,17221 VIA ESTRALLA S,,-$172.38,$857.58,$949.77,H1017-419853,X-5880,N,,5903391
2025-11-01,2025-11-05,"#0628, San Carlos",EQUITY TRACK ACCOUNTING DEPT,980,90,170 GLEEN WAY SAN CA,,$0.00,$18.82,$20.58,H0628-529171,X-4007,N,,
2025-11-01,2025-11-05,"#0628, San Carlos",EQUITY TRACK ACCOUNTING DEPT,972,90,170 GLENNWHITE SAN C,,-$10.43,$277.57,$303.59,H0628-529164,X-4007,N,,
2025-11-01,2025-11-05,"#1017, Hayward",EQUITY TRACK ACCOUNTING DEPT,9698,90,"17221 VIA ESTRELLA,",,-$275.50,"$1,492.30","$1,652.06",H1017-419767,X-4007,N,,
2025-11-01,2025-11-05,"#null, HAYWARD",EQUITY TRACK ACCOUNTING DEPT,0,0,17221 VIA ESTRELLA,,-$142.20,$576.45,$638.42,H1017-419810,X-4007,N,,
2025-10-31,2025-10-31,"#6603, East Palo Alto",EQUITY TRACK ACCOUNTING DEPT,8151,90,2352 menalto,,-$12.88,$139.30,$153.02,H6603-444405,X-4007,N,,
2025-10-31,2025-12-08,"#1379, Santa Rosa",EQUITY TRACK ACCOUNTING DEPT,9588,90,709 simpson,,-$1.53,$70.32,$77.35,H1379-414968,"X-4007, X-0475",N,,
2025-10-31,2025-10-31,"#6603, East Palo Alto",EQUITY TRACK ACCOUNTING DEPT,8114,90,2352 Menalto Av  EPA,,-$424.29,"$2,134.86","$2,345.05",H6603-444349,X-4007,N,,
2025-10-30,2025-10-30,"#0628, San Carlos",EQUITY TRACK ACCOUNTING DEPT,486,90,100 PALM AVE    EVAR,,-$10.95,$130.53,$142.77,H0628-528767,X-4007,N,,
2025-10-30,2025-10-30,"#6603, East Palo Alto",EQUITY TRACK ACCOUNTING DEPT,7902,90,2352 menalto ave EPA,,-$298.97,"$1,343.75","$1,475.22",H6603-444176,X-4007,N,,
2025-10-30,2025-10-30,"#0628, San Carlos",EQUITY TRACK ACCOUNTING DEPT,582,90,100 PALM AVE SAN CAR,,$0.00,$145.90,$159.58,H0628-528851,X-4007,N,,
2025-10-30,2025-10-30,"#0628, San Carlos",EQUITY TRACK ACCOUNTING DEPT,612,90,170 GLENN WAY,,-$0.27,$47.28,$51.71,H0628-528886,X-4007,N,,
2025-10-30,2025-10-30,"#0628, San Carlos",EQUITY TRACK ACCOUNTING DEPT,579,90,2352 MENALTO AVE  PA,,-$14.98,$253.20,$276.84,H0628-528849,X-4007,N,,
2025-10-29,2025-10-29,"#1092, Daly City",EQUITY TRACK ACCOUNTING DEPT,5860,90,519 Orizaba,,-$146.90,$688.48,$755.25,H1092-520810,X-4007,N,,
2025-10-29,2025-11-07,"#0628, San Carlos",EQUITY TRACK ACCOUNTING DEPT,295,90,2352 MENALTO AVE PAL,,-$0.25,$141.38,$154.61,H0628-528613,"X-4007, X-4007",N,,
2025-10-28,2025-10-28,"#0628, San Carlos",EQUITY TRACK ACCOUNTING DEPT,5437,17,519 ORIJABA AVE,,-$10.29,-$58.27,-$63.73,H0628-526555,X-4007,N,,
2025-10-28,2025-10-28,"#0627, Emeryville",EQUITY TRACK ACCOUNTING DEPT,9274,90,816 22nd St Oakland,,-$1.28,$11.47,$12.67,H0627-762447,X-4007,N,,
2025-10-28,2025-10-28,"#0628, San Carlos",EQUITY TRACK ACCOUNTING DEPT,100,90,100 PALM AVE SAN CAR,,-$3.92,$128.16,$140.18,H0628-528457,X-4007,N,,
2025-10-27,2025-10-27,"#0628, San Carlos",EQUITY TRACK ACCOUNTING DEPT,5275,17,709 simpson plac,,-$1.56,-$14.04,-$15.45,H1379-412472,X-4007,N,,
2025-10-27,2025-10-27,"#0628, San Carlos",EQUITY TRACK ACCOUNTING DEPT,5275,17,709 simpson plac,,-$0.90,-$8.08,-$8.88,H1379-413787,"X-2645, X-4007",N,,
2025-10-27,2025-10-27,"#0628, San Carlos",EQUITY TRACK ACCOUNTING DEPT,5275,17,709 simpson plac,,$0.00,-$4.97,-$5.46,H1379-411709,X-4007,N,,
2025-10-27,2025-10-27,"#0628, San Carlos",EQUITY TRACK ACCOUNTING DEPT,9841,90,2352 MENALTO AVE EAS,,$0.00,$278.12,$304.18,H0628-528218,X-4007,N,,
2025-10-27,2025-10-27,"#0628, San Carlos",EQUITY TRACK ACCOUNTING DEPT,5275,17,255 AMBER DRIVE,,-$3.26,-$30.92,-$34.03,H1379-413581,X-4007,N,,
2025-10-27,2026-05-22,"#0628, San Carlos",EQUITY TRACK ACCOUNTING DEPT,5275,17,255 AMBER DRIVE,,-$3.26,-$30.92,-$34.03,H1379-413581,X-4007,N,,1173217
2025-10-27,2025-11-07,"#0628, San Carlos",EQUITY TRACK ACCOUNTING DEPT,9762,90,2352 MENALTO  PALO A,,-$3.98,$112.41,$122.36,H0628-528128,"X-4007, X-4007",N,,
2025-10-27,2025-10-27,"#0628, San Carlos",EQUITY TRACK ACCOUNTING DEPT,5275,17,709 simpson plac,,-$2.00,-$17.97,-$19.76,H1379-413211,X-4007,N,,
2025-10-27,2025-10-27,"#0628, San Carlos",EQUITY TRACK ACCOUNTING DEPT,5275,17,709 simpson plac,,-$2.87,-$53.32,-$58.66,H1379-412888,X-4007,N,,
2025-10-25,2025-10-25,"#1379, Santa Rosa",EQUITY TRACK ACCOUNTING DEPT,8467,90,709 Simpson PL,,-$0.76,$13.63,$14.99,H1379-414128,X-4007,N,,
2025-10-23,2025-10-23,"#0632, San Mateo",EQUITY TRACK ACCOUNTING DEPT,1831,51,170 glenway,,$0.00,$196.56,$215.48,,X-0475,N,,
2025-10-24,2025-10-24,"#0641, Rohnert Park",EQUITY TRACK ACCOUNTING DEPT,8483,90,709 Simpson Pl,,-$16.64,$150.27,$164.92,H0641-439525,X-5880,N,,4904100
2025-10-24,2025-10-30,online,EQUITY TRACK ACCOUNTING DEPT,9323,90,"709 Simpson Pl Santa Rosa, CA 95401",,-$501.00,"$1,137.00","$1,243.59",WJ95927690,"X-4007, X-2824",N,,
2025-10-24,2025-10-24,"#1379, Santa Rosa",EQUITY TRACK ACCOUNTING DEPT,8218,90,709 simpson,,-$37.53,$202.11,$221.70,H1379-413955,X-4007,N,,
2025-10-24,2025-10-24,"#1379, Santa Rosa",EQUITY TRACK ACCOUNTING DEPT,8296,90,709 smpson pl,,-$12.65,$369.18,$406.10,H1379-414040,X-4007,N,,
2025-10-23,2025-10-23,"#1379, Santa Rosa",EQUITY TRACK ACCOUNTING DEPT,4887,39,709 simpson plac,,-$16.03,-$212.97,-$234.26,,X-4007,N,,5390114
2025-10-23,2025-10-27,"#1379, Santa Rosa",EQUITY TRACK ACCOUNTING DEPT,8009,90,709 Simpson Place,,-$9.93,$140.03,$154.03,H1379-413787,"X-4007, X-2645, X-4007",N,,
2025-10-23,2025-10-23,"#6655, The Home Depot Pro",EQUITY TRACK ACCOUNTING DEPT,9302,90,519 Orizaba Ave,,-$75.34,$614.54,$675.16,H6655-386454,X-5880,N,,5902232
2025-10-22,2025-10-23,"#0628, San Carlos",EQUITY TRACK ACCOUNTING DEPT,8874,90,100 PALM AVE  SAN CARLOS,,-$4.76,$34.89,$38.16,H0628-527487,X-4007,N,,
2025-10-23,2025-10-23,"#1379, Santa Rosa",EQUITY TRACK ACCOUNTING DEPT,8093,90,709 sipson place,,-$3.48,$102.52,$112.77,H1379-413869,X-4007,N,,
2025-10-23,2025-10-23,"#1092, Daly City",EQUITY TRACK ACCOUNTING DEPT,5604,97,519 Orizaba,,-$5.78,$99.18,$108.36,H1092-519772,X-4007,N,,
2025-10-23,2025-10-23,"#0628, San Carlos",EQUITY TRACK ACCOUNTING DEPT,9097,90,170 glennway,,$0.00,$79.98,$87.48,H0628-527635,X-4007,N,,
2025-10-22,2025-10-22,"#0628, San Carlos",EQUITY TRACK ACCOUNTING DEPT,8818,90,100 palm ave,,-$0.79,$25.95,$28.36,H0628-527416,X-4007,N,,
2025-10-22,2025-10-22,"#0628, San Carlos",EQUITY TRACK ACCOUNTING DEPT,8757,90,100 PALM AVE SAN CAR,,-$2.80,$117.97,$127.86,H0628-527348,X-4007,N,,
2025-10-22,2025-10-27,"#1379, Santa Rosa",EQUITY TRACK ACCOUNTING DEPT,7784,90,709 simpson place,,-$87.35,"$1,120.41","$1,232.45",H1379-413581,"X-4007, X-4007",N,,6902841
2025-10-21,2025-10-21,"#0628, San Carlos",EQUITY TRACK ACCOUNTING DEPT,1654,2,OFFICE,,$0.00,$86.99,$95.15,,X-0475,N,,
2025-10-21,2025-10-21,"#1379, Santa Rosa",EQUITY TRACK ACCOUNTING DEPT,7580,90,709 Simpson pl,,-$3.23,$38.54,$41.78,H1379-413319,X-4007,N,,
2025-10-20,2025-10-27,"#1379, Santa Rosa",EQUITY TRACK ACCOUNTING DEPT,7445,90,709 simpson pl,,-$60.84,$819.64,$901.60,H1379-413211,"X-4007, X-4007",N,,
2025-10-18,2025-10-18,"#6655, The Home Depot Pro",EQUITY TRACK ACCOUNTING DEPT,8147,90,519 orizaba,,-$44.48,$323.34,$355.27,H6655-385720,X-4007,N,,
2025-10-18,2025-10-18,"#0628, San Carlos",EQUITY TRACK ACCOUNTING DEPT,7972,90,100 PALM AVE,,$0.00,$33.95,$37.13,H0628-526695,X-4007,N,,
2025-10-17,2025-10-28,"#0628, San Carlos",EQUITY TRACK ACCOUNTING DEPT,7783,90,519 ORIJABA AVE SAN,,-$33.55,$204.89,$224.10,H0628-526555,"X-4007, X-4007",N,,
2025-10-16,2025-10-17,"#0628, San Carlos",EQUITY TRACK ACCOUNTING DEPT,7572,90,100 Palm Ave SC,,-$4.48,$17.90,$19.58,H0628-526398,X-4007,N,,
2025-10-17,2025-10-27,"#1379, Santa Rosa",EQUITY TRACK ACCOUNTING DEPT,7071,90,709 sipson place,,-$23.20,$389.99,$428.98,H1379-412888,"X-4007, X-4007",N,,
2025-10-16,2025-10-16,"#1092, Daly City",EQUITY TRACK ACCOUNTING DEPT,2515,90,519 Orizaba,,-$9.59,$331.43,$364.16,H1092-518577,X-4007,N,,
2025-10-16,2025-10-16,"#0628, San Carlos",EQUITY TRACK ACCOUNTING DEPT,7532,90,100  Palm Ave Sn Car,,$0.00,$21.67,$23.70,H0628-526369,X-4007,N,,
2025-10-15,2025-10-15,"#1379, Santa Rosa",EQUITY TRACK ACCOUNTING DEPT,6635,90,709 Simpson Santa ro,,-$9.65,$102.17,$112.39,H1379-412444,X-4007,N,,
2025-10-15,2025-10-27,"#1379, Santa Rosa",EQUITY TRACK ACCOUNTING DEPT,6665,90,709 Simpson way,,-$29.47,$286.46,$314.97,H1379-412472,"X-4007, X-4007",N,,
2025-10-14,2025-11-08,"#1092, Daly City",EQUITY TRACK ACCOUNTING DEPT,2056,90,519 Orizaba,,-$114.25,"$1,279.10","$1,404.80",H1092-518258,"X-4007, X-8087",N,,
2025-10-15,2025-10-15,"#1092, Daly City",EQUITY TRACK ACCOUNTING DEPT,2149,90,519 Orizaba ave,,-$1.27,$713.19,$783.62,H1092-518298,X-4007,N,,
2025-10-15,2025-10-16,"#0628, San Carlos",EQUITY TRACK ACCOUNTING DEPT,7311,90,100 PALM AV SAN CARL,,$0.00,$202.16,$220.53,H0628-526192,X-4007,N,,
2025-10-14,2025-10-14,"#1379, Santa Rosa",EQUITY TRACK ACCOUNTING DEPT,6494,90,709 simpson place,,-$160.70,$836.93,$920.01,H1379-412272,X-4007,N,,
2025-10-14,2025-10-14,"#1379, Santa Rosa",EQUITY TRACK ACCOUNTING DEPT,6563,90,709 Simpson place,,-$58.20,$815.45,$896.99,H1379-412384,X-4007,N,,
2025-10-13,2025-10-13,"#0628, San Carlos",EQUITY TRACK ACCOUNTING DEPT,6757,90,519 Orisava Ave San,,-$28.83,$845.88,$924.10,H0628-525650,X-4007,N,,
2025-10-13,2025-10-13,"#0628, San Carlos",EQUITY TRACK ACCOUNTING DEPT,6693,90,100 PALM AV SAN CARL,,-$26.80,$656.40,$717.39,H0628-525601,X-4007,N,,
2025-10-13,2025-10-13,"#1379, Santa Rosa",EQUITY TRACK ACCOUNTING DEPT,6365,90,709 sompson place,,-$60.92,$481.34,$528.74,H1379-412179,X-4007,N,,
2025-10-11,2025-10-11,"#1379, Santa Rosa",EQUITY TRACK ACCOUNTING DEPT,6074,90,709 Simpson Pl,,-$70.78,$505.61,$555.55,H1379-412007,X-4007,N,,
2025-10-11,2025-10-11,"#1379, Santa Rosa",EQUITY TRACK ACCOUNTING DEPT,6104,90,709 Simpson Santa Ro,,-$92.74,$473.66,$521.03,H1379-412023,X-4007,N,,
2025-10-10,2025-10-10,"#0628, San Carlos",EQUITY TRACK ACCOUNTING DEPT,6230,90,519  Orizaba Ave San,,-$6.63,$145.61,$159.26,H0628-525288,X-4007,N,,
2025-10-10,2025-10-10,"#0628, San Carlos",EQUITY TRACK ACCOUNTING DEPT,2101,22,519 orizaba ave,,-$6.25,-$56.22,-$61.49,H0628-524191,X-4007,N,,
2025-10-10,2025-10-11,online,EQUITY TRACK ACCOUNTING DEPT,4791,94,"519 Orizaba Ave, San Francisco, CA 94132",,-$10.81,$205.43,$223.15,WH11638000,X-4007,N,,
2025-10-09,2025-10-27,"#1379, Santa Rosa",EQUITY TRACK ACCOUNTING DEPT,5762,90,709 simpson place SR,,-$13.94,$72.43,$79.67,H1379-411709,"X-2645, X-4007",N,,
2025-10-08,2025-10-08,"#0628, San Carlos",EQUITY TRACK ACCOUNTING DEPT,5679,90,,,$0.00,$24.88,$27.21,,X-2645,N,,
2025-10-08,2025-10-08,"#0628, San Carlos",EQUITY TRACK ACCOUNTING DEPT,5679,90,100 PALM AVE SAN CAR,,$0.00,$24.88,$27.21,H0628-524791,X-2645,N,,
2025-10-08,2025-10-08,"#1379, Santa Rosa",EQUITY TRACK ACCOUNTING DEPT,5630,90,709 simpson pl,,-$9.13,$238.16,$260.73,H1379-411603,X-2645,N,,
2025-10-08,2025-10-08,"#0628, San Carlos",EQUITY TRACK ACCOUNTING DEPT,5819,90,519 orizaba  SAN FRA,,-$27.48,$247.23,$270.41,H0628-524960,X-2645,N,,
2025-10-08,2025-10-08,"#6655, The Home Depot Pro",EQUITY TRACK ACCOUNTING DEPT,6112,90,519 orizaba ave,,-$3.22,$434.90,$477.85,H6655-384454,X-2645,N,,
2025-10-08,2025-10-08,"#6655, The Home Depot Pro",EQUITY TRACK ACCOUNTING DEPT,6938,15,519 orisaba sf,,-$4.00,-$75.97,-$83.47,H0639-532121,X-8087,N,,
2025-10-08,2025-10-08,"#6655, The Home Depot Pro",EQUITY TRACK ACCOUNTING DEPT,6938,15,519 orisaba sf,,$0.00,-$75.92,-$83.42,H1092-513393,X-8087,N,,
2025-10-08,2025-10-08,"#6655, The Home Depot Pro",EQUITY TRACK ACCOUNTING DEPT,6938,15,519 orisaba sf,,-$9.03,-$233.81,-$256.90,H6655-384373,X-4007,N,,
2025-10-07,2025-10-08,"#6655, The Home Depot Pro",EQUITY TRACK ACCOUNTING DEPT,5978,90,519 orisaba sf,,-$53.29,"$1,059.44","$1,164.06",H6655-384373,"X-4007, X-4007",N,,
2025-10-07,2025-10-11,online,EQUITY TRACK ACCOUNTING DEPT,5475,90,"709 Simpson Pl, Santa Rosa",,-$979.78,"$1,965.18","$2,161.70",WH11084647,X-4007,N,,
2025-10-07,2025-10-07,"#0628, San Carlos",EQUITY TRACK ACCOUNTING DEPT,5485,90,170 gleen way san ca,,-$14.95,$284.05,$310.68,H0628-524645,X-4007,N,,
2025-10-06,2025-10-07,"#0628, San Carlos",EQUITY TRACK ACCOUNTING DEPT,5345,90,100 palm ave San Car,,$0.00,$181.56,$198.58,H0628-524527,X-4007,N,,
2025-10-07,2025-10-07,"#0628, San Carlos",EQUITY TRACK ACCOUNTING DEPT,5444,90,100 palm ave san car,,-$0.90,$249.58,$272.94,H0628-524597,X-4007,N,,
2025-10-04,2025-10-04,"#0632, San Mateo",EQUITY TRACK ACCOUNTING DEPT,7014,90,751 27th ave San Mat,,-$124.80,$515.34,$564.44,H0632-500844,X-4007,N,,
2025-10-04,2025-10-04,"#0628, San Carlos",EQUITY TRACK ACCOUNTING DEPT,4879,90,519 orizaba ave san,,-$28.51,$319.04,$348.33,H0628-524135,X-4007,N,,
2025-10-04,2025-10-10,"#0628, San Carlos",EQUITY TRACK ACCOUNTING DEPT,4943,90,519 orizaba ave,,-$93.61,$774.04,$846.48,H0628-524191,"X-4007, X-4007",N,,
2025-10-03,2025-10-03,"#0628, San Carlos",EQUITY TRACK ACCOUNTING DEPT,4658,90,519 Orizaba Ave,,-$47.90,$599.85,$655.91,H0628-523967,X-4007,N,,
2025-10-03,2025-10-03,"#0628, San Carlos",EQUITY TRACK ACCOUNTING DEPT,3744,39,441  Vera RWC  Dougl,,-$1.62,$16.36,$17.89,H0628-523988,"X-XXXX, X-XXXX",N,,
2025-10-02,2025-10-02,"#0628, San Carlos",EQUITY TRACK ACCOUNTING DEPT,4384,90,441 vera ave redwood,,-$1.62,$153.30,$167.67,H0628-523745,X-8087,N,,6900462
2025-10-01,2025-10-01,"#0632, San Mateo",EQUITY TRACK ACCOUNTING DEPT,6150,90,751 27th Avenue San,,-$106.16,$636.93,$697.74,H0632-500230,X-8087,N,,7900550
2025-09-30,2025-09-30,"#0639, Colma II",EQUITY TRACK ACCOUNTING DEPT,71,20, ,,$0.00,-$484.16,-$530.99,,"X-1766, X-5253, X-5880, X-1332",N,,
2025-09-30,2025-09-30,"#0639, Colma II",0300EEFCF5CF19737S,71,20,441 VERA  Member Sin,,-$0.39,-$6.09,-$6.67,H0628-511884,X-5253,N,,
2025-09-30,2025-09-30,"#0639, Colma II",0300EEFCF5CF19737S,71,20,2880 20th st,,-$0.46,-$4.11,-$4.51,H0643-485579,X-5253,N,,
2025-09-30,2025-09-30,"#0639, Colma II",0300EEFCF5CF19737S,71,20,255 Amber Dr.,,-$3.29,-$18.63,-$20.48,H1092-505686,X-5253,N,,
2025-09-29,2025-09-30,"#0639, Colma II",EQUITY TRACK ACCOUNTING DEPT,884,90,340 Vallejo Dr Millb,,-$5.32,$89.59,$98.44,H0639-531922,X-8087,N,,
2025-09-30,2025-09-30,"#0639, Colma II",0300EEFCF5CF19737S,71,20,340 VALLEJO DR M,,-$0.39,-$6.09,-$6.60,H1043-328750,X-5253,N,,
2025-09-30,2025-09-30,"#0639, Colma II",0300EEFCF5CF19737S,71,20,255 AMBER DR,,-$20.55,-$116.45,-$127.37,H0639-516369,"X-1766, X-5253, X-5880",N,,
2025-09-30,2025-09-30,"#0639, Colma II",EQUITY TRACK ACCOUNTING DEPT,947,90,519 Orizaba Ave,,-$3.20,$299.41,$328.88,H0639-531983,X-8087,N,,8903367
2025-09-30,2025-09-30,"#0639, Colma II",EQUITY TRACK ACCOUNTING DEPT,936,90,340 vallejo drive,,-$10.98,$153.18,$168.31,H0639-531964,X-8087,N,,8903356
2025-09-30,2025-09-30,"#0639, Colma II",EQUITY TRACK ACCOUNTING DEPT,71,20,255 amber Dr,,-$1.17,-$45.71,-$50.23,H1092-495638,X-5253,N,,
2025-09-30,2025-09-30,"#0639, Colma II",EQUITY TRACK ACCOUNTING DEPT,71,20,1020 Laurel East Pal,,$0.00,-$6.98,-$7.67,H6603-397832,X-5253,N,,
2025-09-30,2025-09-30,"#0639, Colma II",0300EEFCF5CF19737S,71,20,2880 20th St,,-$5.98,-$53.74,-$58.98,H0643-485958,X-5253,N,,
2025-09-30,2025-09-30,"#null, COLMA II",EQUITY TRACK ACCOUNTING DEPT,0,0,,,$0.00,-$99.12,-$108.91,H6655-382874,X-8087,N,,
2025-09-30,2025-09-30,"#0639, Colma II",EQUITY TRACK ACCOUNTING DEPT,3639,16,,,-$76.48,-$99.12,-$108.91,H6655-382874,X-8087,N,,8160618
2025-09-30,2025-09-30,"#0639, Colma II",0300EEFCF5CF19737S,71,20,1637 orleans dr,,$0.00,-$11.98,-$13.10,H6672-459959,X-5253,N,,
2025-09-30,2025-09-30,"#0639, Colma II",0300EEFCF5CF19737S,71,20,2880 20th st,,-$0.97,-$5.48,-$6.02,H0643-486275,X-5253,N,,
2025-09-30,2025-10-08,"#0639, Colma II",EQUITY TRACK ACCOUNTING DEPT,1024,90,519 ORIZABA,,-$21.05,$436.42,$477.98,H0639-532121,"X-8087, X-8087",N,,8903437
2025-09-30,2025-09-30,"#0639, Colma II",0300EEFCF5CF19737S,71,20,255 AMBER DR,,-$0.55,-$4.42,-$4.83,H6655-366667,X-5253,N,,
2025-09-30,2025-09-30,"#0639, Colma II",EQUITY TRACK ACCOUNTING DEPT,71,20,255 amber dr,,-$0.08,-$0.63,-$0.69,H6655-379107,X-5253,N,,
2025-09-30,2025-09-30,"#0639, Colma II",0300EEFCF5CF19737S,71,20,155 GARDINER,,-$0.22,-$1.74,-$1.91,H0639-521171,X-5253,N,,
2025-09-30,2025-09-30,"#0639, Colma II",0300EEFCF5CF19737S,71,20,340 VALLEJO DR M,,$0.00,-$3.42,-$3.75,H0643-487027,X-5253,N,,
2025-09-30,2025-09-30,"#0639, Colma II",0300EEFCF5CF19737S,71,20,255 AMBER DRIVE,,$0.00,-$109.00,-$119.76,H1092-507554,X-5253,N,,
2025-09-30,2026-05-22,"#0639, Colma II",EQUITY TRACK ACCOUNTING DEPT,71,20,255 AMBER DRIVE,,$0.00,-$109.00,-$119.76,H1092-507554,X-5253,N,,8200752
2025-09-30,2025-09-30,"#0639, Colma II",0300EEFCF5CF19737S,71,20,170 Glenway Suite 5,,-$4.02,-$22.72,-$24.96,H6655-376314,X-5253,N,,
2025-09-30,2025-09-30,"#0639, Colma II",0300EEFCF5CF19737S,71,20,255 amber dr.,,-$3.18,-$28.42,-$31.24,H6655-377244,X-5253,N,,
2025-09-29,2025-09-29,"#0673, Santee",EQUITY TRACK ACCOUNTING DEPT,6432,1,,,$0.00,$60.19,$64.85,,X-1766,N,,9011476
2025-09-29,2025-09-29,"#0639, Colma II",EQUITY TRACK ACCOUNTING DEPT,870,90,340 vallejo dr,,-$23.43,$411.30,$451.92,H0639-531909,X-8087,N,,9903302
2025-09-29,2025-09-29,"#6655, The Home Depot Pro",EQUITY TRACK ACCOUNTING DEPT,4254,90,340 vallejo,,-$9.93,$120.81,$132.74,H6655-383271,X-8087,N,,9903137
2025-09-29,2025-09-29,"#0628, San Carlos",EQUITY TRACK ACCOUNTING DEPT,3770,90,751 27th Ave,,-$31.25,$281.10,$307.45,H0628-523216,X-8087,N,,9908531
2025-09-29,2025-09-29,"#0628, San Carlos",EQUITY TRACK ACCOUNTING DEPT,3754,90,440 VERA,,-$2.52,$139.61,$152.70,H0628-523179,X-8087,N,,9908515
2025-09-26,2025-09-27,"#0628, San Carlos",EQUITY TRACK ACCOUNTING DEPT,3327,90,177 gleNn way san ca,,-$68.61,$506.21,$553.67,H0628-522902,X-8087,N,,
2025-09-27,2025-09-27,"#6655, The Home Depot Pro",EQUITY TRACK ACCOUNTING DEPT,8928,16,,,-$8.20,-$32.78,-$36.02,H6655-383070,X-8087,N,,
2025-09-27,2025-09-27,"#6655, The Home Depot Pro",EQUITY TRACK ACCOUNTING DEPT,3857,90,340 VALLEJO DR,,-$9.60,$79.18,$87.00,H6655-383070,"X-8087, X-8087",N,,1902766
2025-09-27,2025-12-08,"#6655, The Home Depot Pro",EQUITY TRACK ACCOUNTING DEPT,3898,90,340 vallejo dr,,-$56.18,$411.66,$452.31,H6655-383093,"X-8087, X-0475",N,,1902804
2025-09-26,2025-09-26,"#6655, The Home Depot Pro",EQUITY TRACK ACCOUNTING DEPT,3640,90,340 Vallejo Dr Millb,,$0.00,$568.97,$624.13,H6655-382924,X-8087,N,,2902561
2025-09-26,2025-09-26,"#0628, San Carlos",EQUITY TRACK ACCOUNTING DEPT,3152,90,177  Glen Way   SC,,-$2.47,$38.89,$42.54,H0628-522724,X-8087,N,,2907973
2025-09-26,2025-09-26,"#6655, The Home Depot Pro",EQUITY TRACK ACCOUNTING DEPT,3758,90,340 Vallejo Millbrae,,-$50.40,$278.40,$305.89,H6655-383027,X-8087,N,,2902677
2025-09-25,2025-09-25,"#0628, San Carlos",EQUITY TRACK ACCOUNTING DEPT,2969,90,751 27TH SAN MATEO,,-$24.50,$170.76,$185.80,H0628-522574,X-8087,N,,3907799
2025-09-25,2026-02-18,"#0632, San Mateo",EQUITY TRACK ACCOUNTING DEPT,4809,90,751 27TH AVE SAN MAT,,-$4.10,$63.70,$69.83,H0632-499412,"X-8087, X-4007",N,,3906494
2025-09-25,2025-09-30,"#6655, The Home Depot Pro",EQUITY TRACK ACCOUNTING DEPT,3542,90,340 vallejo dr,,-$76.48,"$1,454.98","$1,598.66",H6655-382874,X-8087,N,,3902475
2025-09-25,2025-09-25,"#6655, SAN CARLOS , THE HOME DEPOT PRO",EQUITY TRACK ACCOUNTING DEPT,8486,16,340 VALLEJO DR,,-$7.59,-$67.62,-$73.97,H0628-522614,"X-8087, X-8087",N,,3907841
2025-09-25,2025-09-25,"#0628, San Carlos",EQUITY TRACK ACCOUNTING DEPT,3012,90,340 Vallejo Dr,,-$23.14,$260.07,$284.45,H0628-522614,"X-8087, X-8087",N,,
2025-09-24,2025-09-24,online,EQUITY TRACK ACCOUNTING DEPT,6634,50,"519 Orizaba Ave, San Francisco, CA 94132",,$0.00,$120.99,$132.33,WG99894227,X-1511,N,,4501136
2025-09-24,2025-09-24,"#0628, San Carlos",EQUITY TRACK ACCOUNTING DEPT,9659,20,,,-$7.26,-$122.68,-$135.57,H0627-748588,X-8087,N,,4202009
2025-09-24,2025-09-24,"#0632, San Mateo",EQUITY TRACK ACCOUNTING DEPT,4524,90,751 27th Ave,,-$31.25,$281.10,$308.16,H0632-499224,X-8087,N,,4906243
2025-09-23,2025-09-23,"#6655, The Home Depot Pro",EQUITY TRACK ACCOUNTING DEPT,2973,90,255 AMBER,,-$2.79,$145.74,$160.13,H6655-382479,X-8087,N,,5901939
2025-09-23,2026-02-18,"#0628, San Carlos",EQUITY TRACK ACCOUNTING DEPT,2464,90,751 27TH  AVE SAN MA,,-$63.12,$319.57,$348.56,H0628-522054,"X-8087, X-4007",N,,5907332
2025-09-23,2025-09-24,online,EQUITY TRACK ACCOUNTING DEPT,7402,12,"255 Amber Dr San Francisco, CA 94131",,$0.00,$116.12,$126.14,WN34322182,X-1511,N,,
2025-09-22,2025-09-23,"#0625, San Leandro",EQUITY TRACK ACCOUNTING DEPT,2303,90,340 vallejho dr,,-$59.20,$264.07,$292.46,H0625-398449,X-8087,N,,6901032
2025-09-22,2025-09-22,"#0639, Colma II",EQUITY TRACK ACCOUNTING DEPT,9620,90,519 Orizaba,,-$85.52,"$1,632.75","$1,791.80",H0639-530688,X-8087,N,,6902199
2025-09-22,2025-09-22,"#6655, The Home Depot Pro",EQUITY TRACK ACCOUNTING DEPT,2828,90,519 ORIZABA AVE,,-$17.94,$503.94,$553.70,H6655-382365,X-8087,N,,6901807
2025-09-19,2025-09-19,"#0628, San Carlos",EQUITY TRACK ACCOUNTING DEPT,1662,90,JUAN DIAZ,,-$53.70,$231.98,$253.73,H0628-521436,X-8087,N,,9906611
2025-09-19,2025-09-19,"#0632, San Mateo",EQUITY TRACK ACCOUNTING DEPT,3136,90,751 27th Ave San Mat,,-$39.60,$372.22,$408.05,H0632-498320,X-8087,N,,9904953
2025-09-18,2025-09-18,"#1092, Daly City",EQUITY TRACK ACCOUNTING DEPT,5219,51,,,$0.00,$39.90,$43.84,,X-0475,N,,
2025-09-18,2025-09-18,"#0639, Colma II",EQUITY TRACK ACCOUNTING DEPT,8965,90,340 VALLEJO DR MILBR,,-$48.49,$308.92,$338.82,H0639-530027,X-8087,N,,0901621
2025-09-18,2025-10-08,"#1092, Daly City",EQUITY TRACK ACCOUNTING DEPT,5091,90,255 amber dr,,$0.00,$208.78,$229.40,H1092-513393,"X-8087, X-8087",N,,0906020
2025-09-17,2025-09-18,"#0639, Colma II",EQUITY TRACK ACCOUNTING DEPT,8882,90,340 Orizaba Rd,,-$0.58,$6.58,$7.23,H0639-529986,X-8087,N,,
2025-09-17,2025-09-17,"#0639, Colma II",EQUITY TRACK ACCOUNTING DEPT,8775,90,340 Vallejo Dr,,-$34.05,$415.32,$456.33,H0639-529827,X-8087,N,,1901446
2025-09-16,2025-09-16,"#6655, The Home Depot Pro",EQUITY TRACK ACCOUNTING DEPT,1516,90,519 Orizaba Ave,,-$5.69,$536.50,$588.73,H6655-381554,X-8087,N,,2900573
2025-09-15,2025-09-15,"#6655, The Home Depot Pro",EQUITY TRACK ACCOUNTING DEPT,1272,90,340 VALLEJO DR,,-$1.54,$56.29,$61.82,H6655-381385,X-8087,N,,3900342
2025-09-15,2025-09-15,"#6655, The Home Depot Pro",EQUITY TRACK ACCOUNTING DEPT,1383,90,255 amber dr.,,-$54.78,$963.45,"$1,057.98",H6655-381472,X-8087,N,,3900448
2025-09-13,2025-09-13,"#6655, The Home Depot Pro",EQUITY TRACK ACCOUNTING DEPT,1017,90,340 vallejo dr,,-$5.14,$82.20,$90.25,H6655-381260,X-8087,N,,5900110
2025-09-13,2025-09-13,"#1007, Oakland",EQUITY TRACK ACCOUNTING DEPT,8575,90,1325 henry st berkle,,-$5.40,$97.30,$107.25,H1007-555762,X-8087,N,,5906557
2025-09-12,2025-09-12,"#1092, Daly City",EQUITY TRACK ACCOUNTING DEPT,3650,90,255 amber dr,,-$42.24,$316.08,$347.29,H1092-512470,X-8087,N,,6904734
2025-09-10,2025-09-10,"#1848, El Cajon",EQUITY TRACK ACCOUNTING DEPT,1394,61,,,-$5.00,$104.94,$113.60,,X-1766,N,,8614341
2025-09-10,2025-09-10,"#1848, El Cajon",EQUITY TRACK ACCOUNTING DEPT,1394,61,,,$0.00,$104.94,$113.60,,X-1766,N,,
2025-09-11,2025-09-11,"#1092, Daly City",EQUITY TRACK ACCOUNTING DEPT,3678,97,255 Amber Dr,,-$54.40,$413.42,$454.27,H1092-512250,X-8087,N,,7973227
2025-09-11,2025-09-11,"#0627, Emeryville",EQUITY TRACK ACCOUNTING DEPT,1445,90,1325 Henry street Be,,-$12.69,$75.26,$82.51,H0627-749558,X-8087,N,,7903523
2025-09-10,2025-09-10,"#0632, San Mateo",EQUITY TRACK ACCOUNTING DEPT,799,90,1325 henry st berkle,,-$4.50,$121.62,$132.73,H0632-496681,X-8087,N,,8902796
2025-09-10,2025-09-10,"#6672, East San Jose",EQUITY TRACK ACCOUNTING DEPT,9747,90,1187 san moritz,,-$13.34,$27.19,$29.73,H6672-471860,X-8087,N,,8902012
2025-09-10,2025-09-10,"#6655, The Home Depot Pro",EQUITY TRACK ACCOUNTING DEPT,299,90,255 amber dr.,,-$87.31,$724.42,$795.35,H6655-380789,X-8087,N,,8904843
2025-09-09,2025-09-10,"#0627, Emeryville",EQUITY TRACK ACCOUNTING DEPT,819,90,marvin,,$0.00,$458.97,$507.16,H0627-749087,X-5880,N,,
2025-09-09,2025-09-09,"#0632, San Mateo",JUAN DIAZ-1,479,90,,,-$735.58,"$5,654.40","$6,198.64",,X-5253,N,,9902496
2025-09-09,2025-09-09,"#0632, San Mateo",JUAN DIAZ-1,480,90,,,-$158.40,"$1,424.88","$1,562.02",,X-5253,N,,9902497
2025-09-09,2025-09-09,"#0632, San Mateo",JUAN DIAZ-1,498,90,,,-$19.99,$414.30,$454.18,,X-5253,N,,9902515
2025-09-09,2025-09-11,"#0632, San Mateo",EQUITY TRACK ACCOUNTING DEPT,480,90,Roofing Materials,,-$257.40,"$1,424.88","$1,562.02",H0632-496446,X-5253,N,,9902497
2025-09-09,2025-09-09,"#0632, San Mateo",EQUITY TRACK ACCOUNTING DEPT,498,90,340 Vallejo dr,,-$19.99,$414.30,$454.18,H0632-496454,X-5253,N,,9902515
2025-09-08,2025-09-24,"#0627, Emeryville",EQUITY TRACK ACCOUNTING DEPT,207,90,1325 Henry St,,-$16.50,$217.08,$239.04,H0627-748588,"X-8087, X-8087",N,,0902396
2025-09-08,2025-09-11,"#0632, San Mateo",EQUITY TRACK ACCOUNTING DEPT,479,90,San Mateo Roofing,,-$834.58,"$5,654.40","$6,198.64",H0632-496442,X-5253,N,,
2025-09-08,2025-09-08,online,EQUITY TRACK ACCOUNTING DEPT,0,0,San Mateo Roofing Materials,,$0.00,$0.00,-$0.00,WN32751281,X-1511,N,,
2025-09-06,2025-09-06,"#0627, Emeryville",EQUITY TRACK ACCOUNTING DEPT,9605,90,1325 henry st,,-$20.27,$149.08,$163.93,H0627-748256,X-8087,N,,2901856
2025-09-05,2025-09-05,"#0627, Emeryville",EQUITY TRACK ACCOUNTING DEPT,9381,90,1325 Henry St,,-$5.71,$103.35,$114.14,H0627-748128,X-8087,N,,3901656
2025-09-05,2025-09-05,"#1092, Daly City",EQUITY TRACK ACCOUNTING DEPT,3453,97,255 Amber,,-$8.41,$149.33,$163.47,H1092-511258,X-8087,N,,3973129
2025-09-05,2025-09-05,"#0628, San Carlos",EQUITY TRACK ACCOUNTING DEPT,8549,90,100 PALM ST,,-$11.13,$147.87,$161.73,H0628-519035,X-8087,N,,3903981
2025-09-05,2025-09-05,"#0627, Emeryville",EQUITY TRACK ACCOUNTING DEPT,9225,90,1325 Henry St Berkel,,-$231.76,$968.53,"$1,069.58",H0627-748005,X-8087,N,,3901522
2025-09-04,2025-09-04,"#1092, Daly City",EQUITY TRACK ACCOUNTING DEPT,3415,97,255 Amber,,-$2.00,$17.98,$19.76,H1092-511097,X-8087,N,,4973106
2025-09-04,2025-09-04,"#1043, Vacaville",EQUITY TRACK ACCOUNTING DEPT,9912,90,490 SOUTH DIXON,,-$4.56,$84.84,$91.73,H1043-337416,X-8087,N,,4903705
2025-09-02,2025-09-02,"#6655, The Home Depot Pro",JUAN DIAZ-1,8662,90,,,-$25.79,$103.17,$113.36,,X-5253,N,,6903296
2025-09-03,2025-09-03,"#0627, Emeryville",EQUITY TRACK ACCOUNTING DEPT,8429,90,1325 Henry St Berkel,,-$97.44,$760.74,$839.97,H0627-747391,X-8087,N,,5900779
2025-09-02,2025-09-03,THE HOME DEPOT,EQUITY TRACK ACCOUNTING DEPT,0,0,255 Amber dr,,-$25.79,$103.17,$113.36,H6655-379684,X-5253,N,,
2025-09-02,2025-09-03,"#6655, The Home Depot Pro",1,1594,15,519 orizaba,,-$39.15,-$91.15,-$100.15,H6655-379500,X-5253,N,,6154981
2025-09-01,2025-09-01,"#1092, Daly City",JUAN DIAZ-1,695,90,,,-$22.75,$250.45,$275.18,,X-5253,N,,7902240
2025-09-02,2025-09-02,"#6655, The Home Depot Pro",JUAN DIAZ-1,8572,90,,,-$19.86,$248.56,$271.88,,X-5253,N,,6903215
2025-09-01,2025-09-03,"#1092, Daly City",EQUITY TRACK ACCOUNTING DEPT,695,90,519 Orbizaba Ave,,-$22.75,$250.45,$275.18,H1092-510614,"X-5253, X-8087, X-4007",N,,7902240
2025-09-02,2025-09-03,"#null, THE HOME DEPOT PRO",EQUITY TRACK ACCOUNTING DEPT,0,0,255 Amber DR,,-$19.86,$248.56,$271.88,H6655-379623,X-5253,N,,6903215
2025-09-01,2025-09-01,"#6655, The Home Depot Pro",JUAN DIAZ-1,8390,90,,,-$52.76,$627.66,$689.03,,"X-5253, X-5253",N,,"7903048,6154981"
2025-09-01,2025-09-03,"#6655, The Home Depot Pro",EQUITY TRACK ACCOUNTING DEPT,8390,90,519 orizaba,,-$52.76,$627.66,$689.03,H6655-379500,"X-5253, X-5253",N,,7903048
2025-08-30,2025-08-30,"#6655, The Home Depot Pro",JUAN DIAZ-1,8052,90,,,-$6.83,$75.19,$82.62,,X-5253,N,,9902738
2025-08-30,2025-09-03,"#6655, The Home Depot Pro",EQUITY TRACK ACCOUNTING DEPT,8052,90,255 amber dr,,-$6.83,$75.19,$82.62,H6655-379387,X-5253,N,,9902738
2025-08-29,2025-08-29,"#0628, San Carlos",JUAN DIAZ-1,6922,90,,,-$11.40,$114.78,$124.38,,X-5253,N,,0902495
2025-08-29,2025-08-29,"#1041, West Milpitas",JUAN DIAZ-1,3150,90,,,-$31.00,$149.71,$163.75,,X-5253,N,,0904148
2025-08-29,2025-09-02,online,EQUITY TRACK ACCOUNTING DEPT,6617,21,1187 San Moritz,,$0.00,-$599.00,-$655.16,WG97485428,X-5253,N,,
2025-08-29,2025-09-02,"#0628, San Carlos",EQUITY TRACK ACCOUNTING DEPT,6922,90,751 27TH AV SAN MATE,,-$11.40,$114.78,$124.38,H0628-517822,X-5253,N,,0902495
2025-08-29,2025-09-03,"#null, WEST MILPITAS",EQUITY TRACK ACCOUNTING DEPT,0,0,118 san moritz dr,,-$31.00,$149.71,$163.75,H1041-356793,X-5253,N,,0904148
2025-08-28,2025-08-28,"#6655, The Home Depot Pro",JUAN DIAZ-1,7558,90,,,-$24.99,$361.31,$395.77,,"X-5253, X-5253",N,,"8200752,1902289"
2025-08-28,2025-08-28,"#0628, San Carlos",EQUITY TRACK ACCOUNTING DEPT,6467,21,155 GLENDE WAY,,-$8.95,-$170.05,-$185.99,,X-0475,N,,1213058
2025-08-27,2025-08-27,"#0628, San Carlos",JUAN DIAZ-1,6591,90,,,$0.00,$508.00,$555.63,,"X-5253, X-5253",N,,"2902193,0213137"
2025-08-28,2025-08-28,"#1041, West Milpitas",JUAN DIAZ-1,2886,90,,,-$141.31,$807.96,$882.55,,X-5253,N,,1903906
2025-08-28,2025-08-28,"#null, WEST MILPITAS",EQUITY TRACK ACCOUNTING DEPT,0,0,1187 SAN MORITZ DR S,,-$141.31,$807.96,$882.55,H1041-356622,X-5253,N,,1903906
2025-08-27,2025-09-02,"#0628, San Carlos",EQUITY TRACK ACCOUNTING DEPT,6591,90,751 27th avenue San,,$0.00,$508.00,$555.63,H0628-517565,"X-5253, X-5253",N,,
2025-08-28,2025-09-30,"#6655, The Home Depot Pro",EQUITY TRACK ACCOUNTING DEPT,7558,90,255 amber dr,,-$24.99,$361.31,$395.77,H6655-379107,"X-5253, X-5253",N,,1902289
2025-08-27,2025-08-27,"#0628, San Carlos",EQUITY TRACK INC-1,6553,90,,,$0.00,$599.00,$655.16,,"X-5253, X-5253",N,,"0213137,2902155"
2025-08-27,2025-09-02,online,EQUITY TRACK ACCOUNTING DEPT,6553,90,"1187 San Moritz Dr, San Jose, CA 95132",,$0.00,$599.00,$655.16,WG97485428,"X-5253, X-5253",N,,2902155
2025-08-26,2025-08-26,"#0639, Colma II",JUAN DIAZ-1,4907,90,,,-$1.40,$111.50,$122.51,,X-5253,N,,3903223
2025-08-25,2025-08-25,"#1043, Vacaville",JUAN DIAZ-1,8426,90,,,-$1.68,$29.41,$31.80,,X-5253,N,,4902378
2025-08-26,2025-08-26,"#0639, Colma II",JUAN DIAZ-1,4907,90,340 Vallejo dr,,-$1.40,$111.50,$122.51,H0639-526088,X-5253,N,,3903223
2025-08-25,2025-08-25,"#0632, San Mateo",JUAN DIAZ-1,6575,90,,,-$41.88,$551.53,$604.61,,X-5253,N,,4904664
2025-08-25,2025-08-26,"#null, VACAVILLE",JUAN DIAZ-1,0,0,490 South Ct,,-$1.68,$29.41,$31.80,H1043-336379,X-5253,N,,4902378
2025-08-25,2025-08-25,"#null, SAN MATEO",JUAN DIAZ-1,0,0,340 vallejo dr millb,,-$41.88,$551.53,$604.61,H0632-493993,X-5253,N,,4904664
2025-08-23,2025-08-23,"#1043, Vacaville",JUAN DIAZ-1,8150,90,,,-$5.38,$156.55,$169.27,,X-5253,N,,6902133
2025-08-23,2025-08-23,"#1092, Daly City",JUAN DIAZ-1,8280,90,,,-$11.36,$88.18,$96.89,,X-5253,N,,6900085
2025-08-23,2025-08-23,"#null, VACAVILLE",JUAN DIAZ-1,0,0,490 South Court,,-$5.38,$156.55,$169.27,H1043-336168,X-5253,N,,6902133
2025-08-23,2025-08-23,"#null, DALY CITY",JUAN DIAZ-1,0,0,55 amber dr,,-$11.36,$88.18,$96.89,H1092-509202,X-5253,N,,6900085
2025-08-22,2025-08-22,"#6655, The Home Depot Pro",JUAN DIAZ-1,6312,90,,,-$9.05,$180.46,$197.06,,X-5253,N,,7901117
2025-08-22,2025-08-22,"#null, THE HOME DEPOT PRO",JUAN DIAZ-1,0,0,255 Amber Dr,,-$9.05,$180.46,$197.06,H6655-378251,X-5253,N,,7901117
2025-08-22,2025-08-22,"#null, THE HOME DEPOT PRO",EQUITY TRACK ACCOUNTING DEPT,0,0,,,$0.00,-$93.39,-$100.98,H1043-335901,X-XXXX,N,,
2025-08-22,2025-08-22,"#6655, The Home Depot Pro",EQUITY TRACK ACCOUNTING DEPT,1725,16,,,-$7.03,-$93.39,-$100.98,H1043-335901,,N,,
2025-08-20,2025-08-20,"#1043, Vacaville",JUAN DIAZ-1,7762,90,,,-$6.55,$119.71,$129.44,,X-5253,N,,9901794
2025-08-20,2025-08-20,"#1043, Vacaville",JUAN DIAZ-1,7731,90,,,-$8.17,$115.72,$125.12,,X-5253,N,,9901765
2025-08-20,2025-08-20,"#null, VACAVILLE",JUAN DIAZ-1,0,0,490 south ct,,-$8.17,$115.72,$125.12,H1043-335869,X-5253,N,,9901765
2025-08-20,2025-08-21,"#null, VACAVILLE",JUAN DIAZ-1,0,0,490 South Ct,,-$6.55,$119.71,$129.44,H1043-335896,X-5253,N,,9901794
2025-08-20,2025-08-20,"#null, DALY CITY",EQUITY TRACK ACCOUNTING DEPT,0,0,340 Vallejo rd Millb,,-$6.00,$113.84,$125.08,H1092-508638,X-8087,N,,9905244
2025-08-20,2025-08-21,"#null, VACAVILLE",EQUITY TRACK ACCOUNTING DEPT,0,0,490 South Ct,,$0.00,$93.39,$100.98,H1043-335901,"X-XXXX, X-XXXX",N,,
2025-08-19,2025-08-19,"#0628, SAN CARLOS",EQUITY TRACK ACCOUNTING DEPT,6849,3,155 GLENDE WAY,,-$11.45,$223.71,$244.10,,X-0475,N,,0032073
2025-08-18,2025-08-18,"#6655, The Home Depot Pro",JUAN DIAZ-1,5443,90,,,$0.00,$135.69,$147.23,,X-5253,N,,1900308
2025-08-18,2025-08-19,"#null, THE HOME DEPOT PRO",JUAN DIAZ-1,0,0,0,,$0.00,$135.69,$147.23,H6655-377672,X-5253,N,,1900308
2025-08-16,2025-08-16,"#1092, Daly City",JUAN DIAZ-1,6412,90,,,$0.00,$71.92,$79.02,,X-5253,N,,3904394
2025-08-16,2025-08-16,"#6655, The Home Depot Pro",JUAN DIAZ-1,5020,90,,,-$1.70,$250.97,$275.75,,X-5253,N,,3905009
2025-08-16,2025-08-16,"#null, THE HOME DEPOT PRO",JUAN DIAZ-1,0,0,255 amber dr,,-$1.70,$250.97,$275.75,H6655-377454,X-5253,N,,3905009
2025-08-16,2025-08-16,"#null, DALY CITY",JUAN DIAZ-1,0,0,255 Amber Dr,,$0.00,$71.92,$79.02,H1092-508067,X-5253,N,,3904394
2025-08-15,2025-08-15,"#0639, Colma II",JUAN DIAZ-1,2938,90,,,-$15.82,$269.02,$295.45,,X-5253,N,,4901542
2025-08-14,2025-08-14,"#6655, The Home Depot Pro",EQUITY TRACK ACCOUNTING DEPT,4701,90,,,-$13.09,$133.49,$146.67,,"X-1332, X-0475",N,,
2025-08-15,2025-08-15,"#6655, The Home Depot Pro",JUAN DIAZ-1,4870,90,,,-$0.25,$4.73,$5.20,,X-5253,N,,4904866
2025-08-15,2025-08-15,"#null, THE HOME DEPOT PRO",JUAN DIAZ-1,0,0,255 Amber,,-$0.25,$4.73,$5.20,H6655-377389,X-5253,N,,4904866
2025-08-15,2025-08-15,"#null, COLMA II",JUAN DIAZ-1,0,0,255 AMBER DR,,-$15.82,$269.02,$295.45,H0639-524295,X-5253,N,,4901542
2025-08-14,2025-09-30,"#6655, The Home Depot Pro",EQUITY TRACK ACCOUNTING DEPT,4701,90,255 amber dr.,,-$13.09,$133.49,$146.67,H6655-377244,"X-0475, X-5253",N,,
2025-08-14,2025-08-14,"#0639, Colma II",JUAN DIAZ-1,2715,90,,,-$21.22,$300.88,$329.37,,X-5253,N,,5901346
2025-08-14,2025-08-14,"#null, COLMA II",JUAN DIAZ-1,0,0,255 Amber Dr,,-$21.22,$300.88,$329.37,H0639-524084,X-5253,N,,5901346
2025-08-14,2025-08-14,"#null, THE HOME DEPOT PRO",EQUITY TRACK ACCOUNTING DEPT,0,0,255 Amber Dr,,-$32.68,$324.73,$356.46,H6655-377208,X-8087,N,,5904668
2025-08-13,2025-08-13,"#0639, Colma II",JUAN DIAZ-1,2483,90,,,-$11.84,$308.46,$338.92,,X-5253,N,,6901137
2025-08-13,2025-08-13,"#1092, Daly City",JUAN DIAZ-1,5643,90,,,-$8.58,$255.84,$281.10,,"X-5253, X-5253",N,,"8200752,6903707"
2025-08-13,2025-08-13,"#null, COLMA II",JUAN DIAZ-1,0,0,255 AMBER DR,,-$11.84,$308.46,$338.92,H0639-523814,X-5253,N,,6901137
2025-08-13,2025-09-30,"#1092, Daly City",EQUITY TRACK ACCOUNTING DEPT,5643,90,255 amber dr,,-$8.58,$255.84,$281.10,H1092-507554,"X-2645, X-5253, X-5253, X-5253",N,,6903707
2025-08-12,2025-08-12,"#0639, Colma II",JUAN DIAZ-1,2331,90,,,-$106.05,"$1,192.40","$1,309.57",,X-5253,N,,7901005
2025-08-12,2025-08-12,"#0639, Colma II",JUAN DIAZ-1,2331,90,255 AMBER DRIVE,,-$106.05,"$1,192.40","$1,309.57",H0639-523638,"X-5253, X-8087",N,,7901005
2025-08-11,2025-08-11,"#0639, Colma II",JUAN DIAZ-1,2154,90,,,-$24.85,$278.75,$306.28,,X-5253,N,,8900853
2025-08-11,2025-08-11,"#1092, Daly City",EQUITY TRACK ACCOUNTING DEPT,5081,90,,,"-$1,301.00","$2,073.98","$2,252.86",,"X-4403, X-4732, X-4734, X-4722, X-4716, X-4711, X-4726, X-5253, X-5253, X-4628",N,,"8903208,8903204"
2025-08-11,2025-08-11,"#6655, The Home Depot Pro",JUAN DIAZ-1,3837,90,,,-$98.13,"$1,180.49","$1,294.59",,X-5253,N,,8903913
2025-08-11,2025-08-11,online,1,0,0,255 Amber Dr,,$0.00,$0.00,$0.00,WN29498366,X-4734,N,,
2025-08-11,2025-08-11,"#null, COLMA II",JUAN DIAZ-1,0,0,255 Amber DR SAN FRA,,-$24.85,$278.75,$306.28,H0639-523458,X-5253,N,,8900853
2025-08-11,2025-08-11,"#null, THE HOME DEPOT PRO",JUAN DIAZ-1,0,0,255 amber dr,,-$98.13,"$1,180.49","$1,294.59",H6655-376647,X-5253,N,,8903913
2025-08-09,2025-08-09,"#0639, Colma II",JUAN DIAZ-1,1858,90,,,-$22.00,$552.60,$607.17,,X-5253,N,,0900580
2025-08-09,2025-08-09,"#6655, The Home Depot Pro",JUAN DIAZ-1,3555,90,,,-$6.24,$203.54,$223.44,,X-5253,N,,0903653
2025-08-09,2025-08-09,"#null, THE HOME DEPOT PRO",JUAN DIAZ-1,0,0,255 Amber Dr,,-$6.24,$203.54,$223.44,H6655-376539,X-5253,N,,0903653
2025-08-09,2025-08-09,"#null, COLMA II",JUAN DIAZ-1,0,0,255 amber drive,,-$22.00,$552.60,$607.17,H0639-523237,X-5253,N,,0900580
2025-08-07,2025-08-07,"#0628, San Carlos",JUAN DIAZ-1,2323,90,,,$0.00,$177.26,$193.88,,X-5253,N,,2905047
2025-08-08,2025-08-08,"#0628, San Carlos",JUAN DIAZ-1,2435,90,,,-$5.64,$127.24,$139.17,,X-5253,N,,1905148
2025-08-08,2025-08-08,"#0628, San Carlos",JUAN DIAZ-1,2452,90,,,-$42.31,$718.34,$784.53,,X-5253,N,,1905165
2025-08-08,2025-08-08,"#null, SAN CARLOS",JUAN DIAZ-1,0,0,340 VALLEJO DR,,-$5.64,$127.24,$139.17,H0628-514381,X-5253,N,,1905148
2025-08-08,2025-08-08,"#null, SAN CARLOS",JUAN DIAZ-1,0,0,170 GLENNWAY,,-$42.31,$718.34,$784.53,H0628-514395,X-5253,N,,1905165
2025-08-07,2025-08-07,"#0628, San Carlos",JUAN DIAZ-1,2312,90,,,-$30.18,$366.94,$401.06,,X-5253,N,,2905036
2025-08-06,2025-08-06,"#6655, The Home Depot Pro",JUAN DIAZ-1,2944,90,,,-$13.10,$678.03,$744.99,,X-5253,N,,3903082
2025-08-07,2025-08-07,"#6655, The Home Depot Pro",JUAN DIAZ-1,3121,90,,,-$62.62,$992.85,"$1,090.49",,X-5253,N,,2903243
2025-08-07,2025-08-07,"#6655, The Home Depot Pro",JUAN DIAZ-1,3178,90,,,-$21.41,$408.94,$449.06,,"X-5253, X-5253",N,,"8200752,2903297"
2025-08-07,2025-08-07,"#null, THE HOME DEPOT PRO",JUAN DIAZ-1,0,0,170 Glennway Str 5,,-$62.62,$992.85,"$1,090.49",H6655-376258,X-5253,N,,2903243
2025-08-06,2025-08-07,"#6655, The Home Depot Pro",JUAN DIAZ-1,2944,90,255 amber dr.,,-$13.10,$678.03,$744.99,H6655-376153,X-5253,N,,3903082
2025-08-07,2025-08-08,"#null, SAN CARLOS",JUAN DIAZ-1,0,0,170 GLENNWAY,,$0.00,$177.26,$193.88,H0628-514305,X-5253,N,,2905047
2025-08-07,2025-09-30,"#6655, The Home Depot Pro",EQUITY TRACK ACCOUNTING DEPT,3178,90,170 Glenway Suite 5,,-$21.41,$408.94,$449.06,H6655-376314,"X-5253, X-5253",N,,2903297
2025-08-07,2025-08-07,"#null, SAN CARLOS",JUAN DIAZ-1,0,0,170 GLENNWAY  Member,,-$30.18,$366.94,$401.06,H0628-514293,X-5253,N,,2905036
2025-08-06,2025-08-06,"#6655, The Home Depot Pro",JUAN DIAZ-1,2849,90,,,-$9.84,$256.92,$282.24,,X-5253,N,,3902993
2025-08-06,2025-08-06,"#null, THE HOME DEPOT PRO",JUAN DIAZ-1,0,0,255 amber dr.,,-$9.84,$256.92,$282.24,H6655-376095,X-5253,N,,3902993
2025-08-05,2025-08-06,"#null, DALY CITY",EQUITY TRACK ACCOUNTING DEPT,0,0,255 Amber Dr,,-$32.60,$718.72,$787.86,H1092-506230,X-8087,N,,4901955
2025-08-02,2025-08-02,"#1092, Daly City",JUAN DIAZ-1,2810,90,,,-$17.69,$187.43,$204.68,,"X-5253, X-5253",N,,"8200752,7901202"
2025-08-02,2025-09-30,"#1092, Daly City",EQUITY TRACK ACCOUNTING DEPT,2810,90,255 Amber Dr.,,-$17.69,$187.44,$204.69,H1092-505686,"X-5253, X-5253",N,,7901202
2025-08-01,2025-08-01,"#1092, Daly City",JUAN DIAZ-1,1702,97,,,-$20.40,$385.17,$423.21,,X-5253,N,,8972113
2025-08-01,2025-08-01,"#null, DALY CITY",JUAN DIAZ-1,0,0,255 AMBER dR,,-$20.40,$385.17,$423.21,H1092-505540,X-5253,N,,8972113
2025-07-29,2025-07-29,"#1092, Daly City",JUAN DIAZ-1,1856,90,,,-$27.03,$149.39,$164.14,,X-5253,N,,1900355
2025-07-29,2025-07-29,"#6655, The Home Depot Pro",JUAN DIAZ-1,1161,90,,,-$79.63,$873.67,$958.63,,X-5253,N,,1901442
2025-07-29,2025-07-29,"#1092, Daly City",JUAN DIAZ-1,1856,90,,,-$27.03,$149.39,$164.14,,X-5253,N,,1900355
2025-07-29,2025-07-29,"#6655, The Home Depot Pro",JUAN DIAZ-1,1161,90,,,-$79.63,$873.67,$958.63,,X-5253,N,,1901442
2025-07-29,2025-07-29,"#null, THE HOME DEPOT PRO",JUAN DIAZ-1,0,0,255 AMBER DR,,-$79.63,$873.67,$958.63,H6655-374893,X-5253,N,,1901442
2025-07-29,2025-07-29,"#null, DALY CITY",JUAN DIAZ-1,0,0,255 Amber Dr,,-$27.03,$149.39,$164.14,H1092-505002,X-5253,N,,1900355
2025-07-28,2025-07-28,"#0639, Colma II",JUAN DIAZ-1,9667,90,,,-$0.78,$28.64,$31.47,,"X-5253, X-5253",N,,"8200752,2905137"
2025-07-28,2025-07-28,"#6655, The Home Depot Pro",JUAN DIAZ-1,897,90,,,-$60.54,$631.11,$693.13,,"X-5253, X-5253",N,,"2901194,2112358"
2025-07-28,2025-07-28,"#0639, Colma II",JUAN DIAZ-1,9667,90,,,-$0.78,$28.64,$31.47,,"X-5253, X-5253",N,,"8200752,2905137"
2025-07-28,2025-07-28,"#6655, The Home Depot Pro",JUAN DIAZ-1,897,90,,,-$60.54,$631.11,$693.13,,"X-5253, X-5253",N,,"2901194,2112358"
2025-07-28,2025-07-28,"#null, THE HOME DEPOT PRO",1,0,0,155 GARDINER AVE,,-$56.90,-$117.12,-$128.68,H6655-374677,X-5253,N,,2112358
2025-07-28,2025-07-28,"#null, THE HOME DEPOT PRO",JUAN DIAZ-1,0,0,155 GARDINER AVE,,-$56.90,$631.11,$693.13,H6655-374677,"X-5253, X-5253",N,,2901194
2025-07-28,2025-09-30,"#0639, Colma II",EQUITY TRACK ACCOUNTING DEPT,9667,90,155 GARDINER,,-$0.78,$28.64,$31.47,H0639-521171,"X-5253, X-5253",N,,2905137
2025-07-26,2025-07-26,"#0628, San Carlos",JUAN DIAZ-1,9615,90,,,$0.00,$61.32,$67.07,,X-5253,N,,4902571
2025-07-26,2025-07-26,"#1092, Daly City",JUAN DIAZ-1,1202,90,,,-$49.30,$367.87,$404.17,,X-5253,N,,4909034
2025-07-26,2025-07-26,"#0628, San Carlos",JUAN DIAZ-1,9615,90,,,$0.00,$61.32,$67.07,,X-5253,N,,4902571
2025-07-26,2025-07-26,"#1092, Daly City",JUAN DIAZ-1,1202,90,,,-$49.30,$367.87,$404.17,,X-5253,N,,4909034
2025-07-26,2025-07-26,"#null, DALY CITY",JUAN DIAZ-1,0,0,255 AMBER DR SAN FRA,,-$49.30,$367.87,$404.17,H1092-504649,X-5253,N,,4909034
2025-07-26,2025-07-26,"#null, SAN CARLOS",JUAN DIAZ-1,0,0,441 vera ave. redwoo,,$0.00,$61.32,$67.07,H0628-512079,X-5253,N,,4902571
2025-07-25,2025-07-25,"#1092, Daly City",JUAN DIAZ-1,1419,97,,,-$28.88,$153.21,$168.34,,X-5253,N,,5971930
2025-07-25,2025-07-25,"#1092, Daly City",JUAN DIAZ-1,1420,97,,,-$1.38,$29.67,$32.60,,X-5253,N,,5971931
2025-07-25,2025-07-25,"#1092, Daly City",JUAN DIAZ-1,1421,97,,,-$42.06,$211.67,$232.57,,X-5253,N,,5971932
2025-07-25,2025-07-25,"#1092, Daly City",JUAN DIAZ-1,1419,97,,,-$28.88,$153.21,$168.34,,X-5253,N,,5971930
2025-07-25,2025-07-25,"#1092, Daly City",JUAN DIAZ-1,1420,97,,,-$1.38,$29.67,$32.60,,X-5253,N,,5971931
2025-07-25,2025-07-25,"#1092, Daly City",JUAN DIAZ-1,1421,97,,,-$42.06,$211.67,$232.57,,X-5253,N,,5971932
2025-07-25,2025-07-25,"#null, DALY CITY",JUAN DIAZ-1,0,0,155 Gardiner Ave,,-$1.38,$29.67,$32.60,H1092-504405,X-5253,N,,5971931
2025-07-25,2025-07-25,"#null, DALY CITY",JUAN DIAZ-1,0,0,255 Amber Dr,,-$28.88,$153.21,$168.34,H1092-504403,X-5253,N,,5971930
2025-07-25,2025-07-25,"#null, DALY CITY",JUAN DIAZ-1,0,0,255 Amber Dr,,-$42.06,$211.67,$232.57,H1092-504411,X-5253,N,,5971932
2025-07-24,2025-07-24,"#0628, San Carlos",JUAN DIAZ-1,9359,90,,,-$89.98,$504.84,$552.17,,"X-5253, X-5253",N,,"8200752,6902340"
2025-07-24,2025-07-24,"#1092, Daly City",JUAN DIAZ-1,1360,97,,,-$46.03,$301.72,$330.29,,X-5253,N,,6971893
2025-07-24,2025-07-24,"#0628, San Carlos",JUAN DIAZ-1,9359,90,,,-$89.98,$504.84,$552.17,,"X-5253, X-5253",N,,"8200752,6902340"
2025-07-24,2025-07-24,"#1092, Daly City",JUAN DIAZ-1,1360,97,,,-$46.03,$301.72,$330.29,,X-5253,N,,6971893
2025-07-24,2025-09-30,"#0628, San Carlos",EQUITY TRACK ACCOUNTING DEPT,9359,90,441 VERA  Member Sin,,-$89.98,$504.84,$552.17,H0628-511884,"X-5253, X-5253",N,,6902340
2025-07-24,2025-07-24,"#null, DALY CITY",JUAN DIAZ-1,0,0,255 Amber Dr,,-$46.03,$301.72,$330.29,H1092-504225,X-5253,N,,6971893
2025-07-23,2025-07-23,"#6655, The Home Depot Pro",JUAN DIAZ-1,2,90,,,-$70.97,$654.04,$718.57,,X-5253,N,,7900374
2025-07-23,2025-07-23,"#6655, The Home Depot Pro",JUAN DIAZ-1,2,90,,,-$70.97,$654.04,$718.57,,X-5253,N,,7900374
2025-07-23,2025-07-23,"#null, THE HOME DEPOT PRO",JUAN DIAZ-1,0,0,255 amber dr.,,-$70.97,$654.04,$718.57,H6655-374106,X-5253,N,,7900374
2025-07-21,2025-07-21,"#0639, Colma II",JUAN DIAZ-1,8592,90,,,-$6.21,$222.00,$243.73,,X-5253,N,,9904187
2025-07-21,2025-07-21,"#0639, Colma II",JUAN DIAZ-1,8592,90,,,-$6.21,$222.00,$243.73,,X-5253,N,,9904187
2025-07-21,2025-07-21,"#1092, Daly City",JUAN DIAZ-1,9918,90,,,-$86.39,$500.42,$547.93,,X-5253,N,,9907896
2025-07-21,2025-07-21,"#1092, Daly City",JUAN DIAZ-1,9918,90,,,-$86.39,$500.42,$547.93,,X-5253,N,,9907896
2025-07-21,2025-07-21,"#null, SAN CARLOS",1,0,0,225 amber dr,,-$213.33,-$112.42,-$122.96,H6655-370089,X-5253,N,,9224244
2025-07-21,2025-07-21,"#null, DALY CITY",JUAN DIAZ-1,0,0,255 amber,,-$86.39,$500.42,$547.93,H1092-503806,X-5253,N,,9907896
2025-07-21,2025-07-22,"#null, COLMA II",JUAN DIAZ-1,0,0,255 Amber,,-$6.21,$222.00,$243.73,H0639-520075,X-5253,N,,9904187
2025-07-19,2025-07-19,"#1043, Vacaville",JUAN DIAZ-1,3140,90,,,-$13.91,$100.46,$108.62,,X-5253,N,,1903210
2025-07-19,2025-07-19,"#1043, Vacaville",JUAN DIAZ-1,3140,90,,,-$13.91,$100.46,$108.62,,X-5253,N,,1903210
2025-07-19,2025-07-19,"#null, VACAVILLE",JUAN DIAZ-1,0,0,490 south Ct,,-$13.91,$100.46,$108.62,H1043-332368,X-5253,N,,1903210
2025-07-18,2025-07-18,"#0627, Emeryville",JUAN DIAZ-1,725,90,,,-$2.22,$16.26,$17.97,,X-5253,N,,2904199
2025-07-18,2025-07-18,"#0627, Emeryville",JUAN DIAZ-1,725,90,,,-$2.22,$16.26,$17.97,,X-5253,N,,2904199
2025-07-18,2025-07-18,"#null, EMERYVILLE",JUAN DIAZ-1,0,0,1036 Wood St,,-$2.22,$16.26,$17.97,H0627-735841,X-5253,N,,2904199
2025-07-16,2025-07-16,"#0643, El Cerrito",JUAN DIAZ-1,1652,90,,,-$2.19,$27.17,$29.82,,X-5253,N,,4901023
2025-07-16,2025-07-16,"#0643, El Cerrito",JUAN DIAZ-1,1697,90,,,-$7.31,$84.89,$93.17,,X-5253,N,,4901061
2025-07-16,2025-07-16,"#1020, Tracy",JUAN DIAZ-1,4002,90,,,-$7.71,$114.75,$124.22,,X-5253,N,,4901760
2025-07-16,2025-07-16,"#1020, Tracy",JUAN DIAZ-1,4041,90,,,-$1.58,$17.15,$18.56,,X-5253,N,,4901783
2025-07-16,2025-07-16,"#1092, Daly City",JUAN DIAZ-1,8732,90,,,-$27.37,$360.33,$394.08,,X-5253,N,,4906846
2025-07-16,2025-07-16,"#0643, El Cerrito",JUAN DIAZ-1,1652,90,,,-$2.19,$27.17,$29.82,,X-5253,N,,4901023
2025-07-16,2025-07-16,"#0643, El Cerrito",JUAN DIAZ-1,1697,90,,,-$7.31,$84.89,$93.17,,X-5253,N,,4901061
2025-07-16,2025-07-16,"#1020, Tracy",JUAN DIAZ-1,4002,90,,,-$7.71,$114.75,$124.22,,X-5253,N,,4901760
2025-07-16,2025-07-16,"#1020, Tracy",JUAN DIAZ-1,4041,90,,,-$1.58,$17.15,$18.56,,X-5253,N,,4901783
2025-07-16,2025-07-16,"#1092, Daly City",JUAN DIAZ-1,8732,90,,,-$27.37,$360.33,$394.08,,X-5253,N,,4906846
2025-07-16,2025-07-16,"#null, DALY CITY",JUAN DIAZ-1,0,0,255 amber dr,,-$27.37,$360.33,$394.08,H1092-502951,X-5253,N,,4906846
2025-07-16,2025-07-16,"#null, EL CERRITO",JUAN DIAZ-1,0,0,2880 20th St,,-$2.19,$27.17,$29.82,H0643-495701,X-5253,N,,4901023
2025-07-16,2025-07-16,"#null, EL CERRITO",JUAN DIAZ-1,0,0,2880 20th St San Pab,,-$7.31,$84.89,$93.17,H0643-495735,X-5253,N,,4901061
2025-07-16,2025-07-16,"#null, TRACY",JUAN DIAZ-1,0,0,1680 tahoe city,,-$1.58,$17.15,$18.56,H1020-349520,X-5253,N,,4901783
2025-07-16,2025-07-16,"#null, TRACY",JUAN DIAZ-1,0,0,1680 tahoe circle,,-$7.71,$114.75,$124.22,H1020-349497,X-5253,N,,4901760
2025-07-14,2025-07-14,"#0643, El Cerrito",JUAN DIAZ-1,1364,90,,,-$6.35,$58.11,$63.78,,X-5253,N,,6900774
2025-07-15,2025-07-15,"#6672, East San Jose",JUAN DIAZ-1,6108,90,,,-$7.94,$144.31,$157.84,,"X-5253, X-5253",N,,"5203382,5904844"
2025-07-14,2025-07-14,"#0643, El Cerrito",JUAN DIAZ-1,1364,90,,,-$6.35,$58.11,$63.78,,X-5253,N,,6900774
2025-07-15,2025-07-15,"#6672, East San Jose",JUAN DIAZ-1,6108,90,,,-$7.94,$144.31,$157.84,,"X-5253, X-5253",N,,"5203382,5904844"
2025-07-15,2025-07-15,"#null, DALY CITY",1,0,0,1637 Orleans Dr,,-$27.25,-$53.48,-$58.77,H1092-502113,X-5253,N,,5200712
2025-07-15,2025-07-15,"#null, DALY CITY",1,0,0,1637 Orleans Dr,,-$35.76,-$2.94,-$3.26,H0627-733464,X-5253,N,,5200712
2025-07-15,2025-07-15,"#null, DALY CITY",1,0,0,1637 Orleans Dr,,-$14.69,-$17.94,-$19.42,H1020-341429,X-5253,N,,5200712
2025-07-15,2025-07-15,"#null, DALY CITY",1,0,0,1637 Orleans Dr,,-$1.68,-$95.68,-$105.00,H0643-494816,X-5253,N,,5200712
2025-07-15,2025-07-15,"#null, DALY CITY",1,0,0,1637 Orleans Dr,,-$3.42,-$212.59,-$233.58,H1092-499497,X-5253,N,,5200712
2025-07-15,2025-07-15,"#null, DALY CITY",1,0,0,1637 Orleans Dr,,-$37.14,-$54.70,-$60.09,H1092-499026,X-5253,N,,5200712
2025-07-15,2025-07-15,"#null, DALY CITY",1,0,0,1637 Orleans dr,,-$87.17,-$4.32,-$4.72,H6672-461342,X-5253,N,,5200712
2025-07-15,2025-07-16,"#null, EAST SAN JOSE",1,0,0,1637 orleans dr,,-$0.49,-$141.55,-$154.81,H6672-462677,"X-5253, X-5253",N,,5904844
2025-07-15,2025-07-15,"#null, EAST SAN JOSE",JUAN DIAZ-1,0,0,1637 orleans dr,,-$0.49,$144.31,$157.84,H6672-462677,X-5253,N,,5904844
2025-07-15,2025-07-15,"#null, DALY CITY",1,0,0,1637 Orleans Dr,,-$43.88,-$30.37,-$33.22,H6655-366972,X-5253,N,,5200712
2025-07-15,2025-07-15,"#null, DALY CITY",1,0,0,1637 Orleans Dr,,-$30.90,-$16.69,-$18.34,H0639-516644,X-5253,N,,5200712
2025-07-15,2025-07-15,"#null, DALY CITY",1,0,0,819 s mary ave,,-$199.70,-$12.97,-$14.20,H0639-505973,X-5253,N,,5200712
2025-07-15,2025-07-15,"#null, DALY CITY",1,0,0,255 Amber Dr,,-$459.08,-$470.80,-$514.94,H6655-366595,X-5253,N,,5200718
2025-07-15,2025-07-15,"#null, DALY CITY",1,0,0,1637 Orleans Dr,,-$16.56,-$42.97,-$47.21,H0639-518425,X-5253,N,,5200712
2025-07-14,2025-07-14,"#0643, El Cerrito",JUAN DIAZ-1,1271,90,,,-$63.79,$456.03,$500.49,,X-5253,N,,6900693
2025-07-14,2025-07-14,"#0643, El Cerrito",JUAN DIAZ-1,1271,90,,,-$63.79,$456.03,$500.49,,X-5253,N,,6900693
2025-07-14,2025-07-14,"#null, EAST SAN JOSE",1,0,0,1637 Orleans dr,,-$37.36,-$23.27,-$25.46,H6672-462087,X-5253,N,,6173377
2025-07-14,2025-07-14,"#null, SAN CARLOS",1,0,0,1637 Orleans dr,,-$37.36,-$32.83,-$35.91,H6672-462087,X-5253,N,,6223650
2025-07-14,2025-07-14,"#null, EL CERRITO",JUAN DIAZ-1,0,0,2880 20th St,,-$63.79,$456.03,$500.49,H0643-495366,X-5253,N,,6900693
2025-07-14,2025-07-14,"#null, SAN CARLOS",1,0,0,1637 Orleans dr,,-$47.24,-$280.45,-$306.74,H6672-461945,X-5253,N,,6223650
2025-07-14,2025-07-14,"#null, EAST SAN JOSE",1,0,0,1637 Orleans dr,,-$47.24,-$15.81,-$17.31,H6672-461945,X-5253,N,,6173377
2025-07-14,2025-07-14,"#null, EAST SAN JOSE",1,0,0,1637 Orleans Dr,,-$109.20,-$12.28,-$13.42,H1379-360582,X-5253,N,,6173377
2025-07-14,2025-07-14,"#null, SAN CARLOS",1,0,0,1637 Orleans dr,,-$10.29,-$110.63,-$121.01,H6672-460991,X-5253,N,,6223650
2025-07-14,2025-07-14,"#null, EAST SAN JOSE",1,0,0,1637 Orleans dr,,-$87.17,-$19.20,-$21.01,H6672-461342,X-5253,N,,6173377
2025-07-14,2025-07-14,"#null, SAN CARLOS",1,0,0,1637 Orleans dr,,-$87.17,-$166.61,-$182.24,H6672-461342,X-5253,N,,6223650
2025-07-14,2025-07-14,"#null, EAST SAN JOSE",1,0,0,1637 Orleans Dr,,-$13.19,-$6.95,-$7.60,H6672-461775,X-5253,N,,6173377
2025-07-14,2025-07-14,"#null, EAST SAN JOSE",1,0,0,1637 Orleans Dr,,-$4.84,-$15.02,-$16.43,H6672-462215,X-5253,N,,6173377
2025-07-14,2025-07-14,"#null, EAST SAN JOSE",1,0,0,1637 Orleans Dr,,-$3.86,-$8.34,-$9.12,H6672-462240,X-5253,N,,6173377
2025-07-14,2025-07-15,"#null, EL CERRITO",JUAN DIAZ-1,0,0,2880 20th St,,-$6.35,$58.11,$63.78,H0643-495455,X-5253,N,,6900774
2025-07-14,2025-07-14,"#null, EAST SAN JOSE",1,0,0,1637 Orleans Dr,,-$26.81,-$22.52,-$24.35,H1043-330690,X-5253,N,,6173377
2025-07-12,2025-07-12,"#0643, El Cerrito",JUAN DIAZ-1,952,90,,,-$19.56,$158.13,$173.50,,"X-5253, X-5253",N,,"8201776,8900423"
2025-07-12,2025-07-12,"#1092, Daly City",JUAN DIAZ-1,7742,90,,,-$5.73,$193.98,$212.53,,X-5253,N,,8905954
2025-07-12,2025-07-12,"#6655, The Home Depot Pro",JUAN DIAZ-1,7673,90,,,$0.00,$20.25,$22.25,,X-5253,N,,8903494
2025-07-12,2025-07-12,"#6672, East San Jose",JUAN DIAZ-1,5443,90,,,-$8.60,$187.57,$205.15,,"X-5253, X-5253",N,,"6173377,8904242"
2025-07-12,2025-07-12,"#6672, East San Jose",JUAN DIAZ-1,5477,90,,,-$3.86,$113.25,$123.87,,"X-5253, X-5253",N,,"6173377,8904276"
2025-07-12,2025-07-12,"#6672, East San Jose",JUAN DIAZ-1,5498,90,,,-$0.51,$5.39,$5.90,,X-5253,N,,8904294
2025-07-12,2025-07-12,"#0643, El Cerrito",JUAN DIAZ-1,952,90,,,-$19.56,$158.13,$173.50,,"X-5253, X-5253",N,,"8201776,8900423"
2025-07-12,2025-07-12,"#1092, Daly City",JUAN DIAZ-1,7742,90,,,-$5.73,$193.98,$212.53,,X-5253,N,,8905954
2025-07-12,2025-07-12,"#6655, The Home Depot Pro",JUAN DIAZ-1,7673,90,,,$0.00,$20.25,$22.25,,X-5253,N,,8903494
2025-07-12,2025-07-12,"#6672, East San Jose",JUAN DIAZ-1,5443,90,,,-$8.60,$187.57,$205.15,,"X-5253, X-5253",N,,"6173377,8904242"
2025-07-12,2025-07-12,"#6672, East San Jose",JUAN DIAZ-1,5477,90,,,-$3.86,$113.25,$123.87,,"X-5253, X-5253",N,,"6173377,8904276"
2025-07-12,2025-07-12,"#6672, East San Jose",JUAN DIAZ-1,5498,90,,,-$0.51,$5.39,$5.90,,X-5253,N,,8904294
2025-07-12,2025-07-12,"#null, THE HOME DEPOT PRO",JUAN DIAZ-1,0,0,155 GARDINER AVE,,$0.00,$20.25,$22.25,H6655-372552,X-5253,N,,8903494
2025-07-12,2025-07-12,"#null, DALY CITY",JUAN DIAZ-1,0,0,155 Gardiner Ave So,,-$5.73,$193.98,$212.53,H1092-502343,X-5253,N,,8905954
2025-07-12,2025-07-12,"#null, EAST SAN JOSE",JUAN DIAZ-1,0,0,1637 orleans dr,,-$0.51,$5.39,$5.90,H6672-462265,X-5253,N,,8904294
2025-07-12,2025-07-12,"#null, EAST SAN JOSE",JUAN DIAZ-1,0,0,1637 orleans dr,,-$4.84,$187.57,$205.15,H6672-462215,X-5253,N,,8904242
2025-07-12,2025-07-12,"#null, EAST SAN JOSE",JUAN DIAZ-1,0,0,1637 orleans dr,,-$3.86,$113.25,$123.87,H6672-462240,X-5253,N,,8904276
2025-07-12,2025-07-12,"#null, EL CERRITO",1,0,0,2880 20TH ST,,-$16.71,-$16.13,-$17.70,H0643-495074,X-5253,N,,8201776
2025-07-12,2025-07-12,"#null, EL CERRITO",JUAN DIAZ-1,0,0,2880 20TH ST,,-$16.71,$158.13,$173.50,H0643-495074,"X-5253, X-5253",N,,8900423
2025-07-11,2025-07-11,"#0627, Emeryville",JUAN DIAZ-1,8182,90,,,-$33.49,$213.25,$235.64,,X-5253,N,,9901905
2025-07-11,2025-07-11,"#0639, Colma II",JUAN DIAZ-1,6941,90,,,-$16.56,$397.02,$436.23,,"X-5253, X-5253",N,,"9902743,5200712"
2025-07-10,2025-07-10,"#0643, El Cerrito",JUAN DIAZ-1,655,90,,,-$0.91,$12.07,$13.25,,X-5253,N,,0900160
2025-07-11,2025-07-11,"#6672, East San Jose",JUAN DIAZ-1,5259,90,,,-$44.95,$431.94,$472.43,,"X-5253, X-5253, X-5253",N,,"6173377,9904079,6223650"
2025-07-11,2025-07-11,"#0627, Emeryville",JUAN DIAZ-1,8182,90,,,-$33.49,$213.25,$235.64,,X-5253,N,,9901905
2025-07-11,2025-07-11,"#0639, Colma II",JUAN DIAZ-1,6941,90,,,-$16.56,$397.02,$436.23,,"X-5253, X-5253",N,,"9902743,5200712"
2025-07-10,2025-07-10,"#0643, El Cerrito",JUAN DIAZ-1,655,90,,,-$0.91,$12.07,$13.25,,X-5253,N,,0900160
2025-07-11,2025-07-11,"#6672, East San Jose",JUAN DIAZ-1,5259,90,,,-$44.95,$431.94,$472.43,,"X-5253, X-5253, X-5253",N,,"6173377,9904079,6223650"
2025-07-11,2025-07-11,"#null, EAST SAN JOSE",JUAN DIAZ-1,0,0,1637 Orleans Dr,,-$37.36,$431.94,$472.43,H6672-462087,X-5253,N,,9904079
2025-07-11,2025-07-11,"#null, EMERYVILLE",JUAN DIAZ-1,0,0,1036 wood st,,-$33.49,$213.25,$235.64,H0627-733982,X-5253,N,,9901905
2025-07-11,2025-07-11,"#null, COLMA II",JUAN DIAZ-1,0,0,255 Amber dr,,-$16.56,$397.02,$436.23,H0639-518425,X-5253,N,,9902743
2025-07-10,2025-07-10,"#0627, Emeryville",JUAN DIAZ-1,7500,90,,,-$36.28,$233.03,$257.50,,"X-5253, X-5253",N,,"0901280,5200712"
2025-07-10,2025-07-10,"#0643, El Cerrito",JUAN DIAZ-1,633,90,,,-$20.89,$249.64,$273.98,,"X-5253, X-5253",N,,"0201663,0900140"
2025-07-10,2025-07-10,"#0643, El Cerrito",JUAN DIAZ-1,651,90,,,-$10.00,$117.95,$129.45,,"X-5253, X-5253",N,,"0900156,5200712"
2025-07-10,2025-07-10,"#1092, Daly City",JUAN DIAZ-1,7280,90,,,-$9.08,$286.24,$314.51,,X-5253,N,,0905542
2025-07-10,2025-07-10,"#1092, Daly City",JUAN DIAZ-1,7364,90,,,-$32.04,$294.34,$321.58,,"X-5253, X-5253",N,,"5200712,0905619"
2025-07-09,2025-07-09,"#6672, East San Jose",JUAN DIAZ-1,4819,90,,,-$13.64,$178.93,$195.70,,"X-5253, X-5253",N,,"6173377,1903675"
2025-07-10,2025-07-10,"#6672, East San Jose",JUAN DIAZ-1,4964,90,,,-$30.90,$167.67,$182.22,,X-5253,N,,0903806
2025-07-10,2025-07-10,"#6672, East San Jose",JUAN DIAZ-1,5051,90,,,-$99.19,$583.19,$637.86,,"X-5253, X-5253, X-5253",N,,"6173377,0903890,6223650"
2025-07-10,2025-07-10,"#0627, Emeryville",JUAN DIAZ-1,7500,90,,,-$36.28,$233.03,$257.50,,"X-5253, X-5253",N,,"0901280,5200712"
2025-07-10,2025-07-10,"#0643, El Cerrito",JUAN DIAZ-1,633,90,,,-$20.89,$249.64,$273.98,,"X-5253, X-5253",N,,"0201663,0900140"
2025-07-10,2025-07-10,"#0643, El Cerrito",JUAN DIAZ-1,651,90,,,-$10.00,$117.95,$129.45,,"X-5253, X-5253",N,,"0900156,5200712"
2025-07-10,2025-07-10,"#1092, Daly City",JUAN DIAZ-1,7280,90,,,-$9.08,$286.24,$314.51,,X-5253,N,,0905542
2025-07-10,2025-07-10,"#1092, Daly City",JUAN DIAZ-1,7364,90,,,-$32.04,$294.34,$321.58,,"X-5253, X-5253",N,,"5200712,0905619"
2025-07-09,2025-07-09,"#6672, East San Jose",JUAN DIAZ-1,4819,90,,,-$13.64,$178.93,$195.70,,"X-5253, X-5253",N,,"6173377,1903675"
2025-07-10,2025-07-10,"#6672, East San Jose",JUAN DIAZ-1,4964,90,,,-$30.90,$167.67,$182.22,,X-5253,N,,0903806
2025-07-10,2025-07-10,"#6672, East San Jose",JUAN DIAZ-1,5051,90,,,-$99.19,$583.19,$637.86,,"X-5253, X-5253, X-5253",N,,"6173377,0903890,6223650"
2025-07-10,2025-07-10,"#null, DALY CITY",JUAN DIAZ-1,0,0,255 Amber,,-$27.25,$294.34,$321.58,H1092-502113,X-5253,N,,0905619
2025-07-10,2025-07-10,"#null, EMERYVILLE",JUAN DIAZ-1,0,0,1036 Wood St,,-$35.76,$233.03,$257.50,H0627-733464,X-5253,N,,0901280
2025-07-10,2025-07-10,"#null, DALY CITY",JUAN DIAZ-1,0,0,255 Amber st,,-$9.08,$286.24,$314.51,H1092-502038,X-5253,N,,0905542
2025-07-10,2025-07-10,"#null, EAST SAN JOSE",JUAN DIAZ-1,0,0,1637 Orleans dr,,-$47.24,$583.19,$637.86,H6672-461945,X-5253,N,,0903890
2025-07-10,2025-07-10,"#null, EMERYVILLE",1,0,0,1036 Wood St,,-$4.50,-$8.94,-$9.88,H0627-733197,X-5253,N,,0211092
2025-07-10,2025-07-10,"#null, EL CERRITO",JUAN DIAZ-1,0,0,2880 20th st San Pab,,-$1.68,$117.95,$129.45,H0643-494816,X-5253,N,,0900156
2025-07-10,2025-07-11,"#null, EL CERRITO",JUAN DIAZ-1,0,0,2880 20th st San Pab,,-$0.91,$12.07,$13.25,H0643-494818,X-5253,N,,0900160
2025-07-10,2025-07-10,"#null, EAST SAN JOSE",JUAN DIAZ-1,0,0,1637 Orleans dr,,-$30.90,$167.67,$182.22,H6672-461877,X-5253,N,,0903806
2025-07-10,2025-07-10,"#null, EL CERRITO",1,0,0,"2880 20TH ST SAN , 2880 20TH ST SAN PAB",,-$2.57,-$210.68,-$231.23,H0643-494787,"X-5253, X-5253",N,,0900140
2025-07-10,2025-07-10,"#null, EL CERRITO",JUAN DIAZ-1,0,0,2880 20th st San Pab,,-$2.57,$249.64,$273.98,H0643-494787,X-5253,N,,0900140
2025-07-09,2025-07-09,"#0627, Emeryville",JUAN DIAZ-1,7177,90,,,-$5.50,$90.44,$99.29,,"X-5253, X-5253",N,,"0211092,1900982"
2025-07-09,2025-07-09,"#6672, East San Jose",JUAN DIAZ-1,4637,90,,,-$116.21,$531.85,$581.69,,X-5253,N,,1903499
2025-07-09,2025-07-09,"#6672, East San Jose",JUAN DIAZ-1,4719,90,,,-$9.53,$97.05,$106.15,,X-5253,N,,1903581
2025-07-09,2025-07-09,"#0627, Emeryville",JUAN DIAZ-1,7177,90,,,-$5.50,$90.44,$99.29,,"X-5253, X-5253",N,,"0211092,1900982"
2025-07-09,2025-07-09,"#6672, East San Jose",JUAN DIAZ-1,4637,90,,,-$116.21,$531.85,$581.69,,X-5253,N,,1903499
2025-07-09,2025-07-09,"#6672, East San Jose",JUAN DIAZ-1,4719,90,,,-$9.53,$97.05,$106.15,,X-5253,N,,1903581
2025-07-09,2025-07-09,"#null, EAST SAN JOSE",JUAN DIAZ-1,0,0,1637 Orleans dr,,-$116.21,$531.85,$581.69,H6672-461625,X-5253,N,,1903499
2025-07-09,2025-07-09,"#null, EMERYVILLE",JUAN DIAZ-1,0,0,1036 Wood St,,-$4.50,$90.44,$99.29,H0627-733197,X-5253,N,,1900982
2025-07-09,2025-07-10,"#null, EAST SAN JOSE",JUAN DIAZ-1,0,0,2736,,-$13.19,$178.93,$195.70,H6672-461775,X-5253,N,,1903675
2025-07-09,2025-07-09,"#null, EAST SAN JOSE",JUAN DIAZ-1,0,0,1637 Orleans Dr,,-$9.53,$97.05,$106.15,H6672-461700,X-5253,N,,1903581
2025-07-08,2025-07-08,"#0627, Emeryville",JUAN DIAZ-1,6687,90,,,-$38.55,$335.24,$370.44,,X-5253,N,,2900534
2025-07-08,2025-07-08,"#1043, Vacaville",JUAN DIAZ-1,1588,90,,,-$11.91,$140.29,$151.69,,X-5253,N,,2901843
2025-07-08,2025-07-08,"#6672, East San Jose",JUAN DIAZ-1,4385,90,,,-$133.88,$705.10,$770.04,,X-5253,N,,2903277
2025-07-08,2025-07-08,"#6672, East San Jose",JUAN DIAZ-1,4479,90,,,-$58.70,$440.88,$482.21,,X-5253,N,,2903363
2025-07-08,2025-07-08,"#6672, East San Jose",JUAN DIAZ-1,4526,90,,,-$8.17,$148.09,$161.97,,X-5253,N,,2903408
2025-07-08,2025-07-08,"#0627, Emeryville",JUAN DIAZ-1,6687,90,,,-$38.55,$335.24,$370.44,,X-5253,N,,2900534
2025-07-08,2025-07-08,"#1043, Vacaville",JUAN DIAZ-1,1588,90,,,-$11.91,$140.29,$151.69,,X-5253,N,,2901843
2025-07-07,2025-07-07,"#6672, East San Jose",JUAN DIAZ-1,4284,90,,,-$111.67,"$1,201.53","$1,314.17",,"X-5253, X-5253, X-5253, X-5253",N,,"6173377,3903185,5200712,6223650"
2025-07-08,2025-07-08,"#6672, East San Jose",JUAN DIAZ-1,4385,90,,,-$133.88,$705.10,$770.04,,X-5253,N,,2903277
2025-07-08,2025-07-08,"#6672, East San Jose",JUAN DIAZ-1,4479,90,,,-$58.70,$440.88,$482.21,,X-5253,N,,2903363
2025-07-08,2025-07-08,"#6672, East San Jose",JUAN DIAZ-1,4526,90,,,-$8.17,$148.09,$161.97,,X-5253,N,,2903408
2025-07-07,2025-07-07,"#6672, East San Jose",JUAN DIAZ-1,4284,90,,,-$111.67,"$1,201.53","$1,314.17",,"X-5253, X-5253, X-5253, X-5253",N,,"6173377,3903185,5200712,6223650"
2025-07-08,2025-07-08,"#null, VACAVILLE",JUAN DIAZ-1,0,0,490 s ct dixon,,-$11.91,$140.29,$151.69,H1043-331035,X-5253,N,,2901843
2025-07-08,2025-07-08,"#null, EAST SAN JOSE",JUAN DIAZ-1,0,0,1637 Orleans Dr,,-$8.17,$148.09,$161.97,H6672-461571,X-5253,N,,2903408
2025-07-08,2025-07-08,"#null, EAST SAN JOSE",JUAN DIAZ-1,0,0,1637 orleans dr,,-$58.70,$440.88,$482.21,H6672-461536,X-5253,N,,2903363
2025-07-08,2025-07-08,"#null, EAST SAN JOSE",JUAN DIAZ-1,0,0,1637 orleans dr,,-$133.88,$705.10,$770.04,H6672-461430,X-5253,N,,2903277
2025-07-08,2025-07-08,"#null, EMERYVILLE",JUAN DIAZ-1,0,0,1036 Wood St,,-$38.55,$335.24,$370.44,H0627-732842,X-5253,N,,2900534
2025-07-07,2025-07-07,"#6672, East San Jose",JUAN DIAZ-1,4150,90,,,-$12.63,$179.84,$196.70,,X-5253,N,,3903059
2025-07-07,2025-07-07,"#6672, East San Jose",JUAN DIAZ-1,4208,90,,,-$0.68,$34.83,$36.36,,X-5253,N,,3903113
2025-07-07,2025-07-07,"#6672, East San Jose",JUAN DIAZ-1,4255,90,,,-$1.82,$76.07,$83.15,,X-5253,N,,3903158
2025-07-07,2025-07-07,"#6672, East San Jose",JUAN DIAZ-1,4150,90,,,-$12.63,$179.84,$196.70,,X-5253,N,,3903059
2025-07-07,2025-07-07,"#6672, East San Jose",JUAN DIAZ-1,4208,90,,,-$0.68,$34.83,$36.36,,X-5253,N,,3903113
2025-07-07,2025-07-07,"#6672, East San Jose",JUAN DIAZ-1,4255,90,,,-$1.82,$76.07,$83.15,,X-5253,N,,3903158
2025-07-07,2025-07-08,"#null, EAST SAN JOSE",JUAN DIAZ-1,0,0,1637 Orleans Dr,,-$87.17,"$1,201.53","$1,314.17",H6672-461342,X-5253,N,,3903185
2025-07-07,2025-07-07,"#null, EAST SAN JOSE",JUAN DIAZ-1,0,0,1637 orleans dr,,-$1.82,$76.07,$83.15,H6672-461317,X-5253,N,,3903158
2025-07-07,2025-07-07,"#null, EAST SAN JOSE",JUAN DIAZ-1,0,0,1637 orleans dr,,-$12.63,$179.84,$196.70,H6672-461226,X-5253,N,,3903059
2025-07-07,2025-07-07,"#null, EAST SAN JOSE",JUAN DIAZ-1,0,0,1637 orleans dr,,-$0.68,$34.83,$36.36,H6672-461272,X-5253,N,,3903113
2025-07-05,2025-07-05,"#0643, El Cerrito",JUAN DIAZ-1,9511,90,,,-$13.11,$356.63,$391.40,,"X-5253, X-5253, X-5253",N,,"5904433,0212708,5201434"
2025-07-05,2025-07-05,"#0643, El Cerrito",JUAN DIAZ-1,9511,90,,,-$13.11,$356.63,$391.40,,"X-5253, X-5253, X-5253",N,,"5904433,0212708,5201434"
2025-07-05,2025-07-06,"#null, EL CERRITO",1,0,0,2880 20th St San,,-$11.56,-$219.61,-$241.03,H0643-493909,X-5253,N,,5201434
2025-07-05,2025-11-07,"#0643, El Cerrito",EQUITY TRACK ACCOUNTING DEPT,9511,90,"2880 20TH ST SAN PAB , 2880 20TH ST SAN",,-$13.11,$356.63,$391.40,H0643-493909,"X-5253, X-5253",N,,5904433
2025-07-04,2025-07-04,"#1043, Vacaville",JUAN DIAZ-1,1051,90,,,-$28.00,$743.71,$803.63,,"X-5253, X-5253",N,,"6173377,6901374"
2025-07-04,2025-07-04,"#6621, Capitol Expressway",JUAN DIAZ-1,3873,90,,,-$138.10,$569.51,$622.90,,X-5253,N,,6904157
2025-07-04,2025-07-04,"#6672, East San Jose",JUAN DIAZ-1,3727,90,,,-$17.16,$273.34,$297.64,,"X-5253, X-5253",N,,"6902695,6223650"
2025-07-04,2025-07-04,"#1043, Vacaville",JUAN DIAZ-1,1051,90,,,-$28.00,$743.71,$803.63,,"X-5253, X-5253",N,,"6173377,6901374"
2025-07-04,2025-07-04,"#6621, Capitol Expressway",JUAN DIAZ-1,3873,90,,,-$138.10,$569.51,$622.90,,X-5253,N,,6904157
2025-07-04,2025-07-04,"#6672, East San Jose",JUAN DIAZ-1,3727,90,,,-$17.16,$273.34,$297.64,,"X-5253, X-5253",N,,"6902695,6223650"
2025-07-04,2025-07-04,"#null, EAST SAN JOSE",JUAN DIAZ-1,0,0,1637 orleans dr,,-$10.29,$273.34,$297.64,H6672-460991,X-5253,N,,6902695
2025-07-04,2025-07-04,"#null, CAPITOL EXPRESSWAY",JUAN DIAZ-1,0,0,1637 Orleans Dr,,-$138.10,$569.51,$622.90,H6621-342223,X-5253,N,,6904157
2025-07-04,2025-07-04,"#null, VACAVILLE",JUAN DIAZ-1,0,0,490 South Ct,,-$26.81,$743.71,$803.63,H1043-330690,X-5253,N,,6901374
2025-07-03,2025-07-03,"#6672, East San Jose",JUAN DIAZ-1,3527,90,,,-$55.18,$880.30,$961.32,,X-5253,N,,7902519
2025-07-03,2025-07-03,"#6672, East San Jose",JUAN DIAZ-1,3527,90,,,-$55.18,$880.30,$961.32,,X-5253,N,,7902519
2025-07-03,2025-07-03,"#null, EAST SAN JOSE",JUAN DIAZ-1,0,0,1637 Orleans Dr,,-$55.18,$880.30,$961.32,H6672-460853,X-5253,N,,7902519
2025-07-01,2025-07-01,"#0639, Colma II",JUAN DIAZ-1,5265,90,,,-$33.18,$522.67,$574.25,,"X-5253, X-5253",N,,"9901270,5200712"
2025-07-02,2025-07-02,"#6672, East San Jose",JUAN DIAZ-1,3184,90,,,-$66.90,$700.70,$765.23,,X-5253,N,,8902195
2025-07-01,2025-07-01,"#0639, Colma II",JUAN DIAZ-1,5265,90,,,-$33.18,$522.67,$574.25,,"X-5253, X-5253",N,,"9901270,5200712"
2025-07-02,2025-07-02,"#6672, East San Jose",JUAN DIAZ-1,3184,90,,,-$66.90,$700.70,$765.23,,X-5253,N,,8902195
2025-07-02,2025-07-02,"#null, EAST SAN JOSE",JUAN DIAZ-1,0,0,1637 Orleans dr,,-$66.90,$700.70,$765.23,H6672-460573,X-5253,N,,8902195
2025-07-01,2025-07-01,"#6672, East San Jose",JUAN DIAZ-1,2912,90,,,-$442.60,"$2,336.36","$2,554.81",,X-5253,N,,9901945
2025-07-01,2025-07-01,"#6672, East San Jose",JUAN DIAZ-1,2912,90,,,-$442.60,"$2,336.36","$2,554.81",,X-5253,N,,9901945
2025-07-01,2025-07-02,"#null, COLMA II",JUAN DIAZ-1,0,0,255 Amber Drive,,-$30.90,$522.67,$574.25,H0639-516644,X-5253,N,,9901270
2025-07-01,2025-07-01,"#null, EAST SAN JOSE",JUAN DIAZ-1,0,0,1637 Orleans Dr SJ,,-$442.60,"$2,336.36","$2,554.81",H6672-460371,X-5253,N,,9901945
2025-06-30,2025-06-30,"#0639, Colma II",JUAN DIAZ-1,5025,90,,,-$41.10,$245.26,$267.09,,"X-5253, X-5253",N,,"8200752,0901059"
2025-06-30,2025-06-30,"#1092, Daly City",JUAN DIAZ-1,172,97,,,-$71.94,$238.04,$261.55,,X-5253,N,,0971182
2025-06-30,2025-06-30,"#0639, Colma II",JUAN DIAZ-1,5025,90,,,-$41.10,$245.26,$267.09,,"X-5253, X-5253",N,,"8200752,0901059"
2025-06-30,2025-06-30,"#1092, Daly City",JUAN DIAZ-1,172,97,,,-$71.94,$238.04,$261.55,,X-5253,N,,0971182
2025-06-30,2025-09-30,"#0639, Colma II",EQUITY TRACK ACCOUNTING DEPT,5025,90,255 AMBER DR,,-$41.10,$245.26,$267.09,H0639-516369,"X-5253, X-1766, X-5253, X-5880",N,,0901059
2025-06-30,2025-06-30,"#null, DALY CITY",JUAN DIAZ-1,0,0,519 Orizaba ave,,-$71.94,$238.04,$261.55,H1092-500464,X-5253,N,,0971182
2025-06-28,2025-06-28,"#6655, The Home Depot Pro",JUAN DIAZ-1,4802,90,,,-$7.52,$241.95,$264.41,,X-5253,N,,2900888
2025-06-28,2025-06-28,"#6655, The Home Depot Pro",JUAN DIAZ-1,4869,90,,,-$15.58,$296.91,$323.96,,X-5253,N,,2900953
2025-06-28,2025-06-28,"#6655, The Home Depot Pro",JUAN DIAZ-1,4890,90,,,-$0.43,$14.19,$15.51,,X-5253,N,,2900974
2025-06-28,2025-06-28,"#6655, The Home Depot Pro",JUAN DIAZ-1,4891,90,,,-$2.94,$95.36,$104.24,,X-5253,N,,2900975
2025-06-28,2025-06-28,"#6672, East San Jose",JUAN DIAZ-1,2300,90,,,$0.00,$219.30,$239.28,,"X-5253, X-5253",N,,"8200752,2901404"
2025-06-28,2025-06-28,THE HOME DEPOT,EQUITY TRACK INC-1,6262,61,,,-$182.70,$431.00,$468.17,,X-5253,N,,2610418
2025-06-28,2025-06-28,THE HOME DEPOT,EQUITY TRACK INC-1,6262,61,,,-$182.70,$431.00,$468.17,,X-5253,N,,2610418
2025-06-28,2025-06-28,"#6655, The Home Depot Pro",JUAN DIAZ-1,4802,90,,,-$7.52,$241.95,$264.41,,X-5253,N,,2900888
2025-06-28,2025-06-28,"#6655, The Home Depot Pro",JUAN DIAZ-1,4869,90,,,-$15.58,$296.91,$323.96,,X-5253,N,,2900953
2025-06-28,2025-06-28,"#6655, The Home Depot Pro",JUAN DIAZ-1,4890,90,,,-$0.43,$14.19,$15.51,,X-5253,N,,2900974
2025-06-28,2025-06-28,"#6655, The Home Depot Pro",JUAN DIAZ-1,4891,90,,,-$2.94,$95.36,$104.24,,X-5253,N,,2900975
2025-06-28,2025-06-28,"#6672, East San Jose",JUAN DIAZ-1,2300,90,,,$0.00,$219.30,$239.28,,"X-5253, X-5253",N,,"8200752,2901404"
2025-06-28,2025-09-30,"#6672, East San Jose",EQUITY TRACK ACCOUNTING DEPT,2300,90,1637 orleans dr,,$0.00,$219.30,$239.28,H6672-459959,"X-5253, X-5253",N,,2901404
2025-06-28,2025-06-28,"#null, THE HOME DEPOT PRO",JUAN DIAZ-1,0,0,519 ORIZABA AVE SF,,-$7.52,$241.95,$264.41,H6655-370647,X-5253,N,,2900888
2025-06-28,2025-06-28,"#null, THE HOME DEPOT PRO",JUAN DIAZ-1,0,0,519 orizaba ave,,-$15.58,$296.91,$323.96,H6655-370669,X-5253,N,,2900953
2025-06-28,2025-06-28,"#null, THE HOME DEPOT PRO",JUAN DIAZ-1,0,0,519 orizaba,,-$2.94,$95.36,$104.24,H6655-370678,X-5253,N,,2900975
2025-06-28,2025-06-28,"#null, THE HOME DEPOT PRO",JUAN DIAZ-1,0,0,519 orizzaba ave,,-$0.43,$14.19,$15.51,H6655-370675,X-5253,N,,2900974
2025-06-27,2025-06-27,"#0628, SAN CARLOS",EQUITY TRACK ACCOUNTING DEPT,105,1,glenn office,,$0.00,$176.98,$193.33,,X-0475,N,,3010805
2025-06-27,2025-06-27,"#0639, Colma II",JUAN DIAZ-1,4524,90,,,-$1.49,$117.93,$128.99,,X-5253,N,,3900620
2025-06-27,2025-06-27,"#1043, Vacaville",JUAN DIAZ-1,25,90,,,-$2.11,$48.87,$52.84,,X-5253,N,,3900478
2025-06-27,2025-06-27,"#1092, Daly City",JUAN DIAZ-1,76,97,,,-$219.10,"$1,103.33","$1,211.70",,X-5253,N,,3971125
2025-06-27,2025-06-27,"#6655, The Home Depot Pro",JUAN DIAZ-1,4613,90,,,-$33.96,$688.97,$753.56,,X-5253,N,,3900711
2025-06-27,2025-06-27,"#0639, Colma II",JUAN DIAZ-1,4524,90,,,-$1.49,$117.93,$128.99,,X-5253,N,,3900620
2025-06-27,2025-06-27,"#1043, Vacaville",JUAN DIAZ-1,25,90,,,-$2.11,$48.87,$52.84,,X-5253,N,,3900478
2025-06-27,2025-06-27,"#6655, The Home Depot Pro",JUAN DIAZ-1,4613,90,,,-$33.96,$688.97,$753.56,,X-5253,N,,3900711
2025-06-27,2025-06-27,"#1092, Daly City",JUAN DIAZ-1,76,97,,,-$219.10,"$1,103.33","$1,211.70",,X-5253,N,,3971125
2025-06-27,2025-06-27,"#null, COLMA II",JUAN DIAZ-1,0,0,340 VALLEJO DR NO 50,,-$1.49,$117.93,$128.99,H0639-515829,X-5253,N,,3900620
2025-06-27,2025-06-27,"#null, THE HOME DEPOT PRO",JUAN DIAZ-1,0,0,340 VALLEJO DR,,-$33.96,$688.97,$753.56,H6655-370516,X-5253,N,,3900711
2025-06-27,2025-06-27,"#null, VACAVILLE",JUAN DIAZ-1,0,0,"490 south ct, dixon",,-$2.11,$48.87,$52.84,H1043-330021,X-5253,N,,3900478
2025-06-27,2025-06-27,"#null, DALY CITY",JUAN DIAZ-1,0,0,519 Orizaba ave sf,,-$219.10,"$1,103.33","$1,211.70",H1092-500130,X-5253,N,,3971125
2025-06-26,2025-06-26,"#0628, San Carlos",JUAN DIAZ-1,3329,90,,,-$4.97,$81.67,$89.33,,X-5253,N,,4902060
2025-06-26,2025-06-26,"#0639, Colma II",JUAN DIAZ-1,4429,90,,,-$106.06,$570.98,$624.51,,X-5253,N,,4900543
2025-06-26,2025-06-26,"#1043, Vacaville",JUAN DIAZ-1,9848,90,,,-$5.39,$360.13,$389.39,,"X-5253, X-5253",N,,"4200230,4900325"
2025-06-26,2025-06-26,"#1092, Daly City",JUAN DIAZ-1,3931,90,,,-$45.74,$253.54,$278.58,,X-5253,N,,4902578
2025-06-26,2025-06-26,"#0628, San Carlos",JUAN DIAZ-1,3329,90,,,-$4.97,$81.67,$89.33,,X-5253,N,,4902060
2025-06-26,2025-06-26,"#0639, Colma II",JUAN DIAZ-1,4429,90,,,-$106.06,$570.98,$624.51,,X-5253,N,,4900543
2025-06-26,2025-06-26,"#1043, Vacaville",JUAN DIAZ-1,9848,90,,,-$5.39,$360.13,$389.39,,"X-5253, X-5253",N,,"4200230,4900325"
2025-06-26,2025-06-26,"#1092, Daly City",JUAN DIAZ-1,3931,90,,,-$45.74,$253.54,$278.58,,X-5253,N,,4902578
2025-06-26,2025-06-26,"#null, SAN CARLOS",JUAN DIAZ-1,0,0,177 glenway,,-$4.97,$81.67,$89.33,H0628-506983,X-5253,N,,4902060
2025-06-26,2025-06-26,"#null, VACAVILLE",1,0,0,490 south ct,,-$5.39,-$259.00,-$280.04,H1043-329898,X-5253,N,,4200230
2025-06-26,2025-06-26,"#null, VACAVILLE",JUAN DIAZ-1,0,0,490 south ct,,-$5.39,$360.13,$389.39,H1043-329898,"X-5253, X-5253",N,,4900325
2025-06-26,2025-06-26,"#null, DALY CITY",JUAN DIAZ-1,0,0,255 Amber,,-$45.74,$253.54,$278.58,H1092-499968,X-5253,N,,4902578
2025-06-26,2025-06-26,"#null, COLMA II",JUAN DIAZ-1,0,0,255 AMBER DR,,-$106.06,$570.98,$624.51,H0639-515715,X-5253,N,,4900543
2025-06-25,2025-06-25,"#1020, Tracy",JUAN DIAZ-1,647,90,,,-$2.96,$26.65,$28.85,,X-5253,N,,5904168
2025-06-25,2025-06-25,"#1043, Vacaville",JUAN DIAZ-1,9714,90,,,-$1.99,$83.60,$89.39,,X-5253,N,,5900206
2025-06-25,2025-06-25,"#1020, Tracy",JUAN DIAZ-1,647,90,,,-$2.96,$26.65,$28.85,,X-5253,N,,5904168
2025-06-25,2025-06-25,"#1043, Vacaville",JUAN DIAZ-1,9714,90,,,-$1.99,$83.60,$89.39,,X-5253,N,,5900206
2025-06-25,2025-06-28,online,EQUITY TRACK INC-1,0,0,Back up Tile 255,,-$182.70,$431.00,$468.17,WN23533038,X-5253,N,,2610418
2025-06-25,2025-06-25,"#null, TRACY",JUAN DIAZ-1,0,0,1680 tahoe circle,,-$2.96,$26.65,$28.85,H1020-346929,X-5253,N,,5904168
2025-06-25,2025-06-25,"#null, VACAVILLE",JUAN DIAZ-1,0,0,490 SOUTH CT DIXON C,,-$1.99,$83.60,$89.39,H1043-329809,X-5253,N,,5900206
2025-06-23,2025-06-23,"#1092, Daly City",JUAN DIAZ-1,3279,90,,,-$27.08,$271.70,$297.31,,"X-5253, X-5253",N,,"7901993,5200712"
2025-06-23,2025-06-23,"#1092, Daly City",JUAN DIAZ-1,3279,90,,,-$27.08,$271.70,$297.31,,"X-5253, X-5253",N,,"7901993,5200712"
2025-06-24,2025-06-24,"#1020, Tracy",JUAN DIAZ-1,459,90,,,-$11.61,$191.84,$207.65,,"X-5253, X-5253",N,,"6903998,6180279"
2025-06-24,2025-06-24,"#1020, Tracy",JUAN DIAZ-1,511,90,,,$0.00,$29.46,$31.38,,X-5253,N,,6904048
2025-06-24,2025-06-24,"#6655, The Home Depot Pro",JUAN DIAZ-1,4022,90,,,-$225.86,"$1,889.34","$2,064.11",,"X-5253, X-5253",N,,"6900160,9224244"
2025-06-24,2025-06-24,"#1020, Tracy",JUAN DIAZ-1,459,90,,,-$11.61,$191.84,$207.65,,"X-5253, X-5253",N,,"6903998,6180279"
2025-06-24,2025-06-24,"#1020, Tracy",JUAN DIAZ-1,511,90,,,$0.00,$29.46,$31.38,,X-5253,N,,6904048
2025-06-24,2025-06-24,"#6655, The Home Depot Pro",JUAN DIAZ-1,4022,90,,,-$225.86,"$1,889.34","$2,064.11",,"X-5253, X-5253",N,,"6900160,9224244"
2025-06-24,2025-06-24,"#null, THE HOME DEPOT PRO",JUAN DIAZ-1,0,0,225 amber dr,,-$213.33,"$1,889.34","$2,064.11",H6655-370089,X-5253,N,,6900160
2025-06-24,2025-06-24,"#null, TRACY",JUAN DIAZ-1,0,0,1680 Tahoe Cir.,,$0.00,$29.46,$31.38,H1020-346811,X-5253,N,,6904048
2025-06-24,2025-06-24,"#null, TRACY",1,0,0,1680 Tahoe Circl,,-$11.61,-$97.66,-$105.72,H1020-346750,X-5253,N,,6180279
2025-06-24,2025-06-24,"#null, TRACY",JUAN DIAZ-1,0,0,"1680 TAHOE CIRCL , 1680 TAHOE CIRCLE",,-$11.61,$191.84,$207.65,H1020-346750,"X-5253, X-5253",N,,6903998
2025-06-23,2025-06-23,"#6655, The Home Depot Pro",JUAN DIAZ-1,3720,90,,,-$12.09,"$1,851.73","$2,025.33",,X-5253,N,,7904925
2025-06-23,2025-06-23,"#6655, The Home Depot Pro",JUAN DIAZ-1,3723,90,,,-$110.03,$703.43,$769.38,,X-5253,N,,7904928
2025-06-23,2025-06-23,"#6655, The Home Depot Pro",JUAN DIAZ-1,3720,90,,,-$12.09,"$1,851.73","$2,025.33",,X-5253,N,,7904925
2025-06-23,2025-06-23,"#6655, The Home Depot Pro",JUAN DIAZ-1,3723,90,,,-$110.03,$703.43,$769.38,,X-5253,N,,7904928
2025-06-23,2025-06-23,"#null, THE HOME DEPOT PRO",JUAN DIAZ-1,0,0,marvin,,-$12.09,"$1,851.73","$2,025.33",H6655-369859,X-5253,N,,7904925
2025-06-23,2025-06-23,"#null, THE HOME DEPOT PRO",JUAN DIAZ-1,0,0,255 amber dr,,-$110.03,$703.43,$769.38,H6655-369862,X-5253,N,,7904928
2025-06-23,2025-06-24,"#null, DALY CITY",JUAN DIAZ-1,0,0,255 amber drive,,-$3.42,$271.70,$297.31,H1092-499497,X-5253,N,,7901993
2025-06-21,2025-06-21,"#1043, Vacaville",JUAN DIAZ-1,9209,90,,,-$53.82,$544.18,$588.39,,X-5253,N,,9904903
2025-06-21,2025-06-21,"#1043, Vacaville",JUAN DIAZ-1,9209,90,,,-$53.82,$544.18,$588.39,,X-5253,N,,9904903
2025-06-20,2025-09-30,"#1043, Vacaville",0300EEFCF5CF19737S,5044,22,340 VALLEJO DR M,,-$3.39,-$39.37,-$42.57,H1043-328750,X-5253,N,,
2025-06-20,2026-05-22,"#1043, Vacaville",0300EEFCF5CF19737S,5044,22,255 AMBER DRIVE,,-$8.88,-$61.84,-$66.86,H1043-327866,X-5253,N,,0220577
2025-06-20,2026-05-22,"#1043, Vacaville",0300EEFCF5CF19737S,5044,22,255 AMBER DRIVE,,-$5.41,-$97.69,-$105.64,H1043-327801,X-5253,N,,0220577
2025-06-21,2025-06-21,"#null, VACAVILLE",JUAN DIAZ-1,0,0,490 South Ct Dixon,,-$53.82,$544.18,$588.39,H1043-329400,X-5253,N,,9904903
2025-06-20,2025-09-30,"#1043, Vacaville",0300EEFCF5CF19737S,5044,22,340 VALLEJO DR M,,-$2.17,-$8.68,-$9.53,H0643-487027,X-5253,N,,
2025-06-20,2025-06-20,"#0639, Colma II",EQUITY TRACK ACCOUNTING DEPT,7048,51,,,$0.00,$57.91,$63.34,,X-0475,N,,
2025-06-20,2025-06-20,"#1043, VACAVILLE",1,5044,22,340 VALLEJO DR M,,-$85.31,-$752.81,-$815.73,,"X-1511, X-5253, X-3017, X-3034",N,,0220577
2025-06-20,2025-06-20,"#1043, VACAVILLE",EQUITY TRACK ACCOUNTING DEPT,5046,22,490 South Ct,,-$19.99,$103.23,$111.62,,X-3017,N,,0220580
2025-06-19,2025-06-19,"#1043, Vacaville",JUAN DIAZ-1,8964,90,,,-$256.20,"$1,985.24","$2,146.54",,"X-5253, X-5253",N,,"0220576,1904688"
2025-06-20,2025-06-20,"#1043, Vacaville",JUAN DIAZ-1,9088,90,,,-$79.86,$875.03,$944.12,,X-5253,N,,0904799
2025-06-20,2025-06-20,"#1092, Daly City",EQUITY TRACK ACCOUNTING DEPT,9744,97,,,-$2.45,$137.96,$151.24,,"X-0475, X-0475",N,,
2025-06-20,2025-06-20,"#6655, The Home Depot Pro",JUAN DIAZ-1,3200,90,,,-$11.43,$230.13,$251.52,,X-5253,N,,0904439
2025-06-20,2025-06-20,"#0639, Colma II",EQUITY TRACK ACCOUNTING DEPT,7048,51,,,$0.00,$57.91,$63.34,,X-0475,N,,
2025-06-19,2025-06-19,"#1043, Vacaville",JUAN DIAZ-1,8964,90,,,-$256.20,"$1,985.24","$2,146.54",,"X-5253, X-5253",N,,"0220576,1904688"
2025-06-20,2025-06-20,"#1043, Vacaville",JUAN DIAZ-1,9088,90,,,-$79.86,$875.03,$944.12,,X-5253,N,,0904799
2025-06-20,2025-06-20,"#6655, The Home Depot Pro",JUAN DIAZ-1,3200,90,,,-$11.43,$230.13,$251.52,,X-5253,N,,0904439
2025-06-20,2025-06-20,"#1092, Daly City",EQUITY TRACK ACCOUNTING DEPT,9744,97,,,-$2.45,$137.96,$151.24,,"X-0475, X-0475",N,,
2025-06-20,2025-06-21,"#null, VACAVILLE",1,0,0,340 VALLEJO DR M,,-$12.70,-$107.84,-$116.61,H1043-329118,X-5253,N,,0220577
2025-06-20,2025-06-21,"#null, VACAVILLE",1,0,0,340 VALLEJO DR M,,-$11.10,-$39.37,-$42.57,H1043-328750,X-5253,N,,0220577
2025-06-20,2025-06-21,"#null, VACAVILLE",1,0,0,340 VALLEJO DR M,,-$447.18,-$61.84,-$66.86,H1043-327866,X-5253,N,,0220577
2025-06-20,2025-06-21,"#null, VACAVILLE",1,0,0,490 south ct,,-$99.18,-$97.69,-$105.64,H1043-327801,X-5253,N,,0220577
2025-06-20,2025-06-20,"#null, THE HOME DEPOT PRO",JUAN DIAZ-1,0,0,519 Orizaba,,-$11.43,$230.13,$251.52,H6655-369575,X-5253,N,,0904439
2025-06-20,2025-06-21,"#null, VACAVILLE",1,0,0,340 VALLEJO DR M,,-$8.67,-$36.26,-$39.20,H1043-329042,X-5253,N,,0220577
2025-06-20,2025-06-21,"#null, VACAVILLE",1,0,0,340 VALLEJO DR M,,-$156.04,-$85.56,-$93.59,H0639-512806,X-5253,N,,0220577
2025-06-20,2025-06-21,"#null, VACAVILLE",1,0,0,340 VALLEJO DR M,,-$2.83,-$31.79,-$34.65,H0662-304857,X-5253,N,,0220577
2025-06-20,2025-06-20,"#null, COLMA II",EQUITY TRACK ACCOUNTING DEPT,0,0,155 Gardiner Ave,,-$2.45,-$79.40,-$87.24,H1092-499093,X-0475,N,,0170631
2025-06-20,2025-06-20,"#null, DALY CITY , COLMA II",EQUITY TRACK ACCOUNTING DEPT,0,0,"155 GARDINER AVE SSF , 155 GARDINER AVE",,-$2.45,$137.96,$151.24,H1092-499093,"X-0475, X-0475",N,,0970936
2025-06-20,2025-06-20,"#null, VACAVILLE",JUAN DIAZ-1,0,0,490 South ct,,-$79.86,$875.03,$944.12,H1043-329324,X-5253,N,,0904799
2025-06-20,2025-06-21,"#null, VACAVILLE",1,0,0,490 South Ct,,-$214.76,-$372.82,-$403.11,H1043-329241,X-5253,N,,0220576
2025-06-20,2025-06-21,"#null, VACAVILLE",1,0,0,340 VALLEJO DR M,,-$80.12,-$2.16,-$2.36,H6655-367812,X-5253,N,,0220577
2025-06-20,2025-06-21,"#null, VACAVILLE",1,0,0,340 VALLEJO DR M,,-$6.60,-$8.68,-$9.53,H0643-487027,X-5253,N,,0220577
2025-06-20,2025-06-21,"#null, VACAVILLE",1,0,0,340 VALLEJO DR M,,-$177.26,-$5.65,-$6.21,H1092-498122,X-5253,N,,0220577
2025-06-19,2025-06-19,"#0628, SAN CARLOS",1,6442,22,155 Gardiner,,-$55.89,-$335.61,-$366.53,,"X-5253, X-3017",N,,1222006
2025-06-19,2025-06-19,"#0639, COLMA II",EQUITY TRACK ACCOUNTING DEPT,6859,80,255 amber,,-$23.92,$312.06,$341.32,,X-0475,N,,1807005
2025-06-19,2025-06-19,"#1043, Vacaville",JUAN DIAZ-1,8841,90,,,-$27.79,$385.08,$416.30,,"X-5253, X-5253",N,,"0220577,1904571"
2025-06-19,2025-06-19,"#1092, Daly City",EQUITY TRACK ACCOUNTING DEPT,9704,97,,,-$78.43,$938.52,"$1,030.91",,"X-0475, X-0475, X-0475",N,,
2025-06-19,2025-06-19,"#6655, The Home Depot Pro",JUAN DIAZ-1,2952,90,,,-$10.47,$148.30,$161.56,,X-5253,N,,1904207
2025-06-19,2025-06-19,"#1043, Vacaville",JUAN DIAZ-1,8841,90,,,-$27.79,$385.08,$416.30,,"X-5253, X-5253",N,,"0220577,1904571"
2025-06-19,2025-06-19,"#6655, The Home Depot Pro",JUAN DIAZ-1,2952,90,,,-$10.47,$148.30,$161.56,,X-5253,N,,1904207
2025-06-19,2025-06-19,"#1092, Daly City",EQUITY TRACK ACCOUNTING DEPT,9704,97,,,-$78.43,$938.52,"$1,030.91",,"X-0475, X-0475, X-0475",N,,
2025-06-19,2025-06-19,"#null, VACAVILLE",JUAN DIAZ-1,0,0,490 SOUTH CT,,-$12.70,$385.08,$416.30,H1043-329118,X-5253,N,,1904571
2025-06-19,2025-06-19,"#null, THE HOME DEPOT PRO",JUAN DIAZ-1,0,0,519 orizaba,,-$10.47,$148.30,$161.56,H6655-369435,X-5253,N,,1904207
2025-06-19,2025-06-20,"#null, COLMA II",EQUITY TRACK ACCOUNTING DEPT,0,0,1637 Orleans Dr,,-$37.14,-$403.88,-$443.74,H1092-499026,X-0475,N,,1200428
2025-06-19,2025-06-19,"#null, COLMA II , DALY CITY",EQUITY TRACK ACCOUNTING DEPT,0,0,255 Amber,,-$37.14,$938.52,"$1,030.91",H1092-499026,"X-0475, X-0475",N,,1970911
2025-06-19,2025-06-20,"#null, VACAVILLE",JUAN DIAZ-1,0,0,490 South Ct,,-$214.76,"$1,985.24","$2,146.54",H1043-329241,X-5253,N,,1904688
2025-06-19,2025-06-19,"#null, SAN CARLOS",1,0,0,155 Gardiner,,-$5.80,-$292.26,-$319.66,H6655-368305,"X-5253, X-3017",N,,1222006
2025-06-18,2025-06-18,"#1020, Tracy",JUAN DIAZ-1,9608,90,,,-$14.95,$83.50,$90.39,,X-5253,N,,2903266
2025-06-18,2025-06-18,"#1043, Vacaville",JUAN DIAZ-1,8734,90,,,-$12.71,$161.36,$173.95,,"X-5253, X-5253",N,,"0220577,2904479"
2025-06-18,2025-06-18,"#1092, Daly City",JUAN DIAZ-1,2179,90,,,$0.00,$84.46,$89.14,,X-5253,N,,2901025
2025-06-18,2025-06-18,"#1092, Daly City",JUAN DIAZ-1,9612,97,,,-$70.92,$317.43,$348.77,,X-5253,N,,2970848
2025-06-18,2025-06-18,"#6655, The Home Depot Pro",JUAN DIAZ-1,2742,90,,,-$59.88,"$1,859.57","$2,032.15",,X-5253,N,,2904013
2025-06-18,2025-06-18,"#6655, The Home Depot Pro",JUAN DIAZ-1,2826,90,,,-$5.26,$72.51,$79.29,,X-5253,N,,2904092
2025-06-18,2025-06-18,"#1020, Tracy",JUAN DIAZ-1,9608,90,,,-$14.95,$83.50,$90.39,,X-5253,N,,2903266
2025-06-18,2025-06-18,"#1043, Vacaville",JUAN DIAZ-1,8734,90,,,-$12.71,$161.36,$173.95,,"X-5253, X-5253",N,,"0220577,2904479"
2025-06-18,2025-06-18,"#1092, Daly City",JUAN DIAZ-1,2179,90,,,$0.00,$84.46,$89.14,,X-5253,N,,2901025
2025-06-18,2025-06-18,"#6655, The Home Depot Pro",JUAN DIAZ-1,2742,90,,,-$59.88,"$1,859.57","$2,032.15",,X-5253,N,,2904013
2025-06-18,2025-06-18,"#6655, The Home Depot Pro",JUAN DIAZ-1,2826,90,,,-$5.26,$72.51,$79.29,,X-5253,N,,2904092
2025-06-18,2025-06-18,"#1092, Daly City",JUAN DIAZ-1,9612,97,,,-$70.92,$317.43,$348.77,,X-5253,N,,2970848
2025-06-18,2025-06-18,"#null, VACAVILLE",JUAN DIAZ-1,0,0,490 SOUTH CT,,-$8.67,$161.36,$173.95,H1043-329042,X-5253,N,,2904479
2025-06-18,2025-06-18,"#null, DALY CITY",JUAN DIAZ-1,0,0,255 amber dr,,$0.00,$84.46,$89.14,H1092-498799,X-5253,N,,2901025
2025-06-18,2025-06-18,"#null, DALY CITY",JUAN DIAZ-1,0,0,255 Amber Dr,,-$70.92,$317.43,$348.77,H1092-498725,X-5253,N,,2970848
2025-06-18,2025-06-18,"#null, THE HOME DEPOT PRO",JUAN DIAZ-1,0,0,519 Orizaba Ave,,-$59.88,"$1,859.57","$2,032.15",H6655-369286,X-5253,N,,2904013
2025-06-18,2025-06-18,"#1020, Tracy",JUAN DIAZ-1,9608,90,1680 TAHOE CIRCLE,,-$14.95,$83.50,$90.39,H1020-346064,X-5253,N,,2903266
2025-06-18,2025-06-18,"#null, THE HOME DEPOT PRO",JUAN DIAZ-1,0,0,519 orizaba,,-$5.26,$72.51,$79.29,H6655-369359,X-5253,N,,2904092
2025-06-17,2025-06-17,"#0628, SAN CARLOS",EQUITY TRACK ACCOUNTING DEPT,2041,37,255 Amber,,$0.00,$29.97,$32.78,,X-0475,N,,3372851
2025-06-17,2025-06-17,"#0628, San Carlos",JUAN DIAZ-1,1410,90,,,-$10.00,$132.29,$144.69,,X-5253,N,,3900325
2025-06-17,2025-06-17,"#0628, San Carlos",JUAN DIAZ-1,1410,90,,,-$10.00,$132.29,$144.69,,X-5253,N,,3900325
2025-06-17,2025-06-17,"#null, SAN CARLOS",1,0,0,819 s mary ave,,-$9.68,-$0.78,-$0.85,H0628-476506,X-5253,N,,3213339
2025-06-17,2025-06-17,"#null, SAN CARLOS",1,0,0,819 s mary ave,,-$11.81,-$28.52,-$31.19,H0628-473454,X-5253,N,,3213339
2025-06-17,2025-06-17,"#null, SAN CARLOS",1,0,0,819 s mary ave,,-$5.82,-$22.12,-$24.19,H0639-509122,X-5253,N,,3213339
2025-06-17,2025-06-17,"#null, SAN CARLOS",1,0,0,819 s mary ave,,-$4.84,-$8.69,-$9.39,H1043-327867,X-5253,N,,3213339
2025-06-17,2025-06-17,"#null, SAN CARLOS",1,0,0,819 s mary ave,,-$4.87,-$8.46,-$9.25,H0628-476661,X-5253,N,,3213339
2025-06-17,2025-06-17,"#null, SAN CARLOS",1,0,0,819 s mary ave,,-$12.43,-$3.62,-$4.01,H0625-372051,X-5253,N,,3213339
2025-06-17,2025-06-17,"#null, SAN CARLOS",1,0,0,819 s mary ave,,-$0.56,-$2.46,-$2.69,H0640-403184,X-5253,N,,3213339
2025-06-17,2025-06-17,"#null, SAN CARLOS",1,0,0,819 s mary ave,,-$349.33,-$6.49,-$7.05,H0637-273989,X-5253,N,,3213339
2025-06-17,2025-06-17,"#null, SAN CARLOS",1,0,0,819 s mary ave,,-$42.39,-$49.48,-$53.99,H0640-402890,X-5253,N,,3213339
2025-06-17,2025-06-17,"#null, SAN CARLOS",1,0,0,819 s mary ave,,-$2.82,-$11.66,-$12.79,H0643-486505,X-5253,N,,3213339
2025-06-17,2025-06-17,"#null, SAN CARLOS",1,0,0,340 VALLEJO DR M,,-$177.26,-$4.23,-$4.64,H1092-498122,X-5253,N,,3213339
2025-06-17,2025-06-17,"#null, SAN CARLOS",1,0,0,819 s mary ave,,-$17.22,-$3.78,-$4.13,H0639-509094,X-5253,N,,3213339
2025-06-17,2025-06-17,"#null, SAN CARLOS",1,0,0,819 s mary ave,,-$199.70,-$8.77,-$9.61,H0639-505973,X-5253,N,,3213339
2025-06-17,2025-06-17,"#null, SAN CARLOS",1,0,0,819 s mary ave,,-$17.96,-$13.95,-$15.23,H0640-400708,X-5253,N,,3213339
2025-06-17,2025-06-17,"#null, SAN CARLOS",JUAN DIAZ-1,0,0,170 GREENWAY  Member,,-$10.00,$132.29,$144.69,H0628-505363,X-5253,N,,3900325
2025-06-17,2025-06-17,"#null, SAN CARLOS",1,0,0,819 s mary ave,,-$34.83,-$4.30,-$4.70,H0639-507752,X-5253,N,,3213339
2025-06-16,2025-06-16,"#0628, San Carlos",JUAN DIAZ-1,1138,90,,,-$6.93,$222.92,$243.62,,X-5253,N,,4900126
2025-06-16,2025-06-16,"#0639, Colma II",JUAN DIAZ-1,2570,90,,,-$150.19,$605.10,$660.99,,X-5253,N,,4904651
2025-06-16,2025-06-16,"#0628, San Carlos",JUAN DIAZ-1,1138,90,,,-$6.93,$222.92,$243.62,,X-5253,N,,4900126
2025-06-16,2025-06-16,"#0639, Colma II",JUAN DIAZ-1,2570,90,,,-$150.19,$605.10,$660.99,,X-5253,N,,4904651
2025-06-16,2025-06-16,"#1043, Vacaville",JUAN DIAZ-1,8381,90,,,-$14.49,$241.27,$260.84,,"X-5253, X-5253, X-5253",N,,"8200752,0220577,4904164"
2025-06-16,2025-06-16,"#1043, Vacaville",JUAN DIAZ-1,8381,90,,,-$14.49,$241.27,$260.84,,"X-5253, X-5253, X-5253",N,,"8200752,0220577,4904164"
2025-06-16,2025-06-16,"#null, SAN CARLOS",JUAN DIAZ-1,0,0,519 Orizaba Av San J,,-$6.93,$222.92,$243.62,H0628-505185,X-5253,N,,4900126
2025-06-16,2025-09-30,"#1043, Vacaville",EQUITY TRACK ACCOUNTING DEPT,8381,90,490 south ct,,-$14.49,$241.27,$260.84,H1043-328750,"X-5253, X-5253, X-5253",N,,4904164
2025-06-16,2025-06-16,"#null, COLMA II",JUAN DIAZ-1,0,0,255 AMBER DR SF,,-$135.19,$605.10,$660.99,H0639-513931,X-5253,N,,4904651
2025-06-14,2025-06-14,"#0628, San Carlos",JUAN DIAZ-1,782,90,,,-$26.63,$418.68,$457.69,,X-5253,N,,6905853
2025-06-14,2025-06-14,"#6655, The Home Depot Pro",JUAN DIAZ-1,2019,90,,,-$23.94,$396.65,$433.84,,X-5253,N,,6903352
2025-06-14,2025-06-14,"#0628, San Carlos",JUAN DIAZ-1,782,90,,,-$26.63,$418.68,$457.69,,X-5253,N,,6905853
2025-06-14,2025-06-14,"#6655, The Home Depot Pro",JUAN DIAZ-1,2019,90,,,-$23.94,$396.65,$433.84,,X-5253,N,,6903352
2025-06-14,2025-06-14,"#null, THE HOME DEPOT PRO",JUAN DIAZ-1,0,0,255 Amber Dr,,-$23.94,$396.65,$433.84,H6655-368831,X-5253,N,,6903352
2025-06-14,2025-06-14,"#null, SAN CARLOS",JUAN DIAZ-1,0,0,SF,,-$26.63,$418.68,$457.69,H0628-504979,X-5253,N,,6905853
2025-06-13,2025-06-13,"#1043, Vacaville",JUAN DIAZ-1,8076,90,,,-$151.20,$407.80,$440.69,,X-5253,N,,7903902
2025-06-13,2025-06-13,"#1092, Daly City",JUAN DIAZ-1,1019,90,,,-$178.26,"$1,039.79","$1,141.88",,"X-5253, X-5253, X-5253",N,,"0220577,3213339,7900036"
2025-06-13,2025-06-13,"#1848, EL CAJON",EQUITY TRACK ACCOUNTING DEPT,4400,52,,,$0.00,$15.48,$16.76,,X-1766,N,,7522768
2025-06-13,2025-06-13,"#1043, Vacaville",JUAN DIAZ-1,8076,90,,,-$151.20,$407.80,$440.69,,X-5253,N,,7903902
2025-06-13,2025-06-13,"#1092, Daly City",JUAN DIAZ-1,1019,90,,,-$178.26,"$1,039.79","$1,141.88",,"X-5253, X-5253, X-5253",N,,"0220577,3213339,7900036"
2025-06-13,2025-06-13,"#null, VACAVILLE",JUAN DIAZ-1,0,0,490 south ct dixon,,-$101.20,$407.80,$440.69,H1043-328599,X-5253,N,,7903902
2025-06-13,2025-06-13,"#null, DALY CITY",JUAN DIAZ-1,0,0,255 amber dr sf,,-$177.26,"$1,039.79","$1,141.88",H1092-498122,X-5253,N,,7900036
2025-06-12,2025-06-12,"#0639, Colma II",JUAN DIAZ-1,2025,90,,,-$3.02,$134.34,$146.93,,X-5253,N,,8904187
2025-06-12,2025-06-12,"#1043, VACAVILLE",EQUITY TRACK ACCOUNTING DEPT,5338,1,155 gardiner way,,-$91.80,$520.20,$562.47,,X-3017,N,,8011182
2025-06-12,2025-06-12,"#1043, VACAVILLE",EQUITY TRACK ACCOUNTING DEPT,5339,1,490 south ct.,,-$21.53,$398.84,$428.51,,X-3017,N,,8011183
2025-06-12,2025-06-12,"#0639, Colma II",JUAN DIAZ-1,2025,90,,,-$3.02,$134.34,$146.93,,X-5253,N,,8904187
2025-06-12,2025-06-12,"#null, COLMA II",JUAN DIAZ-1,0,0,340 vallejo dr,,-$3.02,$134.34,$146.93,H0639-513386,X-5253,N,,8904187
2025-06-11,2025-06-11,"#0639, Colma II",JUAN DIAZ-1,1887,90,,,-$13.30,$133.01,$144.32,,X-5253,N,,9904067
2025-06-11,2025-06-11,"#1043, VACAVILLE",EQUITY TRACK ACCOUNTING DEPT,4936,1,490 south court,,-$109.19,"$1,372.18","$1,482.08",,X-3017,N,,9011009
2025-06-11,2025-06-11,"#6655, The Home Depot Pro",JUAN DIAZ-1,1380,90,,,-$32.83,$789.98,$863.35,,X-5253,N,,9902766
2025-06-11,2025-06-11,"#6655, The Home Depot Pro",JUAN DIAZ-1,1383,90,,,-$54.04,$610.91,$668.07,,"X-5253, X-5253",N,,"9902769,1222006"
2025-06-11,2025-06-11,"#0639, Colma II",JUAN DIAZ-1,1887,90,,,-$13.30,$133.01,$144.32,,X-5253,N,,9904067
2025-06-11,2025-06-11,"#6655, The Home Depot Pro",JUAN DIAZ-1,1380,90,,,-$32.83,$789.98,$863.35,,X-5253,N,,9902766
2025-06-11,2025-06-11,"#6655, The Home Depot Pro",JUAN DIAZ-1,1383,90,,,-$54.04,$610.91,$668.07,,"X-5253, X-5253",N,,"9902769,1222006"
2025-06-11,2025-06-11,"#null, COLMA II",JUAN DIAZ-1,0,0,340 vallejo dr #50,,-$13.30,$133.01,$144.32,H0639-513253,X-5253,N,,9904067
2025-06-11,2025-06-11,"#null, THE HOME DEPOT PRO",JUAN DIAZ-1,0,0,155 Gardiner,,-$5.80,$610.91,$668.07,H6655-368305,X-5253,N,,9902769
2025-06-11,2025-06-11,"#null, THE HOME DEPOT PRO",JUAN DIAZ-1,0,0,255 Amber Dr,,-$32.83,$789.98,$863.35,H6655-368302,X-5253,N,,9902766
2025-06-10,2025-06-10,"#6678, Livermore",EQUITY TRACK ACCOUNTING DEPT,5657,62,,,$0.00,"$1,189.85","$1,311.81",,"X-0475, X-0475, X-0475",N,,
2025-06-10,2025-06-10,"#6678, Livermore",EQUITY TRACK ACCOUNTING DEPT,5657,62,,,$0.00,"$1,189.85","$1,311.81",,"X-0475, X-0475, X-0475",N,,
2025-06-09,2025-06-09,"#0639, Colma II",JUAN DIAZ-1,1454,90,,,-$177.44,$845.37,$923.64,,"X-5253, X-5253",N,,"0220577,1903664"
2025-06-09,2025-06-09,"#6655, The Home Depot Pro",JUAN DIAZ-1,986,90,,,-$72.58,"$1,862.28","$2,035.22",,X-5253,N,,1902406
2025-06-09,2025-06-09,THE HOME DEPOT,EQUITY TRACK INC-1,2471,58,,,-$63.18,$252.72,$274.52,,X-5253,N,,1583095
2025-06-09,2025-06-09,THE HOME DEPOT,EQUITY TRACK INC-1,2471,58,,,-$63.18,$252.72,$274.52,,X-5253,N,,1583095
2025-06-09,2025-06-09,"#0639, Colma II",JUAN DIAZ-1,1454,90,,,-$177.44,$845.37,$923.64,,"X-5253, X-5253",N,,"0220577,1903664"
2025-06-09,2025-06-09,"#6655, The Home Depot Pro",JUAN DIAZ-1,986,90,,,-$72.58,"$1,862.28","$2,035.22",,X-5253,N,,1902406
2025-06-09,2025-06-09,"#null, COLMA II",JUAN DIAZ-1,0,0,340 VALLEJO DR MILLB,,-$156.04,$845.37,$923.64,H0639-512806,X-5253,N,,1903664
2025-06-09,2025-06-09,"#null, THE HOME DEPOT PRO",JUAN DIAZ-1,0,0,255 Amber Dr,,-$72.58,"$1,862.28","$2,035.22",H6655-367954,X-5253,N,,1902406
2025-06-07,2025-06-07,"#0628, San Carlos",JUAN DIAZ-1,9376,90,,,-$0.37,$34.94,$38.22,,X-5253,N,,3904610
2025-06-07,2025-06-07,"#0628, San Carlos",JUAN DIAZ-1,9376,90,,,-$0.37,$34.94,$38.22,,X-5253,N,,3904610
2025-06-06,2025-06-06,"#1043, Vacaville",JUAN DIAZ-1,7110,90,,,-$456.06,"$2,114.00","$2,284.87",,"X-5253, X-5253",N,,"0220577,4903042"
2025-06-06,2025-06-06,"#1043, Vacaville",JUAN DIAZ-1,7112,90,,,-$6.02,$93.09,$99.65,,"X-5253, X-5253",N,,"3213339,4903044"
2025-06-07,2025-06-07,"#6655, The Home Depot Pro",JUAN DIAZ-1,671,90,,,-$80.29,"$1,357.48","$1,484.08",,"X-5253, X-5253",N,,"0220577,3902123"
2025-06-06,2025-06-06,"#1043, Vacaville",JUAN DIAZ-1,7110,90,,,-$456.06,"$2,114.00","$2,284.87",,"X-5253, X-5253",N,,"0220577,4903042"
2025-06-06,2025-06-06,"#1043, Vacaville",JUAN DIAZ-1,7112,90,,,-$6.02,$93.09,$99.65,,"X-5253, X-5253",N,,"3213339,4903044"
2025-06-07,2025-06-07,"#6655, The Home Depot Pro",JUAN DIAZ-1,671,90,,,-$80.29,"$1,357.48","$1,484.08",,"X-5253, X-5253",N,,"0220577,3902123"
2025-06-06,2025-06-07,"#1043, Vacaville",JUAN DIAZ-1,7110,90,490 south ct,,-$456.06,"$2,114.00","$2,284.87",H1043-327866,"X-5253, X-5004, X-5253, X-5253",N,,4903042
2025-06-07,2025-06-08,"#null, SAN CARLOS",JUAN DIAZ-1,0,0,404 Ridge Gate,,-$0.37,$34.94,$38.22,H0628-503902,X-5253,N,,3904610
2025-06-07,2025-06-07,"#null, THE HOME DEPOT PRO",JUAN DIAZ-1,0,0,255 ember dr,,-$80.12,"$1,357.48","$1,484.08",H6655-367812,X-5253,N,,3902123
2025-06-06,2025-06-06,"#0639, Colma II",JUAN DIAZ-1,1104,90,,,-$9.23,$96.96,$106.05,,X-5253,N,,4903359
2025-06-06,2025-06-06,"#0639, Colma II",JUAN DIAZ-1,1139,90,,,-$33.45,$662.30,$720.91,,X-5253,N,,4903391
2025-06-06,2025-06-06,"#0639, Colma II",JUAN DIAZ-1,1143,90,,,-$4.70,$33.88,$37.06,,X-5253,N,,4903395
2025-06-05,2025-06-05,"#0639, Colma II",JUAN DIAZ-1,998,90,,,-$50.38,$559.90,$612.39,,X-5253,N,,5903266
2025-06-06,2025-06-06,"#1043, VACAVILLE",EQUITY TRACK ACCOUNTING DEPT,7846,62,490 south ct dixon,,$0.00,$53.94,$58.32,,X-3017,N,,4621428
2025-06-06,2025-06-06,"#1043, Vacaville",JUAN DIAZ-1,7042,90,,,-$160.59,"$1,400.37","$1,513.82",,"X-5253, X-5253, X-5253",N,,"0220577,4201047,4902978"
2025-06-06,2025-06-06,"#1848, EL CAJON",EQUITY TRACK ACCOUNTING DEPT,7714,61,,,$0.00,$55.59,$60.17,,X-1766,N,,4612555
2025-06-06,2025-06-06,"#6655, The Home Depot Pro",JUAN DIAZ-1,548,90,,,-$3.94,$27.39,$29.96,,X-5253,N,,4902010
2025-06-06,2025-06-06,THE HOME DEPOT,EQUITY TRACK ACCOUNTING DEPT,8209,35,,,$0.00,$558.00,$610.31,,"X-5253, X-1433, X-8435",N,,4350941
2025-06-06,2025-06-06,THE HOME DEPOT,EQUITY TRACK ACCOUNTING DEPT,8209,35,,,$0.00,$558.00,$610.31,,"X-5253, X-8435, X-1433",N,,4350941
2025-06-05,2025-06-05,"#0639, Colma II",JUAN DIAZ-1,998,90,,,-$50.38,$559.90,$612.39,,X-5253,N,,5903266
2025-06-06,2025-06-06,"#0639, Colma II",JUAN DIAZ-1,1104,90,,,-$9.23,$96.96,$106.05,,X-5253,N,,4903359
2025-06-06,2025-06-06,"#0639, Colma II",JUAN DIAZ-1,1139,90,,,-$33.45,$662.30,$720.91,,X-5253,N,,4903391
2025-06-06,2025-06-06,"#0639, Colma II",JUAN DIAZ-1,1143,90,,,-$4.70,$33.88,$37.06,,X-5253,N,,4903395
2025-06-06,2025-06-06,"#1043, Vacaville",JUAN DIAZ-1,7042,90,,,-$160.59,"$1,400.37","$1,513.82",,"X-5253, X-5253, X-5253",N,,"0220577,4201047,4902978"
2025-06-06,2025-06-06,"#6655, The Home Depot Pro",JUAN DIAZ-1,548,90,,,-$3.94,$27.39,$29.96,,X-5253,N,,4902010
2025-06-06,2025-06-06,"#null, THE HOME DEPOT PRO",JUAN DIAZ-1,0,0,155 gardiner SSF,,-$3.94,$27.39,$29.96,H6655-367752,X-5253,N,,4902010
2025-06-06,2025-06-07,"#null, VACAVILLE",JUAN DIAZ-1,0,0,490 south ct,,-$4.84,$93.09,$99.65,H1043-327867,X-5253,N,,4903044
2025-06-06,2025-06-06,"#null, VACAVILLE",1,0,0,490 south ct,,-$99.18,-$224.00,-$242.20,H1043-327801,X-5253,N,,4201047
2025-06-06,2026-05-22,"#1043, Vacaville",0300EEFCF5CF19737S,2721,20,255 AMBER DRIVE,,-$56.00,-$224.00,-$242.20,H1043-327801,X-5253,N,,4201047
2025-06-06,2025-06-06,"#1043, Vacaville",JUAN DIAZ-1,7042,90,490 south ct,,-$160.59,"$1,400.37","$1,513.82",H1043-327801,"X-5253, X-5253",N,,4902978
2025-06-06,2025-06-06,"#null, COLMA II",JUAN DIAZ-1,0,0,155 GARDINER AVE,,-$9.23,$96.96,$106.05,H0639-512506,X-5253,N,,4903359
2025-06-06,2025-06-06,"#null, COLMA II",JUAN DIAZ-1,0,0,155 Gardiner Ave,,-$4.70,$33.88,$37.06,H0639-512539,X-5253,N,,4903395
2025-06-06,2025-06-06,"#null, COLMA II",JUAN DIAZ-1,0,0,255 Amber Dr,,-$33.45,$662.30,$720.91,H0639-512536,X-5253,N,,4903391
2025-06-05,2025-06-05,"#0639, Colma II",JUAN DIAZ-1,872,90,,,-$120.16,"$1,105.40","$1,206.65",,X-5253,N,,5903147
2025-06-05,2025-06-05,"#0639, Colma II",JUAN DIAZ-1,2280,97,,,-$6.04,$112.66,$123.22,,X-5253,N,,5972937
2025-06-05,2025-06-05,"#0639, Colma II",JUAN DIAZ-1,872,90,,,-$120.16,"$1,105.40","$1,206.65",,X-5253,N,,5903147
2025-06-05,2025-06-05,"#0639, Colma II",JUAN DIAZ-1,2280,97,,,-$6.04,$112.66,$123.22,,X-5253,N,,5972937
2025-06-05,2025-06-05,"#null, COLMA II",JUAN DIAZ-1,0,0,340 Vajello Dr 50 Mi,,-$6.04,$112.66,$123.22,H0639-512335,X-5253,N,,5972937
2025-06-05,2025-06-05,"#null, COLMA II",JUAN DIAZ-1,0,0,340 Vajello Dr #50 M,,-$120.16,"$1,105.40","$1,206.65",H0639-512306,X-5253,N,,5903147
2025-06-05,2025-06-09,online,EQUITY TRACK INC-1,0,0,255 Amber Wall Tile,,-$63.18,$252.72,$274.52,WN20865826,X-5253,N,,1583095
2025-06-05,2025-06-06,"#null, COLMA II",JUAN DIAZ-1,0,0,155 Gardiner Ave,,-$50.38,$559.90,$612.39,H0639-512435,X-5253,N,,5903266
2025-06-05,2025-06-05,online,EQUITY TRACK ACCOUNTING DEPT,0,0,Tracy- Pool cleaning,,$0.00,$24.67,$26.98,WG90942821,X-1412,N,,
2025-06-05,2025-06-06,online,EQUITY TRACK ACCOUNTING DEPT,0,0,Equity Track,,$0.00,$558.00,$610.31,WJ85062203,X-8435,N,,
2025-06-04,2025-06-04,"#1092, Daly City",JUAN DIAZ-1,8980,90,,,-$56.15,$302.61,$332.49,,X-5253,N,,6906278
2025-06-04,2025-06-04,"#1092, Daly City",JUAN DIAZ-1,8980,90,,,-$56.15,$302.61,$332.49,,X-5253,N,,6906278
2025-06-04,2025-06-05,online,EQUITY TRACK ACCOUNTING DEPT,0,0,Equity Track Inc,,-$262.46,"$1,052.96","$1,151.68",WN20715266,X-1415,N,,
2025-06-04,2025-06-05,online,EQUITY TRACK ACCOUNTING DEPT,0,0,Irrigation repair - Orinda,,-$2.09,$24.05,$26.30,WJ84989398,X-1412,N,,
2025-06-04,2025-06-05,online,EQUITY TRACK ACCOUNTING DEPT,0,0,Tracy - Pool Cleaning,,$0.00,$83.93,$91.80,WN20717083,"X-8435, X-8347",N,,
2025-06-04,2025-06-04,"#null, DALY CITY",JUAN DIAZ-1,0,0,255 amber st,,-$56.15,$302.61,$332.49,H1092-496777,X-5253,N,,6906278
2025-06-03,2025-06-03,"#0627, Emeryville",JUAN DIAZ-1,4363,90,,,-$96.39,$615.53,$679.78,,X-5253,N,,7902192
2025-06-02,2025-06-02,"#6655, The Home Depot Pro",JUAN DIAZ-1,9632,90,,,-$33.91,$633.79,$692.71,,X-5253,N,,8901157
2025-06-03,2025-06-03,"#0627, Emeryville",JUAN DIAZ-1,4363,90,,,-$96.39,$615.53,$679.78,,X-5253,N,,7902192
2025-06-02,2025-06-02,"#6655, The Home Depot Pro",JUAN DIAZ-1,9632,90,,,-$33.91,$633.79,$692.71,,X-5253,N,,8901157
2025-06-03,2025-06-03,"#null, EMERYVILLE",JUAN DIAZ-1,0,0,404 ridge gate rd,,-$96.39,$615.53,$679.78,H0627-724466,X-5253,N,,7902192
2025-06-02,2025-06-02,"#0627, Emeryville",JUAN DIAZ-1,3955,90,,,-$12.04,$131.03,$144.14,,X-5253,N,,8901816
2025-06-02,2025-06-02,"#6636, Fremont",JUAN DIAZ-1,1575,90,,,-$4.32,$38.12,$42.03,,X-5253,N,,8903219
2025-06-02,2025-06-02,"#6655, The Home Depot Pro",JUAN DIAZ-1,9521,90,,,-$47.26,$492.93,$539.12,,"X-5253, X-5253",N,,"5200712,8901047"
2025-06-02,2025-06-02,"#0627, Emeryville",JUAN DIAZ-1,3955,90,,,-$12.04,$131.03,$144.14,,X-5253,N,,8901816
2025-06-02,2025-06-02,"#6655, The Home Depot Pro",JUAN DIAZ-1,9521,90,,,-$47.26,$492.93,$539.12,,"X-5253, X-5253",N,,"5200712,8901047"
2025-06-02,2025-06-02,"#6636, Fremont",JUAN DIAZ-1,1575,90,,,-$4.32,$38.12,$42.03,,X-5253,N,,8903219
2025-06-02,2025-06-02,"#null, EMERYVILLE",JUAN DIAZ-1,0,0,404 ridge gate rd,,-$12.04,$131.03,$144.14,H0627-724166,X-5253,N,,8901816
2025-06-02,2025-06-02,"#null, FREMONT",JUAN DIAZ-1,0,0,34515 torrey pine ln,,-$4.32,$38.12,$42.03,H6636-328001,X-5253,N,,8903219
2025-06-02,2025-06-02,"#null, THE HOME DEPOT PRO",JUAN DIAZ-1,0,0,255 amber dr,,-$43.88,$492.93,$539.12,H6655-366972,X-5253,N,,8901047
2025-06-02,2025-06-03,"#null, THE HOME DEPOT PRO",JUAN DIAZ-1,0,0,255 Amber Dr,,-$33.91,$633.79,$692.71,H6655-367064,X-5253,N,,8901157
2025-06-01,2025-06-08,"#null, VACAVILLE",EQUITY TRACK ACCOUNTING DEPT,0,0,490 south ct dixon,,$0.00,$239.93,$259.42,H1043-327173,X-9006,N,,9902302
2025-05-30,2025-05-30,"#6655, The Home Depot Pro",JUAN DIAZ-1,8942,90,,,-$28.04,$375.62,$408.49,,"X-5253, X-5253",N,,"8200752,1900501"
2025-05-30,2025-05-30,"#6655, The Home Depot Pro",JUAN DIAZ-1,8942,90,,,-$28.04,$375.62,$408.49,,"X-5253, X-5253",N,,"8200752,1900501"
2025-05-30,2025-09-30,"#6655, The Home Depot Pro",EQUITY TRACK ACCOUNTING DEPT,8942,90,255 AMBER DR,,-$28.04,$375.62,$408.49,H6655-366667,"X-5253, X-5253",N,,1900501
2025-05-29,2025-05-29,"#0628, San Carlos",EQUITY TRACK ACCOUNTING DEPT,2688,52,,,$0.00,$13.16,$14.39,,X-0475,N,,
2025-05-29,2025-05-29,"#6655, The Home Depot Pro",JUAN DIAZ-1,8805,90,,,-$474.10,"$3,082.76","$3,368.53",,"X-5253, X-5253",N,,"5200718,2900384"
2025-05-29,2025-05-29,"#0628, San Carlos",EQUITY TRACK ACCOUNTING DEPT,2688,52,,,$0.00,$13.16,$14.39,,X-0475,N,,
2025-05-29,2025-05-29,"#6655, The Home Depot Pro",JUAN DIAZ-1,8805,90,,,-$474.10,"$3,082.76","$3,368.53",,"X-5253, X-5253",N,,"5200718,2900384"
2025-05-29,2025-05-29,"#null, THE HOME DEPOT PRO",JUAN DIAZ-1,0,0,255 Amber Dr,,-$459.08,"$3,082.76","$3,368.53",H6655-366595,X-5253,N,,2900384
2025-05-28,2025-05-28,"#0643, El Cerrito",JUAN DIAZ-1,2277,90,,,-$71.39,$447.17,$490.77,,X-5253,N,,3903957
2025-05-28,2025-05-28,"#1092, Daly City",JUAN DIAZ-1,7369,90,,,-$12.70,$242.15,$266.04,,X-5253,N,,3904855
2025-05-28,2025-05-28,"#0643, El Cerrito",JUAN DIAZ-1,2277,90,,,-$71.39,$447.17,$490.77,,X-5253,N,,3903957
2025-05-28,2025-05-28,"#1092, Daly City",JUAN DIAZ-1,7369,90,,,-$12.70,$242.15,$266.04,,X-5253,N,,3904855
2025-05-28,2025-05-28,"#null, DALY CITY",JUAN DIAZ-1,0,0,255   amber sf,,-$12.70,$242.15,$266.04,H1092-495752,X-5253,N,,3904855
2025-05-28,2025-05-28,"#null, EL CERRITO",JUAN DIAZ-1,0,0,2880 20th St,,-$71.39,$447.17,$490.77,H0643-487331,X-5253,N,,3903957
2025-05-28,2025-05-29,online,1,0,0,SUNNYVALE FRIDGE,,$0.00,"-$1,065.06","-$1,162.24",WG84105825,X-5253,N,,3902753
2025-05-26,2025-05-26,"#0643, El Cerrito",JUAN DIAZ-1,1957,90,,,-$8.77,$92.90,$101.96,,"X-5253, X-5253, X-5253",N,,"8200752,5903673,0220577"
2025-05-27,2025-05-27,"#1092, Daly City",JUAN DIAZ-1,8604,97,,,-$59.47,$838.55,$921.35,,"X-5253, X-5253",N,,"8200752,4970288"
2025-05-26,2025-05-26,"#0643, El Cerrito",JUAN DIAZ-1,1957,90,,,-$8.77,$92.90,$101.96,,"X-5253, X-5253, X-5253",N,,"8200752,5903673,0220577"
2025-05-27,2025-05-27,"#1092, Daly City",JUAN DIAZ-1,8604,97,,,-$59.47,$838.55,$921.35,,"X-5253, X-5253",N,,"8200752,4970288"
2025-05-27,2025-09-30,"#1092, Daly City",EQUITY TRACK ACCOUNTING DEPT,8604,97,255 amber Dr,,-$59.47,$838.55,$921.35,H1092-495638,"X-5253, X-5253",N,,4970288
2025-05-26,2025-09-30,"#0643, El Cerrito",EQUITY TRACK ACCOUNTING DEPT,1957,90,2880 20th st,,-$8.77,$92.90,$101.96,H0643-487027,"X-5253, X-5253, X-5253",N,,
2025-05-26,2025-05-26,"#0643, El Cerrito",JUAN DIAZ-1,1842,90,,,-$49.81,$282.31,$309.77,,X-5253,N,,5903576
2025-05-26,2025-05-26,"#1092, Daly City",JUAN DIAZ-1,8519,97,,,-$93.08,$397.84,$437.11,,X-5253,N,,5970244
2025-05-26,2025-05-26,"#0643, El Cerrito",JUAN DIAZ-1,1842,90,,,-$49.81,$282.31,$309.77,,X-5253,N,,5903576
2025-05-26,2025-05-26,"#1092, Daly City",JUAN DIAZ-1,8519,97,,,-$93.08,$397.84,$437.11,,X-5253,N,,5970244
2025-05-26,2025-05-26,"#null, EL CERRITO",JUAN DIAZ-1,0,0,2880 20th st,,-$49.81,$282.31,$309.77,H0643-486921,X-5253,N,,5903576
2025-05-26,2025-05-26,"#0643, El Cerrito",EQUITY TRACK ACCOUNTING DEPT,1919,90,2880 20th st,,$0.00,$266.19,$290.94,H0643-487001,"X-8087, X-5004, X-8087",N,,5903638
2025-05-26,2025-05-26,"#null, DALY CITY",JUAN DIAZ-1,0,0,255 Amber Dr,,-$93.08,$397.84,$437.11,H1092-495460,X-5253,N,,5970244
2025-05-24,2025-05-24,"#1007, Oakland",JUAN DIAZ-1,8027,90,,,-$15.95,$262.77,$289.67,,X-5253,N,,7904125
2025-05-24,2025-05-24,"#1007, Oakland",JUAN DIAZ-1,8027,90,,,-$15.95,$262.77,$289.67,,X-5253,N,,7904125
2025-05-24,2025-05-24,"#null, OAKLAND",JUAN DIAZ-1,0,0,2880 20th st,,-$15.95,$262.77,$289.67,H1007-535749,X-5253,N,,7904125
2025-05-24,2025-05-24,online,1,0,0,255 amber dr,,-$3.60,-$447.93,-$486.56,WJ83818588,X-5253,N,,7222311
2025-05-22,2025-05-22,"#0643, El Cerrito",JUAN DIAZ-1,1293,90,,,-$59.35,$599.95,$658.01,,X-5253,N,,9903132
2025-05-23,2025-05-23,"#0643, El Cerrito",JUAN DIAZ-1,1357,90,,,-$5.73,$27.77,$30.46,,"X-5253, X-5253",N,,"3213339,8903185"
2025-05-23,2025-05-23,"#1848, EL CAJON",EQUITY TRACK ACCOUNTING DEPT,9370,54,,,$0.00,$97.19,$105.20,,X-1766,N,,8549083
2025-05-22,2025-05-23,THE HOME DEPOT,EQUITY TRACK INC-1,9541,36,,,-$175.56,$702.15,$762.71,,X-5253,N,,8362818
2025-05-22,2025-05-23,THE HOME DEPOT,EQUITY TRACK INC-1,9541,36,,,-$175.56,$702.15,$762.71,,X-5253,N,,8362818
2025-05-22,2025-05-22,"#0643, El Cerrito",JUAN DIAZ-1,1293,90,,,-$59.35,$599.95,$658.01,,X-5253,N,,9903132
2025-05-23,2025-05-23,"#0643, El Cerrito",JUAN DIAZ-1,1357,90,,,-$5.73,$27.77,$30.46,,"X-5253, X-5253",N,,"3213339,8903185"
2025-05-23,2025-05-23,"#null, EL CERRITO",JUAN DIAZ-1,0,0,2880 20th st,,-$2.82,$27.77,$30.46,H0643-486505,X-5253,N,,8903185
2025-05-22,2025-05-22,"#0643, El Cerrito",JUAN DIAZ-1,1120,90,,,-$12.29,$83.12,$91.22,,"X-5253, X-5253",N,,"8200752,9902977"
2025-05-22,2025-05-22,"#1092, Daly City",EQUITY TRACK INC-1,5875,90,,,-$18.09,$559.21,$607.44,,"X-5253, X-5253",N,,"7222311,9903528"
2025-05-22,2025-05-22,"#0643, El Cerrito",JUAN DIAZ-1,1120,90,,,-$12.29,$83.12,$91.22,,"X-5253, X-5253",N,,"8200752,9902977"
2025-05-22,2025-05-22,"#1092, Daly City",EQUITY TRACK INC-1,5875,90,,,-$18.09,$559.21,$607.44,,"X-5253, X-5253",N,,"7222311,9903528"
2025-05-22,2025-05-23,"#null, EL CERRITO",JUAN DIAZ-1,0,0,2880 20th st San Pab,,-$59.35,$599.95,$658.01,H0643-486457,X-5253,N,,9903132
2025-05-22,2025-09-30,"#0643, El Cerrito",EQUITY TRACK ACCOUNTING DEPT,1120,90,2880 20th st,,-$12.29,$83.12,$91.22,H0643-486275,"X-5253, X-5253",N,,9902977
2025-05-22,2025-05-22,online,EQUITY TRACK INC-1,0,0,255 amber dr,,-$3.60,$559.21,$607.44,WJ83818588,X-5253,N,,9903528
2025-05-21,2025-05-21,"#0628, San Carlos",JUAN DIAZ-1,5589,90,,,-$34.72,$200.11,$218.87,,X-5253,N,,0901205
2025-05-21,2025-05-21,"#0628, San Carlos",JUAN DIAZ-1,5599,90,,,-$9.49,$54.08,$59.15,,X-5253,N,,0901214
2025-05-21,2025-05-21,"#0639, Colma II",JUAN DIAZ-1,8294,90,,,-$9.51,$230.68,$252.31,,X-5253,N,,0900904
2025-05-21,2025-05-21,"#0643, El Cerrito",JUAN DIAZ-1,1000,90,,,-$47.40,$626.09,$626.09,,X-5253,N,,0902878
2025-05-21,2025-05-21,"#0628, San Carlos",JUAN DIAZ-1,5589,90,,,-$34.72,$200.11,$218.87,,X-5253,N,,0901205
2025-05-21,2025-05-21,"#0628, San Carlos",JUAN DIAZ-1,5599,90,,,-$9.49,$54.08,$59.15,,X-5253,N,,0901214
2025-05-21,2025-05-21,"#0639, Colma II",JUAN DIAZ-1,8294,90,,,-$9.51,$230.68,$252.31,,X-5253,N,,0900904
2025-05-21,2025-05-21,"#0643, El Cerrito",JUAN DIAZ-1,1000,90,,,-$47.40,$626.09,$626.09,,X-5253,N,,0902878
2025-05-21,2025-05-23,online,EQUITY TRACK INC-1,0,0,"255 Amber Dr, San Francisco, Ca 94131",,-$175.56,$702.15,$762.71,WG89610288,X-5253,N,,8362818
2025-05-21,2025-05-21,"#null, SAN CARLOS",JUAN DIAZ-1,0,0,3439 Oak Knoll Dr Re,,-$9.49,$54.08,$59.15,H0628-500976,X-5253,N,,0901214
2025-05-21,2025-05-21,"#null, EL CERRITO",JUAN DIAZ-1,0,0,2880 20th St,,-$47.40,$626.09,$626.09,H0643-486214,X-5253,N,,0902878
2025-05-21,2025-05-21,"#null, SAN CARLOS",JUAN DIAZ-1,0,0,3439 Oak Knoll Dr Re,,-$34.72,$200.11,$218.87,H0628-500967,X-5253,N,,0901205
2025-05-21,2025-05-21,"#null, COLMA II",JUAN DIAZ-1,0,0,255 AMBER DR SF CA,,-$2.51,$230.68,$252.31,H0639-509911,X-5253,N,,0900904
2025-05-20,2025-05-20,"#0628, San Carlos",JUAN DIAZ-1,5392,90,,,-$2.92,$58.51,$64.00,,X-5253,N,,1901022
2025-05-20,2025-05-20,"#0639, Colma II",JUAN DIAZ-1,8072,90,,,$0.00,$134.17,$145.59,,X-5253,N,,1900715
2025-05-20,2025-05-20,"#0643, El Cerrito",JUAN DIAZ-1,685,90,,,-$179.39,"$1,738.46","$1,905.23",,"X-5253, X-5253",N,,"8200752,1902604"
2025-05-20,2025-05-20,"#1092, Daly City",EQUITY TRACK INC-1,5280,90,,,-$90.00,$394.70,$428.74,,"X-5253, X-5253",N,,"1903025,1903028"
2025-05-20,2025-05-20,"#1092, Daly City",EQUITY TRACK INC-1,5288,90,,,-$59.40,$237.60,$258.09,,"X-5253, X-5253",N,,"1903031,1903055"
2025-05-20,2025-05-20,"#0628, San Carlos",JUAN DIAZ-1,5392,90,,,-$2.92,$58.51,$64.00,,X-5253,N,,1901022
2025-05-20,2025-05-20,"#0639, Colma II",JUAN DIAZ-1,8072,90,,,$0.00,$134.17,$145.59,,X-5253,N,,1900715
2025-05-20,2025-05-20,"#0643, El Cerrito",JUAN DIAZ-1,685,90,,,-$179.39,"$1,738.46","$1,905.23",,"X-5253, X-5253",N,,"8200752,1902604"
2025-05-20,2025-05-20,"#1092, Daly City",EQUITY TRACK INC-1,5280,90,,,-$90.00,$394.70,$428.74,,"X-5253, X-5253",N,,"1903025,1903028"
2025-05-20,2025-05-20,"#1092, Daly City",EQUITY TRACK INC-1,5288,90,,,-$59.40,$237.60,$258.09,,"X-5253, X-5253",N,,"1903031,1903055"
2025-05-20,2025-05-20,"#null, SAN CARLOS",JUAN DIAZ-1,0,0,170 glennway redwood,,-$2.92,$58.51,$64.00,H0628-500781,X-5253,N,,1901022
2025-05-20,2025-05-20,"#null, COLMA II",JUAN DIAZ-1,0,0,255 AMBER DR SF CA,,$0.00,$134.17,$145.59,H0639-509687,X-5253,N,,1900715
2025-05-20,2025-09-30,"#0643, El Cerrito",EQUITY TRACK ACCOUNTING DEPT,685,90,2880 20th St,,-$179.39,"$1,738.46","$1,905.23",H0643-485958,"X-5253, X-5253",N,,1902604
2025-05-20,2025-05-20,online,EQUITY TRACK INC-1,0,0,Encapsulation Paint,,$0.00,$0.00,$0.00,WN18582230,X-5253,N,,1903025
2025-05-20,2025-05-20,online,EQUITY TRACK INC-1,0,0,Encapsulation Paint,,$0.00,$0.00,$0.00,WG89549335,X-5253,N,,1903031
2025-05-19,2025-05-19,"#0628, San Carlos",JUAN DIAZ-1,5119,90,,,-$13.50,$456.13,$498.89,,X-5253,N,,2900781
2025-05-19,2025-05-19,THE HOME DEPOT,EQUITY TRACK INC-1,7845,33,,,-$10.33,$83.41,$91.33,,X-5253,N,,2333145
2025-05-19,2025-05-19,THE HOME DEPOT,EQUITY TRACK INC-1,7845,33,,,-$10.33,$83.41,$91.33,,X-5253,N,,2333145
2025-05-19,2025-05-19,"#0628, San Carlos",JUAN DIAZ-1,5119,90,,,-$13.50,$456.13,$498.89,,X-5253,N,,2900781
2025-05-19,2025-05-19,"#null, SAN CARLOS",JUAN DIAZ-1,0,0,170 Glenway St,,-$13.50,$456.13,$498.89,H0628-500518,X-5253,N,,2900781
2025-05-18,2025-05-18,"#0643, EL CERRITO",EQUITY TRACK ACCOUNTING DEPT,3670,51,2880 20th st,,-$23.36,$148.77,$162.66,,X-9006,N,,3511786
2025-05-18,2025-05-18,THE HOME DEPOT,EQUITY TRACK INC-1,2262,91,,,$0.00,$126.80,$138.85,,X-5253,N,,3911564
2025-05-18,2025-05-18,THE HOME DEPOT,EQUITY TRACK INC-1,2262,91,,,$0.00,$126.80,$138.85,,X-5253,N,,3911564
2025-05-17,2025-05-17,"#0628, San Carlos",JUAN DIAZ-1,4751,90,,,-$3.14,$46.66,$51.03,,X-5253,N,,4900454
2025-05-17,2025-05-17,"#0628, San Carlos",JUAN DIAZ-1,4751,90,,,-$3.14,$46.66,$51.03,,X-5253,N,,4900454
2025-05-17,2025-05-17,"#0643, El Cerrito",JUAN DIAZ-1,181,90,,,-$88.23,"$1,262.59","$1,385.69",,"X-5253, X-5253",N,,"8200752,4902163"
2025-05-17,2025-05-17,"#0643, El Cerrito",EQUITY TRACK INC-1,210,90,,,-$386.00,"$1,185.00","$1,297.58",,X-5253,N,,4902191
2025-05-17,2025-05-17,"#0643, El Cerrito",JUAN DIAZ-1,181,90,,,-$88.23,"$1,262.59","$1,385.69",,"X-5253, X-5253",N,,"8200752,4902163"
2025-05-17,2025-05-17,"#0643, El Cerrito",EQUITY TRACK INC-1,210,90,,,-$386.00,"$1,185.00","$1,297.58",,X-5253,N,,4902191
2025-05-17,2025-09-30,"#0643, El Cerrito",EQUITY TRACK ACCOUNTING DEPT,181,90,2880 20th st,,-$88.23,"$1,262.59","$1,385.69",H0643-485579,"X-5253, X-5253",N,,4902163
2025-05-17,2025-05-17,"#null, SAN CARLOS",JUAN DIAZ-1,0,0,170 glennway st,,-$3.14,$46.66,$51.03,H0628-500252,X-5253,N,,4900454
2025-05-17,2025-05-19,online,EQUITY TRACK INC-1,0,0,2880 20th st san pablo ca,,-$10.33,$83.41,$91.33,WN18193445,X-5253,N,,2333145
2025-05-17,2025-05-17,online,EQUITY TRACK INC-1,0,0,2880 20th st san pablo ca,,-$386.00,"$1,185.00","$1,297.58",WN18193446,X-5253,N,,4902191
2025-05-17,2025-05-18,online,EQUITY TRACK INC-1,0,0,San Pablo,,$0.00,$126.80,$138.85,WN18182915,X-5253,N,,3911564
2025-05-16,2025-05-16,"#0628, San Carlos",JUAN DIAZ-1,4533,90,,,-$5.76,$196.24,$214.06,,X-5253,N,,5900263
2025-05-16,2025-05-16,"#0639, Colma II",JUAN DIAZ-1,7433,90,,,-$17.38,$183.28,$200.46,,"X-5253, X-5253",N,,"3213339,5900178"
2025-05-16,2025-05-16,"#0639, Colma II",JUAN DIAZ-1,7460,90,,,-$8.28,$74.31,$81.28,,"X-5253, X-5253",N,,"3213339,5900202"
2025-05-16,2025-05-16,"#0643, El Cerrito",JUAN DIAZ-1,41,90,,,-$108.10,$759.65,$833.67,,X-5253,N,,5902045
2025-05-15,2025-05-15,"#0643, El Cerrito",JUAN DIAZ-1,9824,90,,,$0.00,$364.44,$399.97,,"X-5253, X-5253",N,,"7202025,6901859"
2025-05-15,2025-05-15,"#1092, Daly City",EQUITY TRACK INC-1,4172,90,,,$0.00,$21.92,$23.81,,X-5253,N,,6902057
2025-05-16,2025-05-16,"#0628, San Carlos",JUAN DIAZ-1,4533,90,,,-$5.76,$196.24,$214.06,,X-5253,N,,5900263
2025-05-16,2025-05-16,"#0639, Colma II",JUAN DIAZ-1,7433,90,,,-$17.38,$183.28,$200.46,,"X-5253, X-5253",N,,"3213339,5900178"
2025-05-16,2025-05-16,"#0639, Colma II",JUAN DIAZ-1,7460,90,,,-$8.28,$74.31,$81.28,,"X-5253, X-5253",N,,"3213339,5900202"
2025-05-15,2025-05-15,"#0643, El Cerrito",JUAN DIAZ-1,9824,90,,,$0.00,$364.44,$399.97,,"X-5253, X-5253",N,,"7202025,6901859"
2025-05-16,2025-05-16,"#0643, El Cerrito",JUAN DIAZ-1,41,90,,,-$108.10,$759.65,$833.67,,X-5253,N,,5902045
2025-05-15,2025-05-15,"#1092, Daly City",EQUITY TRACK INC-1,4172,90,,,$0.00,$21.92,$23.81,,X-5253,N,,6902057
2025-05-16,2025-05-16,"#null, COLMA II",JUAN DIAZ-1,0,0,155 GARDINER AVE,,-$5.82,$74.31,$81.28,H0639-509122,X-5253,N,,5900202
2025-05-16,2025-05-16,"#null, EL CERRITO",JUAN DIAZ-1,0,0,2880 20th Street,,-$108.10,$759.65,$833.67,H0643-485500,X-5253,N,,5902045
2025-05-15,2026-02-18,"#0643, El Cerrito",EQUITY TRACK ACCOUNTING DEPT,9824,90,255 Amber Dr,,$0.00,$364.44,$399.97,H0643-485285,"X-5253, X-5253",N,,
2025-05-16,2025-05-16,"#null, COLMA II",JUAN DIAZ-1,0,0,155 GARDENER AVE,,-$17.22,$183.28,$200.46,H0639-509094,X-5253,N,,5900178
2025-05-16,2025-05-16,"#null, SAN CARLOS",JUAN DIAZ-1,0,0,170 gleenway san car,,-$5.76,$196.24,$214.06,H0628-500097,X-5253,N,,5900263
2025-05-15,2025-05-15,"#0628, San Carlos",JUAN DIAZ-1,4319,90,,,$0.00,$57.33,$62.70,,X-5253,N,,6900071
2025-05-14,2025-05-14,"#0643, El Cerrito",JUAN DIAZ-1,9581,90,,,-$140.47,"$2,059.82","$2,260.65",,X-5253,N,,7901644
2025-05-15,2025-05-15,"#0643, El Cerrito",JUAN DIAZ-1,9792,90,,,-$78.59,"$1,169.31","$1,282.54",,X-5253,N,,6901829
2025-05-15,2025-05-15,"#1092, Daly City",EQUITY TRACK INC-1,4163,90,,,$0.00,$341.99,$371.49,,X-5253,N,,6902050
2025-05-15,2025-05-15,"#0628, San Carlos",JUAN DIAZ-1,4319,90,,,$0.00,$57.33,$62.70,,X-5253,N,,6900071
2025-05-14,2025-05-14,"#0643, El Cerrito",JUAN DIAZ-1,9581,90,,,-$140.47,"$2,059.82","$2,260.65",,X-5253,N,,7901644
2025-05-15,2025-05-15,"#0643, El Cerrito",JUAN DIAZ-1,9792,90,,,-$78.59,"$1,169.31","$1,282.54",,X-5253,N,,6901829
2025-05-15,2025-05-15,"#1092, Daly City",EQUITY TRACK INC-1,4163,90,,,$0.00,$341.99,$371.49,,X-5253,N,,6902050
2025-05-15,2025-05-15,online,EQUITY TRACK INC-1,0,0,Moving Supplies 255 Amber,,$0.00,$341.99,$371.49,WN17937360,X-5253,N,,6902050
2025-05-15,2025-05-16,online,EQUITY TRACK INC-1,0,0,Moving Supplies 255 Amber,,$0.00,$21.92,$23.81,WN17940347,X-5253,N,,6902057
2025-05-15,2025-05-15,"#null, SAN CARLOS",JUAN DIAZ-1,0,0,161 Glennway,,$0.00,$57.33,$62.70,H0628-499905,X-5253,N,,6900071
2025-05-15,2025-05-15,"#null, EL CERRITO",JUAN DIAZ-1,0,0,2880 20th san pablo,,-$78.59,"$1,169.31","$1,282.54",H0643-485255,X-5253,N,,6901829
2025-05-14,2025-05-14,"#1043, Vacaville",EQUITY TRACK INC-1,3502,90,,,$0.00,$185.69,$201.24,,X-5253,N,,7904961
2025-05-14,2025-05-14,"#1044, Hercules",JUAN DIAZ-1,2562,90,,,-$209.92,"$1,134.58","$1,237.89",,X-5253,N,,7904926
2025-05-14,2025-05-14,"#1043, Vacaville",EQUITY TRACK INC-1,3502,90,,,$0.00,$185.69,$201.24,,X-5253,N,,7904961
2025-05-14,2025-05-14,"#1044, Hercules",JUAN DIAZ-1,2562,90,,,-$209.92,"$1,134.58","$1,237.89",,X-5253,N,,7904926
2025-05-14,2025-05-14,"#null, HERCULES",JUAN DIAZ-1,0,0,2880 20th st,,-$209.92,"$1,134.58","$1,237.89",H1044-285696,X-5253,N,,7904926
2025-05-14,2025-05-15,"#null, EL CERRITO",JUAN DIAZ-1,0,0,2880 20th St,,-$140.47,"$2,059.82","$2,260.65",H0643-485068,X-5253,N,,7901644
2025-05-14,2025-05-14,online,EQUITY TRACK INC-1,0,0,Drinda Jacobs,,$0.00,$185.69,$201.24,WN17745055,X-5253,N,,7904961
2025-05-13,2025-05-13,"#0627, Emeryville",JUAN DIAZ-1,6606,90,,,-$7.99,$63.30,$69.95,,X-5253,N,,8902008
2025-05-13,2025-05-13,"#1020, Tracy",JUAN DIAZ-1,4148,90,,,-$16.53,$121.90,$131.96,,X-5253,N,,8903653
2025-05-13,2025-05-13,"#0627, Emeryville",JUAN DIAZ-1,6606,90,,,-$7.99,$63.30,$69.95,,X-5253,N,,8902008
2025-05-13,2025-05-13,"#1020, Tracy",JUAN DIAZ-1,4148,90,,,-$16.53,$121.90,$131.96,,X-5253,N,,8903653
2025-05-13,2025-05-13,"#null, EMERYVILLE",JUAN DIAZ-1,0,0,1036 wood st,,-$7.99,$63.30,$69.95,H0627-719426,X-5253,N,,8902008
2025-05-13,2025-05-13,"#null, TRACY",JUAN DIAZ-1,0,0,1680 Tahoe Cir,,-$16.53,$121.90,$131.96,H1020-341526,X-5253,N,,8903653
2025-05-12,2025-05-12,"#1006, Manteca",JUAN DIAZ-1,9957,90,,,-$99.00,"$1,055.17","$1,148.65",,"X-5253, X-5253",N,,"9192318,9903153"
2025-05-12,2025-05-12,"#1020, TRACY",1,4197,16,155 gardiner ave,,-$34.06,-$297.37,-$325.44,,"X-8189, X-5253",N,,9161610
2025-05-12,2025-05-12,"#1020, TRACY",1,4503,19,155 gardnier ave,,-$45.92,-$780.83,-$851.17,,"X-5253, X-8189",N,,9192318
2025-05-12,2025-05-12,"#1020, TRACY",1,4506,19,1680 TAHOE CIRCL,,-$5.29,-$70.68,-$76.56,,"X-5253, X-8189",N,,9192319
2025-05-12,2025-05-12,"#1020, Tracy",JUAN DIAZ-1,4032,90,,,-$16.69,$178.63,$193.37,,"X-5253, X-5253",N,,"9903554,5200712"
2025-05-12,2025-05-12,"#1006, Manteca",JUAN DIAZ-1,9957,90,,,-$99.00,"$1,055.17","$1,148.65",,"X-5253, X-5253",N,,"9192318,9903153"
2025-05-12,2025-05-12,"#1020, Tracy",JUAN DIAZ-1,4032,90,,,-$16.69,$178.63,$193.37,,"X-5253, X-5253",N,,"9903554,5200712"
2025-05-12,2025-05-12,"#null, TRACY",1,0,0,155 gardnier ave,,-$25.19,-$86.40,-$94.50,H6655-362046,X-5253,N,,9192318
2025-05-12,2025-05-12,"#null, TRACY",JUAN DIAZ-1,0,0,1680 tahoe circle,,-$14.69,$178.63,$193.37,H1020-341429,X-5253,N,,9903554
2025-05-12,2025-05-12,"#null, TRACY",1,0,0,155 gardiner ave,,-$36.87,-$14.58,-$15.95,H6655-359316,X-5253,N,,9161610
2025-05-12,2025-05-12,"#null, TRACY",1,0,0,155 gardiner ave,,-$22.68,-$4.22,-$4.61,H0639-506536,X-5253,N,,9161610
2025-05-12,2025-05-12,"#null, TRACY",1,0,0,155 gardiner ave,,-$31.51,-$44.53,-$48.71,H0639-507484,X-5253,N,,9161610
2025-05-12,2025-05-12,"#null, TRACY",1,0,0,155 gardiner ave,,-$54.74,-$14.54,-$15.85,H1022-419315,X-5253,N,,9161610
2025-05-12,2026-02-18,"#1020, Tracy",EQUITY TRACK ACCOUNTING DEPT,4197,16,819 S MARY AVE,,-$0.55,-$4.93,-$5.38,H0640-404872,"X-8189, X-5253",N,,
2025-05-12,2025-05-12,"#null, TRACY",1,0,0,819 s mary ave,,-$0.56,-$16.29,-$17.77,H0640-403184,X-5253,N,,9161610
2025-05-12,2025-05-12,"#null, TRACY",1,0,0,155 gardiner ave,,-$12.25,-$41.60,-$45.87,H0629-389646,X-5253,N,,9161610
2025-05-12,2025-05-12,"#null, TRACY",1,0,0,1680 TAHOE CIRCL,,-$2.44,-$3.99,-$4.35,H0640-406249,X-5253,N,,9192319
2025-05-12,2025-05-12,"#null, TRACY",1,0,0,155 gardnier ave,,-$46.29,-$6.90,-$7.55,H0639-505794,X-5253,N,,9161610
2025-05-12,2025-05-12,"#null, TRACY",1,0,0,155 gardnier ave,,-$46.29,-$28.88,-$31.58,H0639-505794,X-5253,N,,9192318
2025-05-12,2025-05-12,"#null, TRACY",1,0,0,155 gardnier ave,,-$99.00,-$151.88,-$165.55,H1006-378697,X-5253,N,,9192318
2025-05-12,2025-05-12,"#null, MANTECA",JUAN DIAZ-1,0,0,1680 Tahoe Cir,,-$99.00,"$1,055.17","$1,148.65",H1006-378697,X-5253,N,,9903153
2025-05-12,2025-05-12,"#null, TRACY",1,0,0,155 gardiner ave,,-$67.53,-$1.50,-$1.63,H6655-363514,X-5253,N,,9161610
2025-05-12,2025-05-12,"#null, TRACY",1,0,0,1680 TAHOE CIRCL,,-$12.67,-$64.07,-$69.36,H1020-341152,X-5253,N,,9192319
2025-05-12,2025-05-12,"#null, TRACY",1,0,0,155 gardiner ave,,-$42.60,-$1.40,-$1.52,H0640-404310,X-5253,N,,9161610
2025-05-12,2025-05-12,"#null, TRACY",1,0,0,155 gardiner ave,,-$9.40,-$17.79,-$19.46,H0639-508049,X-5253,N,,9161610
2025-05-12,2025-05-12,"#null, TRACY",1,0,0,155 gardnier ave,,-$217.80,-$197.10,-$216.57,H0639-502730,X-5253,N,,9192318
2025-05-12,2025-05-12,"#null, TRACY",1,0,0,155 gardnier ave,,-$32.43,-$249.00,-$269.54,H1020-341215,X-5253,N,,9192318
2025-05-12,2025-05-12,"#null, TRACY",1,0,0,155 gardnier ave,,-$40.45,-$6.26,-$6.85,H0628-497193,X-5253,N,,9192318
2025-05-12,2025-05-12,"#null, TRACY",1,0,0,1680 TAHOE CIRCL,,-$46.39,-$1.72,-$1.88,H0639-506382,X-5253,N,,9192319
2025-05-12,2025-05-12,"#null, TRACY",1,0,0,819 s mary ave,,-$199.70,-$104.69,-$114.50,H0639-505973,X-5253,N,,9161610
2025-05-12,2025-05-12,"#null, TRACY",1,0,0,819 s mary ave,,-$199.70,-$104.69,-$114.50,H0639-505973,X-5253,N,,9192318
2025-05-10,2025-05-10,"#0628, San Carlos",JUAN DIAZ-1,3272,90,,,-$11.91,$281.59,$307.99,,X-5253,N,,1904611
2025-05-10,2025-05-10,"#0628, San Carlos",JUAN DIAZ-1,3331,90,,,-$0.72,$125.44,$137.20,,X-5253,N,,1904669
2025-05-10,2025-05-10,"#1020, Tracy",JUAN DIAZ-1,3726,90,,,-$17.58,$422.47,$457.32,,"X-5253, X-5253",N,,"9192319,1903291"
2025-05-10,2025-05-10,"#1020, Tracy",JUAN DIAZ-1,3781,90,,,-$32.43,"$1,035.72","$1,121.14",,"X-5253, X-5253",N,,"9192318,1903338"
2025-05-10,2025-05-10,"#0628, San Carlos",JUAN DIAZ-1,3272,90,,,-$11.91,$281.59,$307.99,,X-5253,N,,1904611
2025-05-10,2025-05-10,"#0628, San Carlos",JUAN DIAZ-1,3331,90,,,-$0.72,$125.44,$137.20,,X-5253,N,,1904669
2025-05-10,2025-05-10,"#1020, Tracy",JUAN DIAZ-1,3726,90,,,-$17.58,$422.47,$457.32,,"X-5253, X-5253",N,,"9192319,1903291"
2025-05-10,2025-05-10,"#1020, Tracy",JUAN DIAZ-1,3781,90,,,-$32.43,"$1,035.72","$1,121.14",,"X-5253, X-5253",N,,"9192318,1903338"
2025-05-10,2025-05-10,"#null, SAN CARLOS",JUAN DIAZ-1,0,0,100 palm,,-$0.72,$125.44,$137.20,H0628-499157,X-5253,N,,1904669
2025-05-10,2025-05-10,"#null, TRACY",JUAN DIAZ-1,0,0,1680 TAHOE CIRCLE,,-$12.67,$422.47,$457.32,H1020-341152,X-5253,N,,1903291
2025-05-10,2025-05-10,"#null, TRACY",JUAN DIAZ-1,0,0,1680 Tahoe Circle,,-$32.43,"$1,035.72","$1,121.14",H1020-341215,X-5253,N,,1903338
2025-05-10,2025-05-10,"#null, SAN CARLOS",JUAN DIAZ-1,0,0,100 Palm Ave,,-$11.91,$281.59,$307.99,H0628-499105,X-5253,N,,1904611
2025-05-09,2025-05-09,"#6655, THE HOME DEPOT PRO",EQUITY TRACK ACCOUNTING DEPT,8263,2,155 Gardenir ave,,$0.00,$69.97,$76.53,,"X-XXXX, X-XXXX",N,,
2025-05-09,2025-05-09,"#6655, THE HOME DEPOT PRO",EQUITY TRACK ACCOUNTING DEPT,1368,4,155 Gardiner Ave,,-$4.20,$37.77,$41.31,,X-2019,N,,2043976
2025-05-09,2025-05-09,"#0639, Colma II",JUAN DIAZ-1,6276,90,,,-$11.94,$209.85,$228.36,,"X-5253, X-5253",N,,"9161610,2904272"
2025-05-09,2025-05-09,"#1020, Tracy",JUAN DIAZ-1,3615,90,,,-$43.30,$215.61,$233.40,,X-5253,N,,2903200
2025-05-09,2025-05-09,"#6655, The Home Depot Pro",JUAN DIAZ-1,4865,90,,,-$28.80,$115.14,$125.93,,X-5253,N,,2902778
2025-05-09,2025-05-09,"#0639, Colma II",JUAN DIAZ-1,6276,90,,,-$11.94,$209.85,$228.36,,"X-5253, X-5253",N,,"9161610,2904272"
2025-05-09,2025-05-09,"#1020, Tracy",JUAN DIAZ-1,3615,90,,,-$43.30,$215.61,$233.40,,X-5253,N,,2903200
2025-05-09,2025-05-09,"#6655, The Home Depot Pro",JUAN DIAZ-1,4865,90,,,-$28.80,$115.14,$125.93,,X-5253,N,,2902778
2025-05-09,2025-05-09,"#null, THE HOME DEPOT PRO",JUAN DIAZ-1,0,0,155 gardiner ave,,-$28.80,$115.14,$125.93,H6655-363992,X-5253,N,,2902778
2025-05-09,2025-05-09,"#null, COLMA II",JUAN DIAZ-1,0,0,155 Gardiner Ave SSf,,-$9.40,$209.85,$228.36,H0639-508049,X-5253,N,,2904272
2025-05-09,2025-05-09,"#null, TRACY",JUAN DIAZ-1,0,0,1680 TYAHOE CIRLCLE,,-$43.30,$215.61,$233.40,H1020-341063,X-5253,N,,2903200
2025-05-08,2025-05-08,"#0628, SAN CARLOS",EQUITY TRACK ACCOUNTING DEPT,773,53,100 PALM AVE,,$0.00,$6.87,$7.51,,X-1086,N,,3532112
2025-05-08,2025-05-08,"#0628, San Carlos",JUAN DIAZ-1,2858,90,,,-$8.37,$274.95,$300.73,,X-5253,N,,3904230
2025-05-08,2025-05-08,"#0643, El Cerrito",JUAN DIAZ-1,8351,90,,,-$41.50,$401.63,$440.79,,X-5253,N,,3900583
2025-05-08,2025-05-08,"#6616, Sunset",EQUITY TRACK ACCOUNTING DEPT,7223,53,,,$0.00,$12.36,$12.36,,X-0475,N,,
2025-05-08,2025-05-08,"#6616, Sunset",EQUITY TRACK ACCOUNTING DEPT,7223,53,,,$0.00,$12.36,$12.36,,X-0475,N,,
2025-05-08,2025-05-08,"#0628, San Carlos",JUAN DIAZ-1,2858,90,,,-$8.37,$274.95,$300.73,,X-5253,N,,3904230
2025-05-08,2025-05-08,"#0643, El Cerrito",JUAN DIAZ-1,8351,90,,,-$41.50,$401.63,$440.79,,X-5253,N,,3900583
2025-05-08,2025-05-08,"#null, SAN CARLOS",JUAN DIAZ-1,0,0,100 palm Ave,,-$8.37,$274.95,$300.73,H0628-498770,X-5253,N,,3904230
2025-05-08,2025-05-08,"#null, EL CERRITO",JUAN DIAZ-1,0,0,2880 20th st,,-$41.50,$401.63,$440.79,H0643-484127,X-5253,N,,3900583
2025-05-07,2025-05-07,"#0639, Colma II",JUAN DIAZ-1,5914,90,,,-$35.20,$536.91,$587.25,,"X-5253, X-5253",N,,"3213339,4903953"
2025-05-07,2025-05-07,"#1020, Tracy",EQUITY TRACK INC-1,3242,90,,,-$450.26,"$1,427.74","$1,545.53",,X-5253,N,,4902871
2025-05-07,2025-05-07,"#0639, Colma II",JUAN DIAZ-1,5914,90,,,-$35.20,$536.91,$587.25,,"X-5253, X-5253",N,,"3213339,4903953"
2025-05-07,2025-05-07,"#1020, Tracy",EQUITY TRACK INC-1,3242,90,,,-$450.26,"$1,427.74","$1,545.53",,X-5253,N,,4902871
2025-05-07,2025-05-07,online,EQUITY TRACK INC-1,0,0,1680 Tahoe Cir Tracy Ca 95376,,-$450.26,"$1,427.74","$1,545.53",WG88439713,X-5253,N,,4902871
2025-05-07,2025-05-07,"#null, COLMA II",JUAN DIAZ-1,0,0,155 GARDINER AVE,,-$34.83,$536.91,$587.25,H0639-507752,X-5253,N,,4903953
2025-05-06,2025-05-06,"#0627, Emeryville",JUAN DIAZ-1,4033,90,,,-$22.36,$212.69,$235.02,,X-5253,N,,5907075
2025-05-06,2025-05-06,"#1020, Tracy",JUAN DIAZ-1,3064,90,,,-$215.68,$989.35,"$1,070.09",,X-5253,N,,5902711
2025-05-06,2025-05-06,"#6655, The Home Depot Pro",JUAN DIAZ-1,4222,90,,,-$67.61,"$1,202.44","$1,313.43",,"X-5253, X-5253",N,,"9161610,5902179"
2025-05-06,2025-05-06,"#0627, Emeryville",JUAN DIAZ-1,4033,90,,,-$22.36,$212.69,$235.02,,X-5253,N,,5907075
2025-05-06,2025-05-06,"#1020, Tracy",JUAN DIAZ-1,3064,90,,,-$215.68,$989.35,"$1,070.09",,X-5253,N,,5902711
2025-05-06,2025-05-06,"#6655, The Home Depot Pro",JUAN DIAZ-1,4222,90,,,-$67.61,"$1,202.44","$1,313.43",,"X-5253, X-5253",N,,"9161610,5902179"
2025-05-06,2025-05-06,"#null, TRACY",JUAN DIAZ-1,0,0,1680 Tahoe Circ,,-$215.68,$989.35,"$1,070.09",H1020-340543,X-5253,N,,5902711
2025-05-06,2025-05-06,"#null, THE HOME DEPOT PRO",JUAN DIAZ-1,0,0,155 Gardiner Ave,,-$67.53,"$1,202.44","$1,313.43",H6655-363514,X-5253,N,,5902179
2025-05-06,2025-05-07,"#null, THE HOME DEPOT PRO",EQUITY TRACK ACCOUNTING DEPT,0,0,155 Gardener,,-$8.39,$50.00,$54.69,H6655-363518,X-2019,N,,5902188
2025-05-06,2025-05-06,"#null, EMERYVILLE",JUAN DIAZ-1,0,0,1036 Wood St,,-$22.36,$212.69,$235.02,H0627-717706,X-5253,N,,5907075
2025-05-05,2025-05-05,"#1020, Tracy",JUAN DIAZ-1,2891,90,,,-$328.15,"$1,619.18","$1,751.02",,X-5253,N,,6902560
2025-05-05,2025-05-05,"#6616, Sunset",EQUITY TRACK ACCOUNTING DEPT,8614,55,,,$0.00,$9.98,$10.95,,X-0475,N,,
2025-05-05,2025-05-05,"#6616, Sunset",EQUITY TRACK ACCOUNTING DEPT,8615,55,,,$0.00,$9.98,$10.95,,X-0475,N,,
2025-05-05,2025-05-05,"#6616, Sunset",EQUITY TRACK ACCOUNTING DEPT,8085,90,,,$0.00,$809.18,$887.41,,X-0475,N,,
2025-05-05,2025-05-05,"#6616, Sunset",EQUITY TRACK ACCOUNTING DEPT,8614,55,,,$0.00,$9.98,$10.95,,X-0475,N,,
2025-05-05,2025-05-05,"#6616, Sunset",EQUITY TRACK ACCOUNTING DEPT,8615,55,,,$0.00,$9.98,$10.95,,X-0475,N,,
2025-05-05,2025-05-05,"#1020, Tracy",JUAN DIAZ-1,2891,90,,,-$328.15,"$1,619.18","$1,751.02",,X-5253,N,,6902560
2025-05-05,2025-05-05,"#6616, Sunset",EQUITY TRACK ACCOUNTING DEPT,8085,90,,,$0.00,$809.18,$887.41,,X-0475,N,,
2025-05-05,2025-05-06,"#null, COLMA II",EQUITY TRACK ACCOUNTING DEPT,0,0,155 Gardiner ave,,-$31.51,$457.96,$500.89,H0639-507484,X-2019,N,,6903684
2025-05-05,2025-05-05,"#null, TRACY",JUAN DIAZ-1,0,0,1680 Tahoe Cir. Trac,,-$328.15,"$1,619.18","$1,751.02",H1020-340400,X-5253,N,,6902560
2025-05-04,2025-05-04,"#0639, COLMA II",EQUITY TRACK ACCOUNTING DEPT,404,1,155 GARDINER AVE,,-$40.29,$247.99,$271.18,,X-2019,N,,7015697
2025-05-03,2025-05-03,"#0639, Colma II",JUAN DIAZ-1,5232,90,,,-$68.19,$394.18,$430.99,,X-5253,N,,8903368
2025-05-03,2025-05-03,"#1043, Vacaville",EQUITY TRACK INC-1,2052,90,,,$0.00,$125.19,$135.67,,X-5253,N,,8903713
2025-05-03,2025-05-03,"#0639, Colma II",JUAN DIAZ-1,5232,90,,,-$68.19,$394.18,$430.99,,X-5253,N,,8903368
2025-05-03,2025-05-03,"#1043, Vacaville",EQUITY TRACK INC-1,2052,90,,,$0.00,$125.19,$135.67,,X-5253,N,,8903713
2025-05-03,2025-05-03,online,EQUITY TRACK INC-1,0,0,"490 South Ct Dixon, California 95620",,$0.00,$125.19,$135.67,WN16227387,X-5253,N,,8903713
2025-05-03,2025-05-03,"#null, COLMA II",JUAN DIAZ-1,0,0,155 Gardiner Ave Sf,,-$68.19,$394.18,$430.99,H0639-507146,X-5253,N,,8903368
2025-05-02,2025-05-02,"#0643, El Cerrito",JUAN DIAZ-1,1303,97,,,-$36.42,$516.61,$566.98,,X-5253,N,,9973463
2025-05-02,2025-05-02,"#6655, The Home Depot Pro",JUAN DIAZ-1,9220,97,,,-$67.20,$397.56,$434.83,,X-5253,N,,9973832
2025-05-02,2025-05-02,"#0643, El Cerrito",JUAN DIAZ-1,1303,97,,,-$36.42,$516.61,$566.98,,X-5253,N,,9973463
2025-05-02,2025-05-02,"#6655, The Home Depot Pro",JUAN DIAZ-1,9220,97,,,-$67.20,$397.56,$434.83,,X-5253,N,,9973832
2025-05-02,2025-05-02,"#null, THE HOME DEPOT PRO",JUAN DIAZ-1,0,0,155 Gardiner Ave,,-$67.20,$397.56,$434.83,H6655-362898,X-5253,N,,9973832
2025-05-02,2025-05-02,"#null, EL CERRITO",JUAN DIAZ-1,0,0,2880 20th Street Sa,,-$36.42,$516.61,$566.98,H0643-483100,X-5253,N,,9973463
2025-05-01,2025-05-01,"#1017, Hayward",JUAN DIAZ-1,2696,90,,,-$138.88,$979.93,"$1,084.95",,X-5253,N,,0905329
2025-05-01,2025-05-01,"#6616, Sunset",EQUITY TRACK ACCOUNTING DEPT,9523,54,,,$0.00,$158.36,$173.20,,X-0475,N,,
2025-05-01,2025-05-01,"#6655, The Home Depot Pro",JUAN DIAZ-1,3183,90,,,$0.00,$37.31,$40.81,,X-5253,N,,0901213
2025-05-01,2025-05-01,"#6655, The Home Depot Pro",JUAN DIAZ-1,3249,90,,,-$32.56,$200.35,$219.01,,X-5253,N,,0901278
2025-05-01,2025-05-01,"#6616, Sunset",EQUITY TRACK ACCOUNTING DEPT,9523,54,,,$0.00,$158.36,$173.20,,X-0475,N,,
2025-05-01,2025-05-01,"#1017, Hayward",JUAN DIAZ-1,2696,90,,,-$138.88,$979.93,"$1,084.95",,X-5253,N,,0905329
2025-05-01,2025-05-01,"#6655, The Home Depot Pro",JUAN DIAZ-1,3183,90,,,$0.00,$37.31,$40.81,,X-5253,N,,0901213
2025-05-01,2025-05-01,"#6655, The Home Depot Pro",JUAN DIAZ-1,3249,90,,,-$32.56,$200.35,$219.01,,X-5253,N,,0901278
2025-05-01,2025-05-01,"#null, THE HOME DEPOT PRO",JUAN DIAZ-1,0,0,155 Gardiner Ave,,$0.00,$37.31,$40.81,H6655-362794,X-5253,N,,0901213
2025-05-01,2025-05-01,"#null, THE HOME DEPOT PRO",JUAN DIAZ-1,0,0,155 gardiner ave,,-$32.56,$200.35,$219.01,H6655-362847,X-5253,N,,0901278
2025-05-01,2025-05-01,"#null, HAYWARD",JUAN DIAZ-1,0,0,2880 20th st San Pab,,-$138.88,$979.93,"$1,084.95",H1017-393077,X-5253,N,,0905329
2025-04-30,2025-04-30,"#0639, Colma II",JUAN DIAZ-1,4718,90,,,-$87.22,$723.31,$790.99,,X-5253,N,,1902905
2025-04-30,2025-04-30,"#0639, Colma II",JUAN DIAZ-1,4735,90,,,-$114.13,$467.85,$511.29,,X-5253,N,,1902921
2025-04-30,2025-04-30,"#6655, THE HOME DEPOT PRO",EQUITY TRACK ACCOUNTING DEPT,2824,3,155 gardiner ave,,-$27.35,$211.91,$229.34,,X-2019,N,,1030383
2025-04-30,2025-04-30,"#6655, THE HOME DEPOT PRO",EQUITY TRACK ACCOUNTING DEPT,2830,3,155 gardiner ave,,-$1.05,$36.12,$39.51,,X-2019,N,,1030386
2025-04-30,2025-04-30,THE HOME DEPOT,EQUITY TRACK INC-1,6511,68,,,-$10.33,$83.41,$91.65,,X-5253,N,,1684288
2025-04-30,2025-04-30,THE HOME DEPOT,EQUITY TRACK INC-1,6511,68,,,-$10.33,$83.41,$91.65,,X-5253,N,,1684288
2025-04-30,2025-04-30,"#0639, Colma II",JUAN DIAZ-1,4718,90,,,-$87.22,$723.31,$790.99,,X-5253,N,,1902905
2025-04-30,2025-04-30,"#0639, Colma II",JUAN DIAZ-1,4735,90,,,-$114.13,$467.85,$511.29,,X-5253,N,,1902921
2025-04-30,2025-04-30,"#null, COLMA II",JUAN DIAZ-1,0,0,155 GARDINER ST SSF,,-$114.13,$467.85,$511.29,H0639-506689,X-5253,N,,1902921
2025-04-30,2025-04-30,"#null, COLMA II",JUAN DIAZ-1,0,0,155 Gardiner ssf ca,,-$87.22,$723.31,$790.99,H0639-506672,X-5253,N,,1902905
2025-04-29,2025-04-29,"#0628, San Carlos",JUAN DIAZ-1,788,90,,,-$5.16,$60.10,$65.73,,X-5253,N,,2902374
2025-04-29,2025-04-29,"#0628, San Carlos",JUAN DIAZ-1,839,90,,,-$40.92,$427.41,$467.48,,"X-5253, X-5253",N,,"9192318,2902422"
2025-04-29,2025-04-29,"#0639, Colma II",JUAN DIAZ-1,4520,90,,,-$22.68,$556.28,$608.38,,"X-5253, X-5253",N,,"9161610,2902730"
2025-04-29,2025-04-29,"#0639, Colma II",EQUITY TRACK INC-1,4530,90,,,"-$1,139.00","$2,020.00","$2,219.48",,X-5253,N,,2902740
2025-04-29,2025-04-29,"#0628, San Carlos",JUAN DIAZ-1,788,90,,,-$5.16,$60.10,$65.73,,X-5253,N,,2902374
2025-04-29,2025-04-29,"#0628, San Carlos",JUAN DIAZ-1,839,90,,,-$40.92,$427.41,$467.48,,"X-5253, X-5253",N,,"9192318,2902422"
2025-04-29,2025-04-29,"#0639, Colma II",JUAN DIAZ-1,4520,90,,,-$22.68,$556.28,$608.38,,"X-5253, X-5253",N,,"9161610,2902730"
2025-04-29,2025-04-29,"#0639, Colma II",EQUITY TRACK INC-1,4530,90,,,"-$1,139.00","$2,020.00","$2,219.48",,X-5253,N,,2902740
2025-04-29,2025-04-29,"#null, COLMA II",JUAN DIAZ-1,0,0,155 GARDINER AVE SSF,,-$22.68,$556.28,$608.38,H0639-506536,X-5253,N,,2902730
2025-04-29,2025-04-29,"#null, SAN CARLOS",JUAN DIAZ-1,0,0,441 beta ave,,-$5.16,$60.10,$65.73,H0628-497267,X-5253,N,,2902374
2025-04-29,2025-04-29,online,EQUITY TRACK INC-1,0,0,155 GARDINER AVE SOUTH SAN FRANCISCO CA 94080,,"-$1,139.00","$2,020.00","$2,219.48",WN15705853,X-5253,N,,2902740
2025-04-29,2025-04-30,online,EQUITY TRACK INC-1,0,0,155 GARDINER AVE SOUTH SAN FRANCISCO CA,,-$10.33,$83.41,$91.65,WN15705852,X-5253,N,,1684288
2025-04-29,2025-04-29,"#null, SAN CARLOS",JUAN DIAZ-1,0,0,441 vera ave,,-$40.45,$427.41,$467.48,H0628-497193,X-5253,N,,2902422
2025-04-28,2025-04-28,"#0639, Colma II",JUAN DIAZ-1,4376,90,,,-$46.47,$458.76,$501.73,,"X-5253, X-5253",N,,"9192319,3902613"
2025-04-28,2025-04-28,"#0643, El Cerrito",JUAN DIAZ-1,6073,90,,,-$28.35,$639.43,$700.04,,X-5253,N,,3904429
2025-04-28,2025-04-28,"#6655, The Home Depot Pro",JUAN DIAZ-1,2434,90,,,-$106.16,$665.44,$724.57,,X-5253,N,,3900512
2025-04-28,2025-04-28,"#0639, Colma II",JUAN DIAZ-1,4376,90,,,-$46.47,$458.76,$501.73,,"X-5253, X-5253",N,,"9192319,3902613"
2025-04-28,2025-04-28,"#0643, El Cerrito",JUAN DIAZ-1,6073,90,,,-$28.35,$639.43,$700.04,,X-5253,N,,3904429
2025-04-28,2025-04-28,"#6655, The Home Depot Pro",JUAN DIAZ-1,2434,90,,,-$106.16,$665.44,$724.57,,X-5253,N,,3900512
2025-04-28,2025-04-28,"#null, THE HOME DEPOT PRO",JUAN DIAZ-1,0,0,155 Gardiner Ave,,-$106.16,$665.44,$724.57,H6655-362299,X-5253,N,,3900512
2025-04-28,2025-04-28,"#null, EL CERRITO",JUAN DIAZ-1,0,0,2880 20th st san pab,,-$28.35,$639.43,$700.04,H0643-482158,X-5253,N,,3904429
2025-04-28,2025-04-28,"#null, COLMA II",JUAN DIAZ-1,0,0,155 GARDINER AVE SSF,,-$46.39,$458.76,$501.73,H0639-506382,X-5253,N,,3902613
2025-04-26,2025-04-26,"#0639, Colma II",JUAN DIAZ-1,4047,90,,,-$39.33,$648.59,$709.40,,X-5253,N,,5902327
2025-04-26,2025-04-26,"#0643, El Cerrito",JUAN DIAZ-1,5791,90,,,-$208.46,"$1,036.74","$1,137.40",,X-5253,N,,5904196
2025-04-26,2025-04-26,"#6655, The Home Depot Pro",JUAN DIAZ-1,2109,90,,,-$37.61,$443.51,$484.94,,X-5253,N,,5900225
2025-04-26,2025-04-26,"#0639, Colma II",JUAN DIAZ-1,4047,90,,,-$39.33,$648.59,$709.40,,X-5253,N,,5902327
2025-04-26,2025-04-26,"#0643, El Cerrito",JUAN DIAZ-1,5791,90,,,-$208.46,"$1,036.74","$1,137.40",,X-5253,N,,5904196
2025-04-26,2025-04-26,"#6655, The Home Depot Pro",JUAN DIAZ-1,2109,90,,,-$37.61,$443.51,$484.94,,X-5253,N,,5900225
2025-04-26,2025-04-26,"#null, COLMA II",JUAN DIAZ-1,0,0,155 gardiner ave,,-$39.33,$648.59,$709.40,H0639-506116,X-5253,N,,5902327
2025-04-26,2025-04-26,"#null, EL CERRITO",JUAN DIAZ-1,0,0,2880 20th st san pab,,-$208.46,"$1,036.74","$1,137.40",H0643-481965,X-5253,N,,5904196
2025-04-26,2025-04-26,"#null, THE HOME DEPOT PRO",JUAN DIAZ-1,0,0,155 gardiner,,-$37.61,$443.51,$484.94,H6655-362158,X-5253,N,,5900225
2025-04-25,2025-04-25,"#0639, Colma II",JUAN DIAZ-1,3900,90,,,-$213.10,"$2,117.54","$2,314.28",,"X-5253, X-5253, X-5253, X-5253, X-5253",N,,"6902204,9192318,9161610,3213339,5200712"
2025-04-24,2025-04-24,"#0640, Kifer Rd",JUAN DIAZ-1,1215,97,,,-$3.67,$18.48,$20.17,,X-5253,N,,7974212
2025-04-25,2025-04-25,"#6655, The Home Depot Pro",JUAN DIAZ-1,1948,90,,,-$40.49,$245.72,$268.76,,"X-5253, X-5253",N,,"6900078,9192318"
2025-04-25,2025-04-25,"#6655, The Home Depot Pro",JUAN DIAZ-1,2019,90,,,-$6.23,$192.03,$209.99,,X-5253,N,,6900145
2025-04-25,2025-04-25,"#0639, Colma II",JUAN DIAZ-1,3900,90,,,-$213.10,"$2,117.54","$2,314.28",,"X-5253, X-5253, X-5253, X-5253, X-5253",N,,"6902204,9192318,9161610,3213339,5200712"
2025-04-25,2025-04-25,"#6655, The Home Depot Pro",JUAN DIAZ-1,1948,90,,,-$40.49,$245.72,$268.76,,"X-5253, X-5253",N,,"6900078,9192318"
2025-04-25,2025-04-25,"#6655, The Home Depot Pro",JUAN DIAZ-1,2019,90,,,-$6.23,$192.03,$209.99,,X-5253,N,,6900145
2025-04-24,2025-04-24,"#0640, Kifer Rd",JUAN DIAZ-1,1215,97,,,-$3.67,$18.48,$20.17,,X-5253,N,,7974212
2025-04-25,2025-04-25,"#null, THE HOME DEPOT PRO",JUAN DIAZ-1,0,0,155 gardnier ave,,-$25.19,$245.72,$268.76,H6655-362046,X-5253,N,,6900078
2025-04-25,2025-04-25,"#null, THE HOME DEPOT PRO",JUAN DIAZ-1,0,0,155 GARDINER AVE,,-$6.23,$192.03,$209.99,H6655-362114,X-5253,N,,6900145
2025-04-25,2025-04-25,"#null, COLMA II",JUAN DIAZ-1,0,0,155 gardiner ave,,-$199.70,"$2,117.54","$2,314.28",H0639-505973,X-5253,N,,6902204
2025-04-24,2025-04-24,"#0639, Colma II",JUAN DIAZ-1,3711,90,,,-$52.16,$561.63,$614.23,,"X-5253, X-5253, X-5253",N,,"9161610,9192318,7902034"
2025-04-24,2025-04-24,"#6655, The Home Depot Pro",JUAN DIAZ-1,1738,90,,,-$6.67,$130.33,$142.51,,X-5253,N,,7905871
2025-04-24,2025-04-24,"#0639, Colma II",JUAN DIAZ-1,3711,90,,,-$52.16,$561.63,$614.23,,"X-5253, X-5253, X-5253",N,,"9161610,9192318,7902034"
2025-04-24,2025-04-24,"#6655, The Home Depot Pro",JUAN DIAZ-1,1738,90,,,-$6.67,$130.33,$142.51,,X-5253,N,,7905871
2025-04-24,2025-04-25,"#null, KIFER RD",JUAN DIAZ-1,0,0,819 s mary ave sunny,,-$3.67,$18.48,$20.17,H0640-410403,X-5253,N,,7974212
2025-04-24,2025-04-24,"#null, THE HOME DEPOT PRO",JUAN DIAZ-1,0,0,155 Gardiner Ave,,-$6.67,$130.33,$142.51,H6655-361893,X-5253,N,,7905871
2025-04-24,2025-04-24,"#null, COLMA II",JUAN DIAZ-1,0,0,155 Gardiner ave ssf,,-$46.29,$561.63,$614.23,H0639-505794,X-5253,N,,7902034
2025-04-23,2025-04-23,"#0635, Union City",JUAN DIAZ-1,8928,90,,,-$86.58,$831.66,$920.99,,X-5253,N,,8903211
2025-04-22,2025-04-22,"#6655, The Home Depot Pro",JUAN DIAZ-1,1362,90,,,-$104.23,"$1,124.15","$1,229.17",,X-5253,N,,9905525
2025-04-23,2025-04-23,"#0635, Union City",JUAN DIAZ-1,8928,90,,,-$86.58,$831.66,$920.99,,X-5253,N,,8903211
2025-04-22,2025-04-22,"#6655, The Home Depot Pro",JUAN DIAZ-1,1362,90,,,-$104.23,"$1,124.15","$1,229.17",,X-5253,N,,9905525
2025-04-23,2025-04-23,"#null, UNION CITY",JUAN DIAZ-1,0,0,155 gardiner ave,,-$86.58,$831.66,$920.99,H0635-310219,X-5253,N,,8903211
2025-04-22,2025-04-22,"#0639, COLMA II",EQUITY TRACK ACCOUNTING DEPT,6201,53,1418 E LINDSAY ST,,-$9.95,$189.69,$207.43,,X-2019,N,,9535414
2025-04-22,2025-04-22,"#0639, Colma II",JUAN DIAZ-1,3341,90,,,-$277.78,"$1,881.52","$2,054.65",,X-5253,N,,9901691
2025-04-22,2025-04-22,"#6655, The Home Depot Pro",JUAN DIAZ-1,1282,90,,,-$136.31,"$2,109.68","$2,307.46",,X-5253,N,,9905447
2025-04-22,2025-04-22,"#0639, Colma II",JUAN DIAZ-1,3341,90,,,-$277.78,"$1,881.52","$2,054.65",,X-5253,N,,9901691
2025-04-22,2025-04-22,"#6655, The Home Depot Pro",JUAN DIAZ-1,1282,90,,,-$136.31,"$2,109.68","$2,307.46",,X-5253,N,,9905447
2025-04-22,2025-04-22,"#null, THE HOME DEPOT PRO",JUAN DIAZ-1,0,0,155 gardiner,,-$136.31,"$2,109.68","$2,307.46",H6655-361545,X-5253,N,,9905447
2025-04-22,2025-04-23,"#null, THE HOME DEPOT PRO",JUAN DIAZ-1,0,0,155 gardiner ave,,-$104.23,"$1,124.15","$1,229.17",H6655-361594,X-5253,N,,9905525
2025-04-22,2025-04-22,"#null, COLMA II",JUAN DIAZ-1,0,0,155 gardiner ave,,-$277.78,"$1,881.52","$2,054.65",H0639-505462,X-5253,N,,9901691
2025-04-21,2025-04-21,"#1848, EL CAJON",EQUITY TRACK ACCOUNTING DEPT,9674,80,,,$0.00,$89.61,$97.00,,X-1766,N,,0803612
2025-04-20,2025-04-20,"#0633, VALLEJO",EQUITY TRACK ACCOUNTING DEPT,1248,3,1502 magazine st,,-$32.51,$260.42,$284.50,,X-2019,N,,1033274
2025-04-19,2025-04-19,"#1022, West Stockton",JUAN DIAZ-1,8046,90,,,-$5.23,$52.19,$56.89,,X-5253,N,,2900037
2025-04-19,2025-04-19,"#1022, West Stockton",JUAN DIAZ-1,8046,90,,,-$5.23,$52.19,$56.89,,X-5253,N,,2900037
2025-04-19,2025-04-19,"#null, WEST STOCKTON",JUAN DIAZ-1,0,0,1418 E LINDSAY ST,,-$5.23,$52.19,$56.89,H1022-419371,X-5253,N,,2900037
2025-04-18,2025-04-18,"#1022, West Stockton",JUAN DIAZ-1,7797,90,,,-$13.06,$291.04,$315.44,,X-5253,N,,3904863
2025-04-18,2025-04-18,"#1022, West Stockton",JUAN DIAZ-1,7806,90,,,-$6.73,$113.74,$123.89,,X-5253,N,,3904872
2025-04-18,2025-04-18,"#1022, West Stockton",JUAN DIAZ-1,7951,97,,,-$54.74,$312.87,$340.89,,"X-5253, X-5253",N,,"9161610,3971002"
2025-04-18,2025-04-18,"#1022, West Stockton",JUAN DIAZ-1,7797,90,,,-$13.06,$291.04,$315.44,,X-5253,N,,3904863
2025-04-18,2025-04-18,"#1022, West Stockton",JUAN DIAZ-1,7806,90,,,-$6.73,$113.74,$123.89,,X-5253,N,,3904872
2025-04-18,2025-04-18,"#1022, West Stockton",JUAN DIAZ-1,7951,97,,,-$54.74,$312.87,$340.89,,"X-5253, X-5253",N,,"9161610,3971002"
2025-04-18,2025-04-18,"#null, WEST STOCKTON",JUAN DIAZ-1,0,0,1418 E Lindsay st,,-$54.74,$312.87,$340.89,H1022-419315,X-5253,N,,3971002
2025-04-18,2025-04-18,"#null, WEST STOCKTON",JUAN DIAZ-1,0,0,1418 E Lindsay St,,-$13.06,$291.04,$315.44,H1022-419241,X-5253,N,,3904863
2025-04-18,2025-04-18,"#null, WEST STOCKTON",JUAN DIAZ-1,0,0,1418 E LINDSAY ST,,-$6.73,$113.74,$123.89,H1022-419246,X-5253,N,,3904872
2025-04-17,2025-04-17,"#0627, Emeryville",JUAN DIAZ-1,7401,90,,,-$3.40,$67.67,$74.78,,X-5253,N,,4901016
2025-04-17,2025-04-17,"#1044, HERCULES",1,7007,16,1502 magazine,,-$10.05,-$112.07,-$122.42,,"X-5253, X-2019",N,,4162526
2025-04-17,2025-04-17,"#1044, Hercules",JUAN DIAZ-1,7663,90,,,-$9.85,$175.49,$191.72,,X-5253,N,,4900539
2025-04-17,2025-04-17,"#0627, Emeryville",JUAN DIAZ-1,7401,90,,,-$3.40,$67.67,$74.78,,X-5253,N,,4901016
2025-04-17,2025-04-17,"#1044, Hercules",JUAN DIAZ-1,7663,90,,,-$9.85,$175.49,$191.72,,X-5253,N,,4900539
2025-04-17,2025-04-17,"#null, HERCULES",1,0,0,1502 magazine,,-$61.43,-$51.92,-$56.72,H0633-388180,X-5253,N,,4162526
2025-04-17,2025-04-17,"#null, HERCULES",1,0,0,1502 magazine,,-$129.64,-$48.92,-$53.44,H0633-388044,X-5253,N,,4162526
2025-04-17,2025-04-17,"#null, EMERYVILLE",JUAN DIAZ-1,0,0,820 22nd St,,-$3.40,$67.67,$74.78,H0627-713735,X-5253,N,,4901016
2025-04-17,2025-04-17,"#null, HERCULES",JUAN DIAZ-1,0,0,2880 20th st,,-$9.85,$175.49,$191.72,H1044-282854,X-5253,N,,4900539
2025-04-16,2025-04-16,"#0632, San Mateo",JUAN DIAZ-1,5973,97,,,-$37.04,$452.19,$495.71,,X-5253,N,,5971397
2025-04-16,2025-04-16,"#0633, VALLEJO",EQUITY TRACK ACCOUNTING DEPT,6888,21,1502 magazine st,,-$7.30,-$54.95,-$60.06,,"X-2019, X-5253",N,,5212461
2025-04-16,2025-04-16,"#0633, Vallejo",JUAN DIAZ-1,7148,90,,,-$10.17,$107.76,$117.73,,X-5253,N,,5900311
2025-04-15,2025-04-15,"#0633, Vallejo",JUAN DIAZ-1,5345,97,,,-$42.12,$188.84,$206.03,,X-5253,N,,6971908
2025-04-16,2025-04-16,"#0633, Vallejo",JUAN DIAZ-1,5369,97,,,-$60.67,$412.23,$450.22,,"X-5253, X-5253",N,,"5212463,5971921"
2025-04-16,2025-04-16,"#0633, Vallejo",JUAN DIAZ-1,7148,90,,,-$10.17,$107.76,$117.73,,X-5253,N,,5900311
2025-04-16,2025-04-16,"#0632, San Mateo",JUAN DIAZ-1,5973,97,,,-$37.04,$452.19,$495.71,,X-5253,N,,5971397
2025-04-15,2025-04-15,"#0633, Vallejo",JUAN DIAZ-1,5345,97,,,-$42.12,$188.84,$206.03,,X-5253,N,,6971908
2025-04-16,2025-04-16,"#0633, Vallejo",JUAN DIAZ-1,5369,97,,,-$60.67,$412.23,$450.22,,"X-5253, X-5253",N,,"5212463,5971921"
2025-04-16,2025-04-16,"#null, SAN MATEO",JUAN DIAZ-1,0,0,155 Gardiner ave,,-$37.04,$452.19,$495.71,H0632-472715,X-5253,N,,5971397
2025-04-16,2025-04-16,"#null, VALLEJO",EQUITY TRACK ACCOUNTING DEPT,0,0,1502 magazine st,,-$42.43,-$32.78,-$35.85,H0628-494461,"X-2019, X-5253",N,,5212461
2025-04-16,2025-04-16,"#null, VALLEJO",JUAN DIAZ-1,0,0,"1502 magazine st , v",,-$10.17,$107.76,$117.73,H0633-388362,X-5253,N,,5900311
2025-04-16,2025-04-16,"#null, VALLEJO",1,0,0,1502 magazine,,-$51.37,-$83.25,-$90.95,H0633-388324,"X-5253, X-5253",N,,5971921
2025-04-16,2025-04-16,"#null, VALLEJO",JUAN DIAZ-1,0,0,1502 magazine,,-$51.37,$412.23,$450.22,H0633-388324,X-5253,N,,5971921
2025-04-15,2025-04-15,"#0633, VALLEJO",EQUITY TRACK ACCOUNTING DEPT,4628,22,1502 magazine st,,-$2.70,-$24.18,-$26.41,,X-2019,N,,6221841
2025-04-15,2025-04-15,"#0633, Vallejo",JUAN DIAZ-1,5301,97,,,-$63.08,$753.85,$823.33,,"X-5253, X-5253",N,,"4162526,6971886"
2025-04-15,2025-04-15,"#0633, Vallejo",JUAN DIAZ-1,5301,97,,,-$63.08,$753.85,$823.33,,"X-5253, X-5253",N,,"4162526,6971886"
2025-04-15,2025-04-16,"#null, VALLEJO",JUAN DIAZ-1,0,0,1502 Magazine St,,-$42.12,$188.84,$206.03,H0633-388274,X-5253,N,,6971908
2025-04-15,2025-04-15,"#null, VALLEJO",JUAN DIAZ-1,0,0,1502 magazine,,-$61.43,$753.85,$823.33,H0633-388180,X-5253,N,,6971886
2025-04-14,2025-04-14,"#0633, VALLEJO",EQUITY TRACK ACCOUNTING DEPT,9349,2,1502 magazine st,,-$9.38,$177.92,$194.31,,X-2019,N,,7022048
2025-04-14,2025-04-14,"#0633, Vallejo",JUAN DIAZ-1,5233,97,,,-$138.04,$990.38,"$1,079.64",,"X-5253, X-5253",N,,"4162526,7971848"
2025-04-14,2025-04-14,"#1043, Vacaville",EQUITY TRACK INC-1,9329,90,,,$0.00,$122.27,$131.29,,X-5253,N,,7901337
2025-04-14,2025-04-14,"#1043, Vacaville",EQUITY TRACK INC-1,9329,90,,,$0.00,$122.27,$131.29,,X-5253,N,,7901337
2025-04-14,2025-04-14,"#0633, Vallejo",JUAN DIAZ-1,5233,97,,,-$138.04,$990.38,"$1,079.64",,"X-5253, X-5253",N,,"4162526,7971848"
2025-04-14,2025-04-14,"#null, VALLEJO",JUAN DIAZ-1,0,0,1502 Magazine st,,-$129.64,$990.38,"$1,079.64",H0633-388044,X-5253,N,,7971848
2025-04-14,2025-04-14,online,EQUITY TRACK INC-1,0,0,Moving Supplies Dixon,,$0.00,$122.27,$131.29,WJ80606720,X-5253,N,,7901337
2025-04-12,2025-04-12,"#0628, SAN CARLOS",EQUITY TRACK ACCOUNTING DEPT,7621,1,441 VERA,,-$5.70,$66.14,$72.33,,X-2019,N,,9012620
2025-04-12,2025-04-12,"#0628, San Carlos",JUAN DIAZ-1,7518,90,,,-$12.81,$208.34,$227.87,,X-5253,N,,9905394
2025-04-12,2025-04-12,"#0628, San Carlos",JUAN DIAZ-1,7518,90,,,-$12.81,$208.34,$227.87,,X-5253,N,,9905394
2025-04-12,2025-04-12,"#null, SAN CARLOS",1,0,0,441 vera ave,,-$23.55,-$108.82,-$119.30,H0632-471408,X-5253,N,,9214290
2025-04-12,2025-04-12,"#null, SAN CARLOS",1,0,0,441 vera ave,,-$11.90,-$160.73,-$176.62,H6603-415516,X-5253,N,,9214290
2025-04-12,2025-04-12,"#null, SAN CARLOS",JUAN DIAZ-1,0,0,441 vera ave,,-$12.81,$208.34,$227.87,H0628-494597,X-5253,N,,9905394
2025-04-11,2025-04-11,"#0628, San Carlos",JUAN DIAZ-1,306,97,,,-$46.08,$455.20,$497.88,,"X-5253, X-5253",N,,"5212462,0971522"
2025-04-11,2025-04-11,"#6655, The Home Depot Pro",JUAN DIAZ-1,8768,97,,,-$104.33,$995.36,"$1,088.10",,X-5253,N,,0973617
2025-04-11,2025-04-11,"#0628, San Carlos",JUAN DIAZ-1,306,97,,,-$46.08,$455.20,$497.88,,"X-5253, X-5253",N,,"5212462,0971522"
2025-04-11,2025-04-11,"#6655, The Home Depot Pro",JUAN DIAZ-1,8768,97,,,-$104.33,$995.36,"$1,088.10",,X-5253,N,,0973617
2025-04-11,2025-04-11,"#null, THE HOME DEPOT PRO",JUAN DIAZ-1,0,0,155 gardiner,,-$104.33,$995.36,"$1,088.10",H6655-360157,X-5253,N,,0973617
2025-04-11,2025-04-11,"#null, SAN CARLOS",JUAN DIAZ-1,0,0,441 vera ave,,-$42.43,$455.20,$497.88,H0628-494461,X-5253,N,,0971522
2025-04-10,2025-04-10,"#0628, San Carlos",EQUITY TRACK INC-1,7096,90,,,-$558.00,"$1,240.00","$1,362.45",,X-5253,N,,1905017
2025-04-10,2025-04-10,"#0628, San Carlos",EQUITY TRACK INC-1,7100,90,,,-$558.00,"$1,240.00","$1,362.45",,X-5253,N,,1905021
2025-04-10,2025-04-10,"#0628, San Carlos",EQUITY TRACK INC-1,7124,90,,,-$602.00,"$1,096.00","$1,204.23",,X-5253,N,,1905042
2025-04-09,2025-04-09,"#0628, San Carlos",JUAN DIAZ-1,187,97,,,-$58.13,$587.63,$642.58,,"X-5253, X-5253",N,,"1350329,2971451"
2025-04-10,2025-04-10,"#0628, San Carlos",JUAN DIAZ-1,229,97,,,-$73.91,"$1,219.70","$1,334.05",,X-5253,N,,1971473
2025-04-10,2025-04-10,"#0628, San Carlos",JUAN DIAZ-1,244,97,,,-$15.63,$243.75,$266.52,,X-5253,N,,1971484
2025-04-10,2025-04-10,"#0628, San Carlos",EQUITY TRACK INC-1,7096,90,,,-$558.00,"$1,240.00","$1,362.45",,X-5253,N,,1905017
2025-04-10,2025-04-10,"#0628, San Carlos",EQUITY TRACK INC-1,7100,90,,,-$558.00,"$1,240.00","$1,362.45",,X-5253,N,,1905021
2025-04-10,2025-04-10,"#0628, San Carlos",EQUITY TRACK INC-1,7124,90,,,-$602.00,"$1,096.00","$1,204.23",,X-5253,N,,1905042
2025-04-10,2025-04-10,"#0628, San Carlos",EQUITY TRACK INC-1,7125,90,,,-$552.00,"$1,046.00","$1,149.29",,X-5253,N,,1905043
2025-04-09,2025-04-09,"#0628, San Carlos",JUAN DIAZ-1,187,97,,,-$58.13,$587.63,$642.58,,"X-5253, X-5253",N,,"1350329,2971451"
2025-04-10,2025-04-10,"#0628, San Carlos",JUAN DIAZ-1,229,97,,,-$73.91,"$1,219.70","$1,334.05",,X-5253,N,,1971473
2025-04-10,2025-04-10,"#0628, San Carlos",JUAN DIAZ-1,244,97,,,-$15.63,$243.75,$266.52,,X-5253,N,,1971484
2025-04-10,2025-04-10,"#0628, San Carlos",EQUITY TRACK INC-1,7125,90,,,-$552.00,"$1,046.00","$1,149.29",,X-5253,N,,1905043
2025-04-10,2025-04-10,"#0628, San Carlos",JUAN DIAZ-1,245,97,,,$0.00,$179.13,$195.76,,X-5253,N,,1971485
2025-04-10,2025-04-10,"#0628, San Carlos",JUAN DIAZ-1,268,97,,,-$9.82,$324.16,$354.55,,X-5253,N,,1971498
2025-04-10,2025-04-10,"#0628, San Carlos",JUAN DIAZ-1,245,97,,,$0.00,$179.13,$195.76,,X-5253,N,,1971485
2025-04-10,2025-04-10,"#0628, San Carlos",JUAN DIAZ-1,268,97,,,-$9.82,$324.16,$354.55,,X-5253,N,,1971498
2025-04-10,2025-04-10,online,EQUITY TRACK INC-1,0,0,441 vera ave,,-$552.00,"$1,046.00","$1,149.29",WN13284803,X-5253,N,,1905043
2025-04-10,2025-04-10,online,EQUITY TRACK INC-1,0,0,441 vera ave redwood city ca,,-$558.00,"$1,240.00","$1,362.45",WN13268793,X-5253,N,,1905017
2025-04-10,2025-04-10,"#null, SAN CARLOS",JUAN DIAZ-1,0,0,441 VERA AVE   Membe,,-$9.82,$324.16,$354.55,H0628-494354,X-5253,N,,1971498
2025-04-10,2025-04-10,online,EQUITY TRACK INC-1,0,0,441 VERA AVE,,-$558.00,"$1,240.00","$1,362.45",WG86115387,X-5253,N,,1905021
2025-04-10,2025-04-10,online,EQUITY TRACK INC-1,0,0,441 vera ave,,-$602.00,"$1,096.00","$1,204.23",WN13284228,X-5253,N,,1905042
2025-04-10,2025-04-10,"#null, SAN CARLOS",1,0,0,441 VERA AVE,,-$51.53,-$212.48,-$232.39,H0628-494160,X-5253,N,,1350329
2025-04-10,2025-04-10,"#null, SAN CARLOS",JUAN DIAZ-1,0,0,441 vera aVE,,-$73.91,"$1,219.70","$1,334.05",H0628-494218,X-5253,N,,1971473
2025-04-10,2025-04-10,"#null, SAN CARLOS",JUAN DIAZ-1,0,0,441 VERA AVE,,$0.00,$179.13,$195.76,H0628-494280,X-5253,N,,1971485
2025-04-10,2025-04-10,"#null, SAN CARLOS",JUAN DIAZ-1,0,0,441 Vera Ave,,-$15.63,$243.75,$266.52,H0628-494273,X-5253,N,,1971484
2025-04-09,2025-04-09,"#0628, San Carlos",JUAN DIAZ-1,123,97,,,-$130.70,"$1,256.76","$1,371.37",,X-5253,N,,2971406
2025-04-09,2025-04-09,"#0628, San Carlos",JUAN DIAZ-1,123,97,,,-$130.70,"$1,256.76","$1,371.37",,X-5253,N,,2971406
2025-04-09,2025-04-09,"#null, SAN CARLOS",JUAN DIAZ-1,0,0,441 vera ave    neri,,-$130.70,"$1,256.76","$1,371.37",H0628-494018,X-5253,N,,2971406
2025-04-09,2025-04-10,"#null, SAN CARLOS",JUAN DIAZ-1,0,0,441 VERA AVE    Memb,,-$51.53,$587.63,$642.58,H0628-494160,X-5253,N,,2971451
2025-04-09,2025-04-09,"#null, COLMA II",1,0,0,155 Gardiner Cab,,$0.00,"-$1,806.21","-$1,984.57",H0639-502077,X-5253,N,,2171605
2025-04-08,2025-04-08,"#0629, Pleasanton",JUAN DIAZ-1,3158,90,,,-$2.77,$40.62,$44.78,,X-5253,N,,3904543
2025-04-07,2025-04-07,"#0632, San Mateo",JUAN DIAZ-1,5419,97,,,-$24.60,$991.31,"$1,086.14",,"X-5253, X-5253",N,,"4971050,9214290"
2025-04-08,2025-04-08,"#0629, Pleasanton",JUAN DIAZ-1,3158,90,,,-$2.77,$40.62,$44.78,,X-5253,N,,3904543
2025-04-07,2025-04-07,"#0632, San Mateo",JUAN DIAZ-1,5419,97,,,-$24.60,$991.31,"$1,086.14",,"X-5253, X-5253",N,,"4971050,9214290"
2025-04-08,2025-04-08,"#null, PLEASANTON",JUAN DIAZ-1,0,0,swinford ct,,-$2.77,$40.62,$44.78,H0629-390358,X-5253,N,,3904543
2025-04-07,2025-04-07,"#0628, SAN CARLOS",EQUITY TRACK ACCOUNTING DEPT,882,37,441 Vera,,$0.00,$24.72,$24.72,,X-2019,N,,4372687
2025-04-07,2025-04-07,"#6603, East Palo Alto",JUAN DIAZ-1,2233,97,,,-$14.00,$352.92,$387.66,,"X-5253, X-5253",N,,"4974116,9214290"
2025-04-07,2025-04-07,"#6655, The Home Depot Pro",JUAN DIAZ-1,8595,97,,,-$48.23,"$1,056.80","$1,155.70",,X-5253,N,,4973515
2025-04-07,2025-04-07,"#6603, East Palo Alto",JUAN DIAZ-1,2233,97,,,-$14.00,$352.92,$387.66,,"X-5253, X-5253",N,,"4974116,9214290"
2025-04-07,2025-04-07,"#6655, The Home Depot Pro",JUAN DIAZ-1,8595,97,,,-$48.23,"$1,056.80","$1,155.70",,X-5253,N,,4973515
2025-04-07,2025-04-08,"#null, SAN MATEO",JUAN DIAZ-1,0,0,441 vera ave,,-$23.55,$991.31,"$1,086.14",H0632-471408,X-5253,N,,4971050
2025-04-07,2025-04-07,"#null, EAST PALO ALTO",JUAN DIAZ-1,0,0,441 VERA ANE,,-$11.90,$352.92,$387.66,H6603-415516,X-5253,N,,4974116
2025-04-07,2025-04-07,"#null, THE HOME DEPOT PRO",JUAN DIAZ-1,0,0,155 Gardiner ave,,-$48.23,"$1,056.80","$1,155.70",H6655-359459,X-5253,N,,4973515
2025-04-07,2025-04-07,"#null, SAN CARLOS",EQUITY TRACK ACCOUNTING DEPT,0,0,441 Vera Ave,,-$96.60,"$1,173.01","$1,282.85",H0628-493737,X-5880,N,,4904530
2025-04-05,2025-04-05,"#6655, The Home Depot Pro",JUAN DIAZ-1,8530,97,,,-$39.47,$672.02,$734.66,,"X-5253, X-5253",N,,"9161610,6973494"
2025-04-05,2025-04-05,"#6655, The Home Depot Pro",JUAN DIAZ-1,8530,97,,,-$39.47,$672.02,$734.66,,"X-5253, X-5253",N,,"9161610,6973494"
2025-04-05,2025-04-05,"#null, THE HOME DEPOT PRO",JUAN DIAZ-1,0,0,155 GARDINER AVE,,-$36.87,$672.02,$734.66,H6655-359316,X-5253,N,,6973494
2025-04-04,2025-04-04,"#0633, Vallejo",DIAZ JUAN M-1,4565,97,,,-$55.76,$265.65,$289.98,,X-5253,N,,7971417
2025-04-04,2025-04-04,"#0639, Colma II",JUAN DIAZ-1,9742,97,,,-$239.70,"$2,157.30","$2,370.33",,"X-5253, X-5253",N,,"9192318,7971855"
2025-04-04,2025-04-04,"#0639, Colma II",JUAN DIAZ-1,9751,97,,,-$56.99,$991.79,"$1,084.77",,X-5253,N,,7971861
2025-04-04,2025-04-04,"#0633, Vallejo",DIAZ JUAN M-1,4565,97,,,-$55.76,$265.65,$289.98,,X-5253,N,,7971417
2025-04-04,2025-04-04,"#0639, Colma II",JUAN DIAZ-1,9742,97,,,-$239.70,"$2,157.30","$2,370.33",,"X-5253, X-5253",N,,"9192318,7971855"
2025-04-04,2025-04-04,"#0639, Colma II",JUAN DIAZ-1,9751,97,,,-$56.99,$991.79,"$1,084.77",,X-5253,N,,7971861
2025-04-04,2025-04-04,"#null, VALLEJO",DIAZ JUAN M-1,0,0,1502 Magazine St,,-$55.76,$265.65,$289.98,H0633-386745,X-5253,N,,7971417
2025-04-04,2025-04-04,"#null, COLMA II",JUAN DIAZ-1,0,0,155 GARDINER AVE SSF,,-$56.99,$991.79,"$1,084.77",H0639-502753,X-5253,N,,7971861
2025-04-03,2025-04-03,"#0629, PLEASANTON",EQUITY TRACK ACCOUNTING DEPT,8545,1,4843 swinford,,-$5.02,$15.98,$17.62,,X-2019,N,,8013806
2025-04-03,2025-04-03,"#0629, Pleasanton",JUAN DIAZ-1,9252,97,,,-$19.63,$154.06,$169.85,,"X-5253, X-5253",N,,"9161610,8970482"
2025-04-03,2025-04-03,"#0639, Colma II",JUAN DIAZ-1,9709,97,,,$0.00,$269.97,$295.28,,X-5253,N,,8971837
2025-04-03,2025-04-03,"#0639, Colma II",JUAN DIAZ-1,9716,97,,,-$14.40,$897.67,$979.51,,X-5253,N,,8971842
2025-04-03,2025-04-03,"#6655, The Home Depot Pro",JUAN DIAZ-1,8454,97,,,-$115.19,"$1,734.54","$1,897.15",,X-5253,N,,8973455
2025-04-03,2025-04-03,"#0629, Pleasanton",JUAN DIAZ-1,9252,97,,,-$19.63,$154.06,$169.85,,"X-5253, X-5253",N,,"9161610,8970482"
2025-04-03,2025-04-03,"#0639, Colma II",JUAN DIAZ-1,9709,97,,,$0.00,$269.97,$295.28,,X-5253,N,,8971837
2025-04-03,2025-04-03,"#0639, Colma II",JUAN DIAZ-1,9716,97,,,-$14.40,$897.67,$979.51,,X-5253,N,,8971842
2025-04-03,2025-04-03,"#6655, The Home Depot Pro",JUAN DIAZ-1,8454,97,,,-$115.19,"$1,734.54","$1,897.15",,X-5253,N,,8973455
2025-04-03,2025-04-03,"#null, COLMA II",JUAN DIAZ-1,0,0,155 GARDINER AVE,,-$14.40,$897.67,$979.51,H0639-502665,X-5253,N,,8971842
2025-04-03,2025-04-03,"#null, COLMA II",JUAN DIAZ-1,0,0,155 GARDINER,,$0.00,$269.97,$295.28,H0639-502652,X-5253,N,,8971837
2025-04-03,2025-04-03,"#null, PLEASANTON",JUAN DIAZ-1,0,0,4843 Swinford,,-$12.25,$154.06,$169.85,H0629-389646,X-5253,N,,8970482
2025-04-03,2025-04-03,"#null, THE HOME DEPOT PRO",JUAN DIAZ-1,0,0,155 gardiner ave,,-$115.19,"$1,734.54","$1,897.15",H6655-359068,X-5253,N,,8973455
2025-04-03,2025-04-03,"#null, COLMA II",1,0,0,155 Gardiner Cab,,$0.00,-$194.67,-$213.90,H0639-502077,X-5253,N,,
2025-04-02,2025-04-02,"#0629, PLEASANTON",EQUITY TRACK ACCOUNTING DEPT,8385,1,4843 SWINFORD,,-$8.63,$114.25,$125.96,,X-2019,N,,9013730
2025-04-02,2025-04-02,"#0629, Pleasanton",JUAN DIAZ-1,9235,97,,,-$11.61,$321.11,$352.76,,X-5253,N,,9970473
2025-04-02,2025-04-02,"#0629, Pleasanton",JUAN DIAZ-1,9235,97,,,-$11.61,$321.11,$352.76,,X-5253,N,,9970473
2025-04-02,2025-04-02,"#null, PLEASANTON",JUAN DIAZ-1,0,0,4843 Swinford Ct,,-$11.61,$321.11,$352.76,H0629-389520,X-5253,N,,9970473
2025-04-01,2025-04-01,"#0629, Pleasanton",JUAN DIAZ-1,9183,97,,,-$36.68,$255.24,$281.40,,X-5253,N,,0970451
2025-04-01,2025-04-01,"#0633, Vallejo",DIAZ JUAN M-1,4234,97,,,-$22.60,$537.27,$586.40,,X-5253,N,,0971224
2025-04-01,2025-04-01,"#0633, Vallejo",DIAZ JUAN M-1,4308,97,,,-$386.83,"$1,859.57","$2,030.96",,X-5253,N,,0971262
2025-04-01,2025-04-01,"#6655, The Home Depot Pro",JUAN DIAZ-1,8372,97,,,-$4.10,$127.26,$139.12,,X-5253,N,,0973420
2025-04-01,2025-04-01,"#0629, Pleasanton",JUAN DIAZ-1,9183,97,,,-$36.68,$255.24,$281.40,,X-5253,N,,0970451
2025-04-01,2025-04-01,"#0633, Vallejo",DIAZ JUAN M-1,4234,97,,,-$22.60,$537.27,$586.40,,X-5253,N,,0971224
2025-04-01,2025-04-01,"#0633, Vallejo",DIAZ JUAN M-1,4308,97,,,-$386.83,"$1,859.57","$2,030.96",,X-5253,N,,0971262
2025-04-01,2025-04-01,"#6655, The Home Depot Pro",JUAN DIAZ-1,8372,97,,,-$4.10,$127.26,$139.12,,X-5253,N,,0973420
2025-04-01,2025-04-01,"#null, THE HOME DEPOT PRO",JUAN DIAZ-1,0,0,155 Gardiner ave,,-$4.10,$127.26,$139.12,H6655-358732,X-5253,N,,0973420
2025-04-01,2025-04-01,"#null, VALLEJO",DIAZ JUAN M-1,0,0,1502 magazine vallej,,-$386.83,"$1,859.57","$2,030.96",H0633-386355,X-5253,N,,0971262
2025-04-01,2025-04-01,"#null, VALLEJO",DIAZ JUAN M-1,0,0,"1502 magazine st,",,-$22.60,$537.27,$586.40,H0633-386267,X-5253,N,,0971224
2025-04-01,2025-04-01,"#null, PLEASANTON",JUAN DIAZ-1,0,0,4843 Swinford Ct,,-$36.68,$255.24,$281.40,H0629-389391,X-5253,N,,0970451
2025-03-31,2025-03-31,"#0629, Pleasanton",JUAN DIAZ-1,9123,97,,,-$66.24,$738.76,$814.48,,X-5253,N,,1970436
2025-03-31,2025-03-31,"#0639, Colma II",JUAN DIAZ-1,9435,97,,,"-$1,322.75","$2,252.25","$2,474.66",,"X-5253, X-5253, X-5253",N,,"1971698,2171605"
2025-03-31,2025-03-31,"#6655, The Home Depot Pro",JUAN DIAZ-1,8323,97,,,-$17.54,$187.07,$204.52,,X-5253,N,,1973394
2025-03-31,2025-03-31,"#0629, Pleasanton",JUAN DIAZ-1,9123,97,,,-$66.24,$738.76,$814.48,,X-5253,N,,1970436
2025-03-31,2025-03-31,"#0639, Colma II",JUAN DIAZ-1,9435,97,,,"-$1,322.75","$2,252.25","$2,474.66",,"X-5253, X-5253, X-5253",N,,"1971698,2171605"
2025-03-31,2025-03-31,"#6655, The Home Depot Pro",JUAN DIAZ-1,8323,97,,,-$17.54,$187.07,$204.52,,X-5253,N,,1973394
2025-03-31,2025-03-31,"#null, PLEASANTON",JUAN DIAZ-1,0,0,4843 Swinford Ct,,-$66.24,$738.76,$814.48,H0629-389224,X-5253,N,,1970436
2025-03-31,2025-03-31,"#null, THE HOME DEPOT PRO",JUAN DIAZ-1,0,0,155 Gardiner Ave,,-$17.54,$187.07,$204.52,H6655-358536,X-5253,N,,1973394
2025-03-31,2025-03-31,"#null, COLMA II",JUAN DIAZ-1,0,0,155 Gardiner Cabinet,,$0.00,"$2,252.25","$2,474.66",H0639-502077,X-5253,N,,1971698
2025-03-29,2025-03-29,"#0640, Kifer Rd",JUAN DIAZ-1,92,97,,,-$2.74,$51.83,$56.56,,"X-5253, X-5253",N,,"9192319,3973657"
2025-03-29,2025-03-29,"#6672, East San Jose",JUAN DIAZ-1,1475,97,,,-$106.23,$604.04,$660.39,,X-5253,N,,3971368
2025-03-29,2025-03-29,"#0640, Kifer Rd",JUAN DIAZ-1,92,97,,,-$2.74,$51.83,$56.56,,"X-5253, X-5253",N,,"9192319,3973657"
2025-03-29,2025-03-29,"#6672, East San Jose",JUAN DIAZ-1,1475,97,,,-$106.23,$604.04,$660.39,,X-5253,N,,3971368
2025-03-29,2025-03-29,"#null, KIFER RD",JUAN DIAZ-1,0,0,819 s mary ave,,-$2.44,$51.83,$56.56,H0640-406249,X-5253,N,,3973657
2025-03-29,2025-04-04,"#null, COLMA II",JUAN DIAZ-1,0,0,Cabinets155 Gardiner,,-$217.80,"$2,157.30","$2,370.33",H0639-502730,"X-5253, X-5253, X-5253",N,,7971855
2025-03-29,2025-03-29,"#null, EAST SAN JOSE",JUAN DIAZ-1,0,0,1618 Mclaughlin ave,,-$106.23,$604.04,$660.39,H6672-444729,X-5253,N,,3971368
2025-03-28,2025-03-28,"#1861, San Jose (Ge)",JUAN DIAZ-1,155,97,,,-$10.20,$130.09,$142.16,,X-5253,N,,4971661
2025-03-28,2025-03-28,"#1861, San Jose (Ge)",JUAN DIAZ-1,155,97,,,-$10.20,$130.09,$142.16,,X-5253,N,,4971661
2025-03-28,2025-03-28,"#6672, East San Jose",JUAN DIAZ-1,1445,97,,,-$21.40,$329.30,$359.91,,X-5253,N,,4971355
2025-03-28,2025-03-28,"#6672, East San Jose",JUAN DIAZ-1,1432,97,,,-$44.04,$602.58,$658.65,,X-5253,N,,4971350
2025-03-28,2025-03-28,"#6672, East San Jose",JUAN DIAZ-1,1445,97,,,-$21.40,$329.30,$359.91,,X-5253,N,,4971355
2025-03-28,2025-03-28,"#6672, East San Jose",JUAN DIAZ-1,1432,97,,,-$44.04,$602.58,$658.65,,X-5253,N,,4971350
2025-03-28,2025-03-28,"#null, EAST SAN JOSE",JUAN DIAZ-1,0,0,1618 MCLAUGHLIN AVE,,-$21.40,$329.30,$359.91,H6672-444621,X-5253,N,,4971355
2025-03-28,2025-03-28,"#null, EAST SAN JOSE",JUAN DIAZ-1,0,0,1618 mclaughlin ave,,-$44.04,$602.58,$658.65,H6672-444569,X-5253,N,,4971350
2025-03-28,2025-03-28,"#null, SAN JOSE (GE)",JUAN DIAZ-1,0,0,1618 mclaughlin ave,,-$10.20,$130.09,$142.16,H1861-359154,X-5253,N,,4971661
2025-03-27,2025-03-27,"#1848, EL CAJON",EQUITY TRACK ACCOUNTING DEPT,4003,80,,,$0.00,$124.00,$134.23,,X-1766,N,,5800769
2025-03-27,2025-03-27,"#6672, East San Jose",JUAN DIAZ-1,1394,97,,,-$39.47,$466.92,$510.43,,X-5253,N,,5971334
2025-03-27,2025-03-27,"#6672, East San Jose",JUAN DIAZ-1,1395,97,,,$0.00,$18.54,$18.54,,X-5253,N,,5971335
2025-03-27,2025-03-27,"#6672, East San Jose",JUAN DIAZ-1,1394,97,,,-$39.47,$466.92,$510.43,,X-5253,N,,5971334
2025-03-27,2025-03-27,"#6672, East San Jose",JUAN DIAZ-1,1395,97,,,$0.00,$18.54,$18.54,,X-5253,N,,5971335
2025-03-27,2025-03-27,"#null, EAST SAN JOSE",JUAN DIAZ-1,0,0,1618 mclaughlin ave,,$0.00,$18.54,$18.54,H6672-444416,X-5253,N,,5971335
2025-03-27,2025-03-27,"#null, EAST SAN JOSE",JUAN DIAZ-1,0,0,1618 MCLAUGHLIN AVE,,-$39.47,$466.92,$510.43,H6672-444414,X-5253,N,,5971334
2025-03-26,2025-03-26,"#0627, Emeryville",JUAN DIAZ-1,2559,97,,,-$4.21,$45.37,$50.13,,X-5253,N,,6974041
2025-03-26,2025-03-26,"#0629, Pleasanton",JUAN DIAZ-1,8907,97,,,-$9.75,$137.11,$151.16,,X-5253,N,,6970315
2025-03-26,2025-03-26,"#0629, Pleasanton",JUAN DIAZ-1,8918,97,,,-$93.63,$262.10,$288.57,,X-5253,N,,6970325
2025-03-26,2025-03-26,"#6655, The Home Depot Pro",JUAN DIAZ-1,8088,97,,,-$16.91,$194.04,$211.65,,X-5253,N,,6973265
2025-03-26,2025-03-26,"#0627, Emeryville",JUAN DIAZ-1,2559,97,,,-$4.21,$45.37,$50.13,,X-5253,N,,6974041
2025-03-26,2025-03-26,"#0629, Pleasanton",JUAN DIAZ-1,8907,97,,,-$9.75,$137.11,$151.16,,X-5253,N,,6970315
2025-03-26,2025-03-26,"#0629, Pleasanton",JUAN DIAZ-1,8918,97,,,-$93.63,$262.10,$288.57,,X-5253,N,,6970325
2025-03-26,2025-03-26,"#6655, The Home Depot Pro",JUAN DIAZ-1,8088,97,,,-$16.91,$194.04,$211.65,,X-5253,N,,6973265
2025-03-26,2025-03-26,"#null, THE HOME DEPOT PRO",JUAN DIAZ-1,0,0,155 Gardiner Ave,,-$16.91,$194.04,$211.65,H6655-357884,X-5253,N,,6973265
2025-03-26,2025-03-26,"#null, PLEASANTON",JUAN DIAZ-1,0,0,Juan Dias,,-$93.63,$262.10,$288.57,H0629-388568,X-5253,N,,6970325
2025-03-26,2025-03-26,"#null, EMERYVILLE",JUAN DIAZ-1,0,0,820 28th St,,-$4.21,$45.37,$50.13,H0627-708765,X-5253,N,,6974041
2025-03-26,2025-03-26,"#null, PLEASANTON",JUAN DIAZ-1,0,0,4843 Swinford Ct,,-$9.75,$137.11,$151.16,H0629-388528,X-5253,N,,6970315
2025-03-25,2025-03-25,"#0629, Pleasanton",JUAN DIAZ-1,8878,97,,,-$6.30,$71.60,$78.94,,X-5253,N,,7970298
2025-03-25,2025-03-25,"#0629, Pleasanton",JUAN DIAZ-1,8878,97,,,-$6.30,$71.60,$78.94,,X-5253,N,,7970298
2025-03-25,2025-03-25,"#null, PLEASANTON",JUAN DIAZ-1,0,0,4843 Swinford Ct,,-$6.30,$71.60,$78.94,H0629-388441,X-5253,N,,7970298
2025-03-24,2025-03-24,"#0629, Pleasanton",JUAN DIAZ-1,8755,97,,,-$77.70,$854.81,$942.23,,X-5253,N,,8970227
2025-03-24,2025-03-24,"#0629, Pleasanton",JUAN DIAZ-1,8757,97,,,$0.00,$18.54,$18.54,,X-5253,N,,8970229
2025-03-24,2025-03-24,"#0639, COLMA II",DIAZ JUAN M-1,5340,52,SOUTH SAN FRANCISCO,,$0.00,$180.81,$197.76,,X-5253,N,,8521510
2025-03-24,2025-03-24,"#0640, Kifer Rd",JUAN DIAZ-1,9607,97,,,-$3.13,$49.05,$52.96,,X-5253,N,,8973340
2025-03-24,2025-03-24,"#6655, THE HOME DEPOT PRO",EQUITY TRACK ACCOUNTING DEPT,899,4,155 gardiner ave,,-$11.80,$380.63,$416.07,,X-2019,N,,8044408
2025-03-24,2025-03-24,"#6655, THE HOME DEPOT PRO",EQUITY TRACK ACCOUNTING DEPT,909,4,155 gardiner ave,,$0.00,$59.94,$65.56,,X-2019,N,,8044412
2025-03-24,2025-03-24,"#0629, Pleasanton",JUAN DIAZ-1,8755,97,,,-$77.70,$854.81,$942.23,,X-5253,N,,8970227
2025-03-24,2025-03-24,"#0629, Pleasanton",JUAN DIAZ-1,8757,97,,,$0.00,$18.54,$18.54,,X-5253,N,,8970229
2025-03-24,2025-03-24,"#0640, Kifer Rd",JUAN DIAZ-1,9607,97,,,-$3.13,$49.05,$52.96,,X-5253,N,,8973340
2025-03-24,2025-03-24,"#null, PLEASANTON",JUAN DIAZ-1,0,0,4843 Swinford Ct,,-$77.70,$854.81,$942.23,H0629-388165,X-5253,N,,8970227
2025-03-24,2025-03-24,"#null, PLEASANTON",JUAN DIAZ-1,0,0,4843 Swinford Ct,,$0.00,$18.54,$18.54,H0629-388167,X-5253,N,,8970229
2025-03-24,2025-03-24,"#null, KIFER RD",JUAN DIAZ-1,0,0,819 S Mary Ave,,-$3.13,$49.05,$52.96,H0640-405401,X-5253,N,,8973340
2025-03-22,2025-03-22,"#0625, San Leandro",JUAN DIAZ-1,5534,97,,,-$35.53,$649.27,$719.07,,X-5253,N,,0971113
2025-03-22,2025-03-22,"#0628, San Carlos",JUAN DIAZ-1,8646,97,,,-$4.50,$45.46,$49.72,,X-5253,N,,0970469
2025-03-22,2025-03-22,"#0640, KIFER RD",EQUITY TRACK ACCOUNTING DEPT,3719,5,819 south mary ave,,-$16.05,$144.05,$157.19,,X-2019,N,,0053169
2025-03-22,2025-03-22,"#0625, San Leandro",JUAN DIAZ-1,5534,97,,,-$35.53,$649.27,$719.07,,X-5253,N,,0971113
2025-03-22,2025-03-22,"#0628, San Carlos",JUAN DIAZ-1,8646,97,,,-$4.50,$45.46,$49.72,,X-5253,N,,0970469
2025-03-22,2025-03-22,"#null, SAN CARLOS",JUAN DIAZ-1,0,0,San Francisco  marvi,,-$4.50,$45.46,$49.72,H0628-491022,X-5253,N,,0970469
2025-03-22,2025-03-22,"#null, SAN LEANDRO",JUAN DIAZ-1,0,0,D st,,-$35.53,$649.27,$719.07,H0625-374868,X-5253,N,,0971113
2025-03-21,2025-03-21,"#6635, Bollinger",JUAN DIAZ-1,3477,97,,,-$37.71,$533.09,$581.45,,X-5253,N,,1972186
2025-03-21,2025-03-21,"#6635, Bollinger",JUAN DIAZ-1,3482,97,,,-$3.64,$42.75,$46.76,,X-5253,N,,1972191
2025-03-21,2025-03-21,"#6635, Bollinger",JUAN DIAZ-1,3477,97,,,-$37.71,$533.09,$581.45,,X-5253,N,,1972186
2025-03-21,2025-03-21,"#6635, Bollinger",JUAN DIAZ-1,3482,97,,,-$3.64,$42.75,$46.76,,X-5253,N,,1972191
2025-03-21,2025-03-21,"#null, BOLLINGER",JUAN DIAZ-1,0,0,819 South Mary Ave,,-$37.71,$533.09,$581.45,H6635-596275,X-5253,N,,1972186
2025-03-21,2025-03-21,"#null, BOLLINGER",JUAN DIAZ-1,0,0,819 South Mary Ave,,-$3.64,$42.75,$46.76,H6635-596279,X-5253,N,,1972191
2025-03-20,2025-03-20,"#0640, Kifer Rd",JUAN DIAZ-1,9327,97,,,-$78.73,$888.71,$968.52,,X-5253,N,,2973175
2025-03-20,2025-03-20,"#0640, Kifer Rd",JUAN DIAZ-1,9352,97,,,-$12.86,$143.98,$157.12,,"X-5253, X-5253, X-5253",N,,"2973196,7202024,9161610"
2025-03-20,2025-03-20,"#0640, Kifer Rd",JUAN DIAZ-1,9327,97,,,-$78.73,$888.71,$968.52,,X-5253,N,,2973175
2025-03-20,2025-03-20,"#0640, Kifer Rd",JUAN DIAZ-1,9352,97,,,-$12.86,$143.98,$157.12,,"X-5253, X-5253, X-5253",N,,"2973196,7202024,9161610"
2025-03-20,2025-03-20,"#null, KIFER RD",JUAN DIAZ-1,0,0,819 S Mary Ave,,-$78.73,$888.71,$968.52,H0640-404831,X-5253,N,,2973175
2025-03-20,2026-02-18,"#0640, Kifer Rd",EQUITY TRACK ACCOUNTING DEPT,9352,97,819 s mary ave,,-$12.86,$143.98,$157.12,H0640-404872,"X-5253, X-4007, X-5253",N,,2973196
2025-03-19,2025-03-19,"#0627, Emeryville",JUAN DIAZ-1,1909,97,,,-$12.85,$102.94,$113.75,,X-5253,N,,3973669
2025-03-19,2025-03-19,"#0640, Kifer Rd",JUAN DIAZ-1,9230,97,,,-$15.51,$118.51,$129.32,,X-5253,N,,3973111
2025-03-19,2025-03-19,"#0627, Emeryville",JUAN DIAZ-1,1909,97,,,-$12.85,$102.94,$113.75,,X-5253,N,,3973669
2025-03-19,2025-03-19,"#0640, Kifer Rd",JUAN DIAZ-1,9230,97,,,-$15.51,$118.51,$129.32,,X-5253,N,,3973111
2025-03-19,2025-03-19,"#null, EMERYVILLE",JUAN DIAZ-1,0,0,820 28th St Oakland,,-$12.85,$102.94,$113.75,H0627-707194,X-5253,N,,3973669
2025-03-19,2025-03-19,"#null, KIFER RD",JUAN DIAZ-1,0,0,819 s mary ave,,-$15.51,$118.51,$129.32,H0640-404680,X-5253,N,,3973111
2025-03-18,2025-03-18,"#0640, Kifer Rd",EQUITY TRACK INC-1,2551,90,,,-$7.12,$82.88,$90.44,,X-5253,N,,4904414
2025-03-18,2025-03-18,"#0640, Kifer Rd",EQUITY TRACK INC-1,2551,90,,,-$7.12,$82.88,$90.44,,X-5253,N,,4904414
2025-03-18,2025-03-18,online,EQUITY TRACK INC-1,0,0,Microwave in sunnyvale,,-$7.12,$82.88,$90.44,WN10673971,X-5253,N,,4904414
2025-03-17,2025-03-17,"#0640, Kifer Rd",EQUITY TRACK INC-1,2334,90,,,-$533.94,"$1,094.06","$1,193.89",,"X-5253, X-5253",N,,"5904234,3902753"
2025-03-17,2025-03-17,"#0640, Kifer Rd",JUAN DIAZ-1,8991,97,,,-$42.85,$441.55,$479.55,,"X-5253, X-5253",N,,"9161610,5972952"
2025-03-17,2025-03-17,"#1861, San Jose (Ge)",JUAN DIAZ-1,9536,97,,,-$2.31,$269.28,$293.95,,X-5253,N,,5971280
2025-03-17,2025-03-17,"#1861, San Jose (Ge)",JUAN DIAZ-1,9573,97,,,$0.00,$48.18,$52.70,,X-5253,N,,5971301
2025-03-17,2025-03-17,THE HOME DEPOT,EQUITY TRACK INC-1,9575,75,,,-$22.32,$256.68,$280.10,,X-5253,N,,5753939
2025-03-17,2025-03-17,THE HOME DEPOT,EQUITY TRACK INC-1,9575,75,,,-$22.32,$256.68,$280.10,,X-5253,N,,5753939
2025-03-17,2025-03-17,"#0640, Kifer Rd",EQUITY TRACK INC-1,2334,90,,,-$533.94,"$1,094.06","$1,193.89",,"X-5253, X-5253",N,,"5904234,3902753"
2025-03-17,2025-03-17,"#0640, Kifer Rd",JUAN DIAZ-1,8991,97,,,-$42.85,$441.55,$479.55,,"X-5253, X-5253",N,,"9161610,5972952"
2025-03-17,2025-03-17,"#1861, San Jose (Ge)",JUAN DIAZ-1,9536,97,,,-$2.31,$269.28,$293.95,,X-5253,N,,5971280
2025-03-17,2025-03-17,"#1861, San Jose (Ge)",JUAN DIAZ-1,9573,97,,,$0.00,$48.18,$52.70,,X-5253,N,,5971301
2025-03-17,2025-03-17,online,EQUITY TRACK INC-1,0,0,Sunnyvale Fridge,,$0.00,"$1,094.06","$1,193.89",WG84105825,X-5253,N,,5904234
2025-03-17,2025-03-17,"#null, SAN JOSE (GE)",JUAN DIAZ-1,0,0,1618 McLaughlin,,-$2.31,$269.28,$293.95,H1861-357637,X-5253,N,,5971280
2025-03-17,2025-03-17,"#null, SAN JOSE (GE)",JUAN DIAZ-1,0,0,1618 McLaughlin,,$0.00,$48.18,$52.70,H1861-357697,X-5253,N,,5971301
2025-03-17,2025-03-17,"#null, KIFER RD",JUAN DIAZ-1,0,0,819 South Mary Ave,,-$42.60,$441.55,$479.55,H0640-404310,X-5253,N,,5972952
2025-03-17,2025-03-17,online,EQUITY TRACK INC-1,0,0,Sunnyvale microwave,,-$22.32,$256.68,$280.10,WN10503992,X-5253,N,,5753939
2025-03-16,2025-03-16,"#6672, EAST SAN JOSE",EQUITY TRACK ACCOUNTING DEPT,5383,3,1618 mclaughlin ave,,-$4.65,$34.13,$37.33,,X-2019,N,,6032032
2025-03-15,2025-03-15,"#0640, Kifer Rd",JUAN DIAZ-1,8846,97,,,-$23.43,$322.85,$352.19,,X-5253,N,,7972867
2025-03-15,2025-03-15,"#0640, Kifer Rd",JUAN DIAZ-1,8846,97,,,-$23.43,$322.85,$352.19,,X-5253,N,,7972867
2025-03-15,2025-03-15,"#null, KIFER RD",JUAN DIAZ-1,0,0,819 s mary ave,,-$23.43,$322.85,$352.19,H0640-404040,X-5253,N,,7972867
2025-03-14,2025-03-14,"#0629, Pleasanton",JUAN DIAZ-1,8342,97,,,-$0.72,$13.76,$15.17,,X-5253,N,,8970030
2025-03-14,2025-03-14,"#0640, Kifer Rd",JUAN DIAZ-1,8769,97,,,-$33.41,$528.59,$575.01,,X-5253,N,,8972815
2025-03-14,2025-03-14,"#0629, Pleasanton",JUAN DIAZ-1,8342,97,,,-$0.72,$13.76,$15.17,,X-5253,N,,8970030
2025-03-14,2025-03-14,"#0640, Kifer Rd",JUAN DIAZ-1,8769,97,,,-$33.41,$528.59,$575.01,,X-5253,N,,8972815
2025-03-14,2025-03-14,"#null, PLEASANTON",JUAN DIAZ-1,0,0,4843 Swinford,,-$0.72,$13.76,$15.17,H0629-386884,X-5253,N,,8970030
2025-03-14,2025-03-14,"#null, KIFER RD",JUAN DIAZ-1,0,0,1819 s mary ave,,-$33.41,$528.59,$575.01,H0640-403876,X-5253,N,,8972815
2025-03-13,2025-03-13,"#0640, Kifer Rd",JUAN DIAZ-1,8684,97,,,-$31.80,$369.18,$402.87,,X-5253,N,,9972763
2025-03-13,2025-03-13,"#0640, Kifer Rd",JUAN DIAZ-1,8684,97,,,-$31.80,$369.18,$402.87,,X-5253,N,,9972763
2025-03-13,2025-03-13,"#null, KIFER RD",JUAN DIAZ-1,0,0,819 s. mary ave,,-$31.80,$369.18,$402.87,H0640-403714,X-5253,N,,9972763
2025-03-12,2025-03-12,"#0640, KIFER RD",EQUITY TRACK ACCOUNTING DEPT,9294,61,819 south mary ave,,-$5.30,$27.60,$30.12,,X-2019,N,,0615605
2025-03-11,2025-03-11,"#0640, KIFER RD",EQUITY TRACK ACCOUNTING DEPT,9068,1,819 south mary ave,,-$66.04,$537.61,$586.66,,X-2019,N,,1013226
2025-03-10,2025-03-10,"#0640, Kifer Rd",JUAN DIAZ-1,8358,97,,,-$7.02,$77.26,$84.31,,X-5253,N,,2972556
2025-03-10,2025-03-10,"#0640, Kifer Rd",JUAN DIAZ-1,8358,97,,,-$7.02,$77.26,$84.31,,X-5253,N,,2972556
2025-03-10,2025-03-10,"#0629, Pleasanton",JUAN DIAZ-1,8100,97,,,-$42.16,$182.45,$200.93,,X-5253,N,,2974989
2025-03-10,2025-03-10,"#0640, Kifer Rd",JUAN DIAZ-1,8352,97,,,-$57.87,$823.84,$899.02,,X-5253,N,,2972551
2025-03-10,2025-03-10,"#0640, Kifer Rd",JUAN DIAZ-1,8353,97,,,-$1.34,$25.20,$27.50,,"X-5253, X-5253, X-5253",N,,"9161610,3213339,2972552"
2025-03-10,2025-03-10,"#0629, Pleasanton",JUAN DIAZ-1,8100,97,,,-$42.16,$182.45,$200.93,,X-5253,N,,2974989
2025-03-10,2025-03-10,"#0640, Kifer Rd",JUAN DIAZ-1,8352,97,,,-$57.87,$823.84,$899.02,,X-5253,N,,2972551
2025-03-10,2025-03-10,"#0640, Kifer Rd",JUAN DIAZ-1,8353,97,,,-$1.34,$25.20,$27.50,,"X-5253, X-5253, X-5253",N,,"9161610,3213339,2972552"
2025-03-10,2025-03-10,"#null, KIFER RD",JUAN DIAZ-1,0,0,819 S MARY AVE,,-$57.87,$823.84,$899.02,H0640-403182,X-5253,N,,2972551
2025-03-10,2025-03-10,"#null, KIFER RD",JUAN DIAZ-1,0,0,819 S Mary Ave,,-$7.02,$77.26,$84.31,H0640-403189,X-5253,N,,2972556
2025-03-10,2025-03-10,"#null, KIFER RD",JUAN DIAZ-1,0,0,819 S. MARY AVE,,-$0.56,$25.20,$27.50,H0640-403184,X-5253,N,,2972552
2025-03-10,2025-03-10,"#null, PLEASANTON",JUAN DIAZ-1,0,0,4843 Swinford Ct,,-$42.16,$182.45,$200.93,H0629-386286,X-5253,N,,2974989
2025-03-09,2025-03-09,"#0640, KIFER RD",EQUITY TRACK ACCOUNTING DEPT,8132,2,819 south mary avenue,,-$37.42,$262.52,$286.36,,X-2019,N,,3024464
2025-03-08,2025-03-08,"#0640, KIFER RD",EQUITY TRACK ACCOUNTING DEPT,5361,4,819 s mary,,-$19.53,$231.55,$252.66,,X-2019,N,,4043246
2025-03-07,2025-03-07,"#0640, Kifer Rd",DIAZ JUAN M-1,8196,97,,,-$47.62,$841.80,$918.24,,X-5253,N,,5972462
2025-03-08,2025-03-08,"#6635, Bollinger",DIAZ JUAN M-1,1807,97,,,-$25.69,$400.43,$437.68,,X-5253,N,,4971034
2025-03-07,2025-03-07,"#0640, Kifer Rd",DIAZ JUAN M-1,8196,97,,,-$47.62,$841.80,$918.24,,X-5253,N,,5972462
2025-03-08,2025-03-08,"#6635, Bollinger",DIAZ JUAN M-1,1807,97,,,-$25.69,$400.43,$437.68,,X-5253,N,,4971034
2025-03-08,2025-03-08,"#null, BOLLINGER",DIAZ JUAN M-1,0,0,819 S Mary Ave,,-$25.69,$400.43,$437.68,H6635-593850,X-5253,N,,4971034
2025-03-07,2025-03-07,"#0629, Pleasanton",DIAZ JUAN M-1,7955,97,,,-$369.56,"$1,781.28","$1,963.53",,X-5253,N,,5974902
2025-03-07,2025-03-07,"#0640, KIFER RD",EQUITY TRACK ACCOUNTING DEPT,7878,2,819 south mary ave,,-$0.20,$193.75,$211.43,,X-2019,N,,5024335
2025-03-07,2025-03-07,"#0640, Kifer Rd",DIAZ JUAN M-1,8188,97,,,-$47.89,$601.49,$654.12,,"X-5253, X-5253",N,,"3213339,5972457"
2025-03-07,2025-03-07,"#0629, Pleasanton",DIAZ JUAN M-1,7955,97,,,-$369.56,"$1,781.28","$1,963.53",,X-5253,N,,5974902
2025-03-07,2025-03-07,"#0640, Kifer Rd",DIAZ JUAN M-1,8188,97,,,-$47.89,$601.49,$654.12,,"X-5253, X-5253",N,,"3213339,5972457"
2025-03-07,2025-03-07,"#null, PLEASANTON",DIAZ JUAN M-1,0,0,4843 Swinford Ct,,-$336.76,"$1,781.28","$1,963.53",H0629-385948,X-5253,N,,5974902
2025-03-07,2025-03-07,"#null, KIFER RD",DIAZ JUAN M-1,0,0,819 s mary ave,,-$42.39,$601.49,$654.12,H0640-402890,X-5253,N,,5972457
2025-03-07,2025-03-08,"#null, KIFER RD",DIAZ JUAN M-1,0,0,819 s mary ave,,-$47.62,$841.80,$918.24,H0640-402906,X-5253,N,,5972462
2025-03-06,2025-03-06,"#0640, Kifer Rd",DIAZ JUAN M-1,8037,97,,,-$7.27,$481.14,$525.00,,X-5253,N,,6972339
2025-03-06,2025-03-06,"#0640, Kifer Rd",DIAZ JUAN M-1,8037,97,,,-$7.27,$481.14,$525.00,,X-5253,N,,6972339
2025-03-06,2025-03-06,"#null, KIFER RD",DIAZ JUAN M-1,0,0,819 S MARY AVE,,-$7.27,$481.14,$525.00,H0640-402644,X-5253,N,,6972339
2025-03-04,2025-03-04,"#0640, Kifer Rd",DIAZ JUAN M-1,7830,97,,,-$52.62,$345.17,$373.68,,X-5253,N,,8972178
2025-03-04,2025-03-04,"#0640, Kifer Rd",DIAZ JUAN M-1,7830,97,,,-$52.62,$345.17,$373.68,,X-5253,N,,8972178
2025-03-04,2025-03-04,"#null, KIFER RD",DIAZ JUAN M-1,0,0,819 S Mary Ave,,-$52.62,$345.17,$373.68,H0640-402343,X-5253,N,,8972178
2025-03-03,2025-03-03,"#null, WINDSOR",EQUITY TRACK ACCOUNTING DEPT,0,0,1083 Palomino Rd,,-$12.58,$129.14,$140.76,H6667-257741,X-2019,N,,9970137
2025-03-02,2025-03-02,"#0640, KIFER RD",EQUITY TRACK ACCOUNTING DEPT,6645,2,819 S MARY AVE,,-$13.15,$89.65,$97.83,,X-2019,N,,0023688
2025-02-28,2025-02-28,"#0640, Kifer Rd",DIAZ JUAN M-1,7408,97,,,-$158.49,$868.31,$947.31,,X-5253,N,,2971925
2025-02-28,2025-02-28,"#0640, Kifer Rd",DIAZ JUAN M-1,7451,97,,,-$6.49,$123.47,$134.74,,X-5253,N,,2971960
2025-02-28,2025-02-28,"#0640, Kifer Rd",DIAZ JUAN M-1,7408,97,,,-$158.49,$868.31,$947.31,,X-5253,N,,2971925
2025-02-28,2025-02-28,"#0640, Kifer Rd",DIAZ JUAN M-1,7451,97,,,-$6.49,$123.47,$134.74,,X-5253,N,,2971960
2025-02-28,2025-02-28,"#null, KIFER RD",DIAZ JUAN M-1,0,0,819 S Mary AVE,,-$6.49,$123.47,$134.74,H0640-401838,X-5253,N,,2971960
2025-02-28,2025-02-28,"#null, KIFER RD",DIAZ JUAN M-1,0,0,819 s mary ave,,-$158.49,$868.31,$947.31,H0640-401773,X-5253,N,,2971925
2025-02-27,2025-02-27,"#0625, San Leandro",DIAZ JUAN M-1,4140,97,,,-$12.83,$125.74,$139.26,,"X-5253, X-5253",N,,"3213339,3970198"
2025-02-26,2025-02-26,"#0640, Kifer Rd",DIAZ JUAN M-1,7248,97,,,-$188.54,"$1,011.21","$1,102.86",,X-5253,N,,4971805
2025-02-27,2025-02-27,"#6635, Bollinger",DIAZ JUAN M-1,690,97,,,-$94.26,"$1,005.58","$1,099.65",,X-5253,N,,3970220
2025-02-27,2025-02-27,"#0625, San Leandro",DIAZ JUAN M-1,4140,97,,,-$12.83,$125.74,$139.26,,"X-5253, X-5253",N,,"3213339,3970198"
2025-02-26,2025-02-26,"#0640, Kifer Rd",DIAZ JUAN M-1,7248,97,,,-$188.54,"$1,011.21","$1,102.86",,X-5253,N,,4971805
2025-02-27,2025-02-27,"#6635, Bollinger",DIAZ JUAN M-1,690,97,,,-$94.26,"$1,005.58","$1,099.65",,X-5253,N,,3970220
2025-02-27,2025-02-27,"#null, SAN LEANDRO",DIAZ JUAN M-1,0,0,944 Karol Way,,-$12.43,$125.74,$139.26,H0625-372051,X-5253,N,,3970198
2025-02-27,2025-02-27,"#null, BOLLINGER",DIAZ JUAN M-1,0,0,819 S Mary Ave,,-$94.26,"$1,005.58","$1,099.65",H6635-592270,X-5253,N,,3970220
2025-02-25,2025-02-25,"#1861, San Jose (Ge)",DIAZ JUAN M-1,8304,97,,,-$51.51,$618.53,$673.95,,X-5253,N,,5970475
2025-02-26,2025-02-26,"#6667, Windsor",DIAZ JUAN M-1,2525,97,,,$0.00,$9.27,$10.10,,X-5253,N,,4970009
2025-02-26,2025-02-26,"#6667, Windsor",DIAZ JUAN M-1,2536,97,,,-$5.46,$72.48,$79.00,,X-5253,N,,4970016
2025-02-25,2025-02-25,"#1861, San Jose (Ge)",DIAZ JUAN M-1,8304,97,,,-$51.51,$618.53,$673.95,,X-5253,N,,5970475
2025-02-26,2025-02-26,"#6667, Windsor",DIAZ JUAN M-1,2525,97,,,$0.00,$9.27,$10.10,,X-5253,N,,4970009
2025-02-26,2025-02-26,"#6667, Windsor",DIAZ JUAN M-1,2536,97,,,-$5.46,$72.48,$79.00,,X-5253,N,,4970016
2025-02-26,2025-02-26,"#null, WINDSOR",DIAZ JUAN M-1,0,0,1083 palomino dr,,$0.00,$9.27,$10.10,H6667-257314,X-5253,N,,4970009
2025-02-26,2025-02-26,"#null, WINDSOR",DIAZ JUAN M-1,0,0,1083 palomino drive,,-$5.46,$72.48,$79.00,H6667-257320,X-5253,N,,4970016
2025-02-26,2025-02-27,"#null, KIFER RD",DIAZ JUAN M-1,0,0,819 s mary ave,,-$188.54,"$1,011.21","$1,102.86",H0640-401562,X-5253,N,,4971805
2025-02-25,2025-02-25,"#0628, San Carlos",DIAZ JUAN M-1,6188,97,,,-$490.22,"$2,164.33","$2,366.79",,X-5253,N,,5973823
2025-02-25,2025-02-25,"#0640, Kifer Rd",DIAZ JUAN M-1,7034,97,,,-$78.44,$755.13,$823.96,,X-5253,N,,5971649
2025-02-25,2025-02-25,"#6667, Windsor",DIAZ JUAN M-1,2496,97,,,-$14.15,$153.82,$167.62,,X-5253,N,,5975004
2025-02-25,2025-02-25,"#0628, San Carlos",DIAZ JUAN M-1,6188,97,,,-$490.22,"$2,164.33","$2,366.79",,X-5253,N,,5973823
2025-02-25,2025-02-25,"#0640, Kifer Rd",DIAZ JUAN M-1,7034,97,,,-$78.44,$755.13,$823.96,,X-5253,N,,5971649
2025-02-25,2025-02-25,"#6667, Windsor",DIAZ JUAN M-1,2496,97,,,-$14.15,$153.82,$167.62,,X-5253,N,,5975004
2025-02-25,2025-02-25,"#null, KIFER RD",DIAZ JUAN M-1,0,0,819 S Mary Ave,,-$78.44,$755.13,$823.96,H0640-401220,X-5253,N,,5971649
2025-02-25,2025-02-25,"#null, WINDSOR",DIAZ JUAN M-1,0,0,1083 Palomino Rd,,-$14.15,$153.82,$167.62,H6667-257243,X-5253,N,,5975004
2025-02-25,2025-02-25,"#null, SAN CARLOS",DIAZ JUAN M-1,0,0,819 s mary ave,,-$490.22,"$2,164.33","$2,366.79",H0628-487075,X-5253,N,,5973823
2025-02-25,2025-02-26,"#null, SAN JOSE (GE)",DIAZ JUAN M-1,0,0,819 S MARY AVE SUNNY,,-$51.51,$618.53,$673.95,H1861-355366,X-5253,N,,5970475
2025-02-24,2025-02-24,"#0625, San Leandro",DIAZ JUAN M-1,3913,97,,,-$22.59,$198.58,$219.93,,X-5253,N,,6970044
2025-02-24,2025-02-24,"#0625, San Leandro",DIAZ JUAN M-1,3913,97,,,-$22.59,$198.58,$219.93,,X-5253,N,,6970044
2025-02-24,2025-02-24,"#null, SAN LEANDRO",DIAZ JUAN M-1,0,0,948 Karol way,,-$22.59,$198.58,$219.93,H0625-371586,X-5253,N,,6970044
2025-02-23,2025-02-23,"#0640, KIFER RD",EQUITY TRACK ACCOUNTING DEPT,5099,2,819 s mary ave,,-$8.22,$87.77,$95.78,,X-2019,N,,7022866
2025-02-21,2025-02-21,"#0640, Kifer Rd",DIAZ JUAN M-1,6728,97,,,-$19.58,$215.56,$235.23,,"X-5253, X-5253",N,,"3213339,9971452"
2025-02-21,2025-02-21,"#0640, Kifer Rd",DIAZ JUAN M-1,6728,97,,,-$19.58,$215.56,$235.23,,"X-5253, X-5253",N,,"3213339,9971452"
2025-02-21,2025-02-21,"#null, KIFER RD",EQUITY TRACK ACCOUNTING DEPT,0,0,819 S. MARY AVE,,-$76.04,$730.30,$794.21,H0640-400665,X-8087,Y,,9971426
2025-02-21,2025-02-21,"#null, KIFER RD",EQUITY TRACK ACCOUNTING DEPT,0,0,819 S. MARY,,$0.00,$129.00,$140.77,H0640-400667,X-8087,Y,,9971429
2025-02-21,2025-02-21,"#null, KIFER RD",DIAZ JUAN M-1,0,0,819 S Mary,,-$17.96,$215.56,$235.23,H0640-400708,X-5253,N,,9971452
2025-02-21,2025-02-21,"#null, KIFER RD",EQUITY TRACK ACCOUNTING DEPT,0,0,890 S Mary Ave,,$0.00,$126.76,$138.33,H0640-400789,X-8087,Y,,9971489
2025-02-20,2025-02-20,"#0625, San Leandro",DIAZ JUAN M-1,3670,97,,,$0.00,$110.44,$122.31,,X-5253,N,,0974918
2025-02-20,2025-02-20,"#0625, San Leandro",DIAZ JUAN M-1,3709,97,,,$0.00,$154.28,$170.87,,X-5253,N,,0974948
2025-02-20,2025-02-20,"#0640, Kifer Rd",DIAZ JUAN M-1,6554,97,,,-$16.28,$586.01,$639.48,,X-5253,N,,0971331
2025-02-20,2025-02-20,"#0625, San Leandro",DIAZ JUAN M-1,3670,97,,,$0.00,$110.44,$122.31,,X-5253,N,,0974918
2025-02-20,2025-02-20,"#0625, San Leandro",DIAZ JUAN M-1,3709,97,,,$0.00,$154.28,$170.87,,X-5253,N,,0974948
2025-02-20,2025-02-20,"#0640, Kifer Rd",DIAZ JUAN M-1,6554,97,,,-$16.28,$586.01,$639.48,,X-5253,N,,0971331
2025-02-20,2025-02-20,"#null, KIFER RD",DIAZ JUAN M-1,0,0,819  S. MARY AVE,,-$16.28,$586.01,$639.48,H0640-400485,X-5253,N,,0971331
2025-02-20,2025-02-20,"#null, SAN LEANDRO",DIAZ JUAN M-1,0,0,948 Carol way,,$0.00,$110.44,$122.31,H0625-371187,X-5253,N,,0974918
2025-02-20,2025-02-20,"#null, SAN LEANDRO",DIAZ JUAN M-1,0,0,948 Carlo Way,,$0.00,$154.28,$170.87,H0625-371243,X-5253,N,,0974948
2025-02-14,2025-02-14,"#0625, San Leandro",DIAZ JUAN M-1,3199,97,,,$0.00,$326.82,$361.95,,"X-5253, X-5253",N,,"6201390,6974580"
2025-02-14,2025-02-14,"#0625, San Leandro",DIAZ JUAN M-1,3246,97,,,$0.00,$49.49,$54.81,,X-5253,N,,6974614
2025-02-14,2025-02-14,"#0625, San Leandro",DIAZ JUAN M-1,3199,97,,,$0.00,$326.82,$361.95,,"X-5253, X-5253",N,,"6201390,6974580"
2025-02-14,2025-02-14,"#0625, San Leandro",DIAZ JUAN M-1,3246,97,,,$0.00,$49.49,$54.81,,X-5253,N,,6974614
2025-02-14,2025-02-14,"#null, SAN LEANDRO",DIAZ JUAN M-1,0,0,944-946-948 karil wa,,$0.00,$49.49,$54.81,H0625-370534,X-5253,N,,6974614
2025-02-14,2025-02-14,"#null, SAN LEANDRO",1,0,0,948 Karol way,,$0.00,-$135.94,-$150.56,H0625-370421,X-5253,N,,6201390
2025-02-14,2025-02-14,"#null, SAN LEANDRO",DIAZ JUAN M-1,0,0,948 Karol way,,$0.00,$326.82,$361.95,H0625-370421,"X-5253, X-5253",N,,6974580
2025-02-13,2025-02-13,"#0625, San Leandro",DIAZ JUAN M-1,3122,97,,,-$18.00,$161.91,$179.32,,X-5253,N,,7974532
2025-02-13,2025-02-13,"#1007, Oakland",DIAZ JUAN M-1,4037,97,,,-$6.36,$57.59,$63.49,,X-5253,N,,7971616
2025-02-13,2025-02-13,"#0625, San Leandro",DIAZ JUAN M-1,3122,97,,,-$18.00,$161.91,$179.32,,X-5253,N,,7974532
2025-02-13,2025-02-13,"#1007, Oakland",DIAZ JUAN M-1,4037,97,,,-$6.36,$57.59,$63.49,,X-5253,N,,7971616
2025-02-13,2025-02-13,"#null, OAKLAND",DIAZ JUAN M-1,0,0,948 KAROL WAY SAN LE,,-$6.36,$57.59,$63.49,H1007-519043,X-5253,N,,7971616
2025-02-13,2025-02-13,"#null, SAN LEANDRO",DIAZ JUAN M-1,0,0,948 karol way,,-$18.00,$161.91,$179.32,H0625-370331,X-5253,N,,7974532
2025-02-11,2025-02-11,"#1007, Oakland",DIAZ JUAN M-1,3759,97,,,-$48.20,$500.22,$551.24,,X-5253,N,,9971393
2025-02-11,2025-02-11,"#1007, Oakland",DIAZ JUAN M-1,3759,97,,,-$48.20,$500.22,$551.24,,X-5253,N,,9971393
2025-02-11,2025-02-11,"#0640, Kifer Rd",DIAZ JUAN M-1,5627,97,,,-$38.20,$445.72,$485.26,,X-5253,N,,9970606
2025-02-11,2025-02-11,"#0640, Kifer Rd",DIAZ JUAN M-1,5631,97,,,-$2.26,$52.67,$57.48,,X-5253,N,,9970609
2025-02-11,2025-02-11,"#0640, Kifer Rd",DIAZ JUAN M-1,5640,97,,,$0.00,$71.81,$78.36,,X-5253,N,,9970616
2025-02-11,2025-02-11,"#0640, Kifer Rd",DIAZ JUAN M-1,5627,97,,,-$38.20,$445.72,$485.26,,X-5253,N,,9970606
2025-02-11,2025-02-11,"#0640, Kifer Rd",DIAZ JUAN M-1,5631,97,,,-$2.26,$52.67,$57.48,,X-5253,N,,9970609
2025-02-11,2025-02-11,"#0640, Kifer Rd",DIAZ JUAN M-1,5640,97,,,$0.00,$71.81,$78.36,,X-5253,N,,9970616
2025-02-11,2025-02-11,"#null, OAKLAND",DIAZ JUAN M-1,0,0,8715   B ST,,-$48.20,$500.22,$551.24,H1007-518650,X-5253,N,,9971393
2025-02-11,2025-02-11,"#null, KIFER RD",DIAZ JUAN M-1,0,0,819 south mary,,-$38.20,$445.72,$485.26,H0640-399128,X-5253,N,,9970606
2025-02-11,2025-02-11,"#null, KIFER RD",DIAZ JUAN M-1,0,0,819 S. MARY AVE,,$0.00,$71.81,$78.36,H0640-399141,X-5253,N,,9970616
2025-02-11,2025-02-11,"#null, KIFER RD",DIAZ JUAN M-1,0,0,819 south mary,,-$2.26,$52.67,$57.48,H0640-399132,X-5253,N,,9970609
2025-02-10,2025-02-10,"#1007, Oakland",DIAZ JUAN M-1,3638,97,,,-$19.73,$421.86,$465.01,,X-5253,N,,0971304
2025-02-10,2025-02-10,"#1007, Oakland",DIAZ JUAN M-1,3646,97,,,$0.00,$19.98,$22.03,,X-5253,N,,0971310
2025-02-10,2025-02-10,"#1007, Oakland",DIAZ JUAN M-1,3638,97,,,-$19.73,$421.86,$465.01,,X-5253,N,,0971304
2025-02-10,2025-02-10,"#1007, Oakland",DIAZ JUAN M-1,3646,97,,,$0.00,$19.98,$22.03,,X-5253,N,,0971310
2025-02-10,2025-02-10,"#null, OAKLAND",DIAZ JUAN M-1,0,0,8715 D ST,,$0.00,$19.98,$22.03,H1007-518496,X-5253,N,,0971310
2025-02-10,2025-02-10,"#null, OAKLAND",DIAZ JUAN M-1,0,0,8715 district,,-$19.73,$421.86,$465.01,H1007-518488,X-5253,N,,0971304
2025-02-08,2025-02-08,"#1007, Oakland",DIAZ JUAN M-1,3444,97,,,-$22.38,$250.27,$275.87,,X-5253,N,,2971168
2025-02-08,2025-02-08,"#1007, Oakland",DIAZ JUAN M-1,3444,97,,,-$22.38,$250.27,$275.87,,X-5253,N,,2971168
2025-02-08,2025-02-08,"#null, OAKLAND",DIAZ JUAN M-1,0,0,8715 tee st,,-$22.38,$250.27,$275.87,H1007-518266,X-5253,N,,2971168
2025-02-07,2025-02-07,"#0640, Kifer Rd",DIAZ JUAN M-1,5369,97,,,-$222.11,$967.43,"$1,053.82",,X-5253,N,,3970422
2025-02-07,2025-02-07,"#0640, Kifer Rd",DIAZ JUAN M-1,5369,97,,,-$222.11,$967.43,"$1,053.82",,X-5253,N,,3970422
2025-02-07,2025-02-07,"#null, KIFER RD",DIAZ JUAN M-1,0,0,819 S MARY AVE,,-$222.11,$967.43,"$1,053.82",H0640-398721,X-5253,N,,3970422
2025-02-05,2025-02-05,"#0640, Kifer Rd",DIAZ JUAN M-1,5091,97,,,-$6.84,$130.28,$142.17,,X-5253,N,,5970202
2025-02-05,2025-02-05,"#0640, Kifer Rd",DIAZ JUAN M-1,5091,97,,,-$6.84,$130.28,$142.17,,X-5253,N,,5970202
2025-02-05,2025-02-05,"#null, KIFER RD",DIAZ JUAN M-1,0,0,819 S. MARY AVE,,-$6.84,$130.28,$142.17,H0640-398308,X-5253,N,,5970202
2025-02-03,2025-02-03,"#0640, Kifer Rd",DIAZ JUAN M-1,4871,97,,,-$43.92,$673.66,$734.00,,X-5253,N,,7970040
2025-02-03,2025-02-03,"#0640, Kifer Rd",DIAZ JUAN M-1,4875,97,,,-$1.26,$40.56,$44.26,,X-5253,N,,7970042
2025-02-03,2025-02-03,"#6635, Bollinger",DIAZ JUAN M-1,7384,97,,,-$6.09,$128.74,$140.81,,X-5253,N,,7972895
2025-02-03,2025-02-03,"#0640, Kifer Rd",DIAZ JUAN M-1,4871,97,,,-$43.92,$673.66,$734.00,,X-5253,N,,7970040
2025-02-03,2025-02-03,"#0640, Kifer Rd",DIAZ JUAN M-1,4875,97,,,-$1.26,$40.56,$44.26,,X-5253,N,,7970042
2025-02-03,2025-02-03,"#6635, Bollinger",DIAZ JUAN M-1,7384,97,,,-$6.09,$128.74,$140.81,,X-5253,N,,7972895
2025-02-03,2025-02-03,"#null, BOLLINGER",DIAZ JUAN M-1,0,0,819 S Mary Ave,,-$6.09,$128.74,$140.81,H6635-587623,X-5253,N,,7972895
2025-02-03,2025-02-03,"#null, KIFER RD",DIAZ JUAN M-1,0,0,819 S Mary Ave,,-$43.92,$673.66,$734.00,H0640-398019,X-5253,N,,7970040
2025-02-03,2025-02-03,"#null, KIFER RD",DIAZ JUAN M-1,0,0,819 S. Mary,,-$1.26,$40.56,$44.26,H0640-398029,X-5253,N,,7970042
2025-02-02,2025-02-02,"#1848, EL CAJON",EQUITY TRACK ACCOUNTING DEPT,9532,53,,,$0.00,$5.74,$6.21,,X-1766,N,,8531919
2025-02-02,2025-02-02,"#1848, EL CAJON",EQUITY TRACK ACCOUNTING DEPT,9931,55,,,$0.00,$88.91,$96.24,,X-1766,N,,8551137
2025-02-02,2025-02-02,"#1848, EL CAJON",EQUITY TRACK ACCOUNTING DEPT,9966,55,,,$0.00,$31.57,$34.17,,X-1766,N,,8551167
2025-02-02,2025-02-02,"#1848, EL CAJON",EQUITY TRACK ACCOUNTING DEPT,1345,80,,,$0.00,$69.79,$75.54,,X-1766,N,,8802662
2025-01-30,2025-01-30,"#null, CERES",DIAZ JUAN M-1,0,0,821 Fall River Dr,,-$3.73,$20.21,$21.90,H6947-285188,X-5253,N,,1971557
2025-01-29,2025-01-29,"#null, SAN CARLOS",DIAZ JUAN M-1,0,0,441 vera,,-$6.99,$62.95,$68.85,H0628-483041,X-5253,N,,2971819
2025-01-29,2025-01-29,"#null, LODI",DIAZ JUAN M-1,0,0,1418 e landsay st,,-$54.25,$223.51,$241.83,H6660-252427,X-5253,N,,2972952
2025-01-28,2025-01-28,"#null, VACAVILLE",DIAZ JUAN M-1,0,0,331 oak valley dr,,-$6.23,$57.42,$62.09,H1043-314555,X-5253,N,,3972351
2025-01-28,2025-01-29,"#null, VACAVILLE",DIAZ JUAN M-1,0,0,331 oak valley,,-$1.89,$16.99,$18.37,H1043-314570,X-5253,N,,3972354
2025-01-28,2025-01-28,"#null, STOCKTON",DIAZ JUAN M-1,0,0,1418 E LINDSAY,,-$14.31,$219.15,$237.20,H0662-306525,X-5253,N,,3973524
2025-01-27,2025-01-27,"#null, STOCKTON",DIAZ JUAN M-1,0,0,1418 E LINDSAY ST,,-$35.98,$855.53,$931.93,H0662-306430,X-5253,N,,4973476
2025-01-27,2025-01-27,"#null, VACAVILLE",DIAZ JUAN M-1,0,0,331 Oak Valley Dr,,-$6.56,$66.47,$71.87,H1043-314423,X-5253,N,,4972306
2025-01-25,2025-01-25,"#6660, LODI",EQUITY TRACK ACCOUNTING DEPT,7753,3,1418 e lindsey st,,-$3.85,$59.64,$64.56,,X-2019,N,,6033968
2025-01-25,2025-01-25,"#null, VACAVILLE",DIAZ JUAN M-1,0,0,331 oak valley dr,,-$12.01,$211.74,$228.89,H1043-314300,X-5253,N,,6972275
2025-01-24,2025-01-24,"#1848, EL CAJON",EQUITY TRACK ACCOUNTING DEPT,2834,36,,,$0.00,$60.21,$65.16,,X-1766,N,,7361469
2025-01-24,2025-01-24,"#null, CERES",DIAZ JUAN M-1,0,0,821 Fall River Dr,,-$0.14,$1.83,$1.98,H6947-284611,X-5253,N,,7971363
2025-01-24,2025-01-25,"#null, STOCKTON",DIAZ JUAN M-1,0,0,1418 E LINDSAY STREE,,-$64.62,$757.70,$825.88,H0662-306142,X-5253,N,,7973359
2025-01-23,2025-01-24,"#null, STOCKTON",DIAZ JUAN M-1,0,0,1418 E LINDSAY ST,,-$154.11,"$1,251.34","$1,363.96",H0662-306004,X-5253,N,,8973288
2025-01-23,2025-01-23,"#null, OAKLAND",DIAZ JUAN M-1,0,0,1782 WOODHAVEN WAY O,,-$5.04,$36.94,$40.73,H1007-515957,X-5253,N,,8974821
2025-01-22,2025-01-22,"#null, WEST STOCKTON",DIAZ JUAN M-1,0,0,1418 Lindsay St,,-$97.05,"$1,013.82","$1,101.44",H1022-406257,X-5253,N,,9972429
2025-01-21,2025-01-22,online,EQUITY TRACK INC-1,0,0,Stockton Range,,-$268.94,$609.06,$663.88,WM95698985,X-5253,N,,0903460
2025-01-20,2025-01-21,"#null, WEST STOCKTON",DIAZ JUAN M-1,0,0,1418 E. Lindsay St,,-$132.96,$728.02,$792.94,H1022-406019,X-5253,N,,1972321
2025-01-20,2025-01-20,"#null, WEST STOCKTON",EQUITY TRACK ACCOUNTING DEPT,0,0,1418 e lindsay st,,-$173.88,$911.38,$991.56,H1022-405907,X-5880,N,,1972269
2025-01-20,2025-01-20,"#null, OAKLAND",EQUITY TRACK ACCOUNTING DEPT,0,0,8715 d st,,-$15.82,$346.13,$381.54,H1007-515385,X-1511,N,,1974455
2025-01-18,2025-01-18,"#null, OAKLAND",EQUITY TRACK ACCOUNTING DEPT,0,0,8717 d st oakland,,-$9.20,$111.14,$122.53,H1007-515259,X-1511,N,,3974401
2025-01-16,2025-01-16,"#null, STOCKTON",DIAZ JUAN M-1,0,0,1418 E LINDSAY STREE,,-$49.29,$491.06,$533.26,H0662-305177,X-5253,N,,5972848
2025-01-16,2025-01-16,"#null, STOCKTON",EQUITY TRACK ACCOUNTING DEPT,0,0,1418 L Lindstay,,-$148.30,-$72.32,-$78.82,H0662-304853,X-5880,N,,5300718
2025-01-15,2025-01-15,"#null, WEST STOCKTON",EQUITY TRACK ACCOUNTING DEPT,0,0,1418 E Lindsay St,,-$88.38,$778.27,$847.90,H1022-405256,X-5880,N,,6971962
2025-01-13,2025-01-13,"#null, STOCKTON",EQUITY TRACK ACCOUNTING DEPT,0,0,1418 E LINDSAY ST,,-$2.83,$100.39,$109.35,H0662-304857,X-1511,N,,8972667
2025-01-13,2025-01-13,"#null, STOCKTON",EQUITY TRACK ACCOUNTING DEPT,0,0,1418 L Lindstay st,,-$148.30,$884.67,$963.14,H0662-304853,X-5880,N,,8972663
2025-01-13,2025-01-13,"#null, CERES",DIAZ JUAN M-1,0,0,821 fall river,,-$3.13,$28.03,$30.38,H6947-283558,X-5253,N,,8970913
2025-01-11,2025-01-11,"#null, WEST STOCKTON",EQUITY TRACK ACCOUNTING DEPT,0,0,1418 e lindsay st,,-$212.00,$969.54,"$1,056.26",H1022-404713,X-2019,N,,0971741
2025-01-09,2025-01-09,"#null, SAN CARLOS",EQUITY TRACK ACCOUNTING DEPT,0,0,2325 Jefferson,,-$2.82,$16.00,$17.50,H0628-480153,X-1511,N,,2970384
2025-01-09,2025-01-09,"#null, CERES",DIAZ JUAN M-1,0,0,821 Fall River Dr,,-$4.99,$63.40,$68.71,H6947-283177,X-5253,N,,2970790
2025-01-08,2025-01-08,"#null, CERES",EQUITY TRACK ACCOUNTING DEPT,0,0,821 Fall River Dr,,-$25.15,$330.59,$357.01,H6947-283081,X-1511,N,,3970754
2025-01-08,2025-01-08,"#null, CERES",EQUITY TRACK ACCOUNTING DEPT,0,0,821 Fall River Dr,,-$11.96,$114.34,$123.92,H6947-283123,X-1511,N,,3970771
2025-01-08,2025-01-08,"#null, EMERYVILLE",EQUITY TRACK ACCOUNTING DEPT,0,0,820 28th St Oakland,,-$2.19,$30.73,$33.96,H0627-691156,X-5880,N,,3970293
2025-01-08,2025-01-08,"#null, EMERYVILLE",DIAZ JUAN M-1,0,0,1782 WOODHAVEN WAY O,,-$11.30,$328.92,$363.46,H0627-691157,X-5253,N,,3970292
2025-01-07,2025-01-07,"#null, SAN CARLOS",DIAZ JUAN M-1,0,0,2325 jefferson st,,-$2.32,$176.11,$192.62,H0628-479723,X-5253,N,,4970150
2025-01-07,2025-01-07,"#null, SAN CARLOS",EQUITY TRACK ACCOUNTING DEPT,0,0,2325 jefferson st,,-$50.85,$267.18,$292.23,H0628-479678,X-1511,N,,4970123
2025-01-07,2025-01-07,"#null, SAN CARLOS",EQUITY TRACK ACCOUNTING DEPT,0,0,2325 Jefferson St,,-$12.75,$218.26,$238.72,H0628-479798,X-5880,N,,4970176
2025-01-06,2025-01-06,"#1043, VACAVILLE",EQUITY TRACK ACCOUNTING DEPT,8160,24,331 Oak Valley D,,-$21.23,-$377.70,-$409.95,,"X-1511, X-5880, X-6834, X-5253",N,,5240904
2025-01-06,2025-01-06,"#null, VACAVILLE",EQUITY TRACK ACCOUNTING DEPT,0,0,775 7th Ave 510-,,-$45.69,-$4.08,-$4.46,H0628-448452,X-5880,N,,5240904
2025-01-06,2025-01-06,"#null, VACAVILLE",EQUITY TRACK ACCOUNTING DEPT,0,0,331 Oak Valley D,,-$7.43,-$19.94,-$21.61,H6947-279661,X-5880,N,,5240904
2025-01-06,2025-01-06,"#null, VACAVILLE",EQUITY TRACK ACCOUNTING DEPT,0,0,331 Oak Valley D,,-$108.00,-$119.93,-$129.67,H1043-310187,X-5880,N,,5240904
2025-01-06,2025-01-06,"#null, VACAVILLE",EQUITY TRACK ACCOUNTING DEPT,0,0,331 Oak Valley D,,-$5.18,-$58.26,-$62.99,H1043-310840,X-5880,N,,5240904
2025-01-06,2025-01-06,"#null, VACAVILLE",EQUITY TRACK ACCOUNTING DEPT,0,0,331 Oak Valley D,,-$5.45,-$1.90,-$2.09,H6603-398265,X-5880,N,,5240904
2025-01-06,2025-01-06,"#null, VACAVILLE",EQUITY TRACK ACCOUNTING DEPT,0,0,1083 palomino rd,,-$28.04,-$1.42,-$1.54,H6667-244922,X-5880,N,,5240904
2025-01-06,2025-01-06,"#null, VACAVILLE",EQUITY TRACK ACCOUNTING DEPT,0,0,331 Oak Valley D,,-$34.72,-$27.62,-$29.87,H1043-310786,X-5880,N,,5240904
2025-01-06,2025-01-06,"#null, VACAVILLE",EQUITY TRACK ACCOUNTING DEPT,0,0,331 Oak Valley D,,-$5.30,-$11.84,-$12.80,H1043-310324,X-5880,N,,5240904
2025-01-06,2025-01-06,"#null, VACAVILLE",EQUITY TRACK ACCOUNTING DEPT,0,0,331 Oak Valley D,,-$85.08,-$8.08,-$8.75,H6947-279500,X-5880,N,,5240904
2025-01-06,2025-01-06,"#null, VACAVILLE",EQUITY TRACK ACCOUNTING DEPT,0,0,331 oak valley dr,,-$16.17,$171.68,$185.63,H1043-312198,X-5880,N,,5971462
2025-01-06,2025-01-06,"#null, VACAVILLE",EQUITY TRACK ACCOUNTING DEPT,0,0,331 Oak Valley D,,-$85.20,-$0.73,-$0.79,H6947-280420,X-5880,N,,5240904
2025-01-06,2025-01-06,"#null, VACAVILLE",EQUITY TRACK ACCOUNTING DEPT,0,0,331 Oak Valley D,,-$27.04,-$5.62,-$6.15,H0628-475816,X-5880,N,,5240904
2025-01-06,2025-01-06,"#null, VACAVILLE",EQUITY TRACK ACCOUNTING DEPT,0,0,1020 laurel EPA,,-$39.70,-$6.24,-$6.85,H6603-398160,X-5880,N,,5240904
2025-01-06,2025-01-06,"#null, VACAVILLE",EQUITY TRACK ACCOUNTING DEPT,0,0,331 Oak Valley D,,-$104.08,-$4.19,-$4.54,H6947-280482,X-5880,N,,5240904
2025-01-06,2025-01-06,"#null, VACAVILLE",EQUITY TRACK ACCOUNTING DEPT,0,0,331 Oak Valley D,,-$5.54,-$6.62,-$7.22,H6667-250521,X-5880,N,,5240904
2025-01-06,2025-01-06,"#null, VACAVILLE",EQUITY TRACK ACCOUNTING DEPT,0,0,331 Oak Valley D,,-$41.26,-$48.62,-$52.56,H1043-312038,X-5880,N,,5240904
2025-01-06,2025-01-06,"#null, VACAVILLE",EQUITY TRACK ACCOUNTING DEPT,0,0,331 Oak Valley D,,$0.00,-$48.98,-$54.12,H0627-687084,X-5880,N,,5240904
2025-01-04,2025-01-04,"#1043, VACAVILLE",EQUITY TRACK ACCOUNTING DEPT,9748,20,331 oak valley dr,,-$13.93,$165.00,$178.41,,X-2019,N,,7200727
2025-01-04,2025-01-04,"#null, SAN CARLOS",DIAZ JUAN M-1,0,0,441 VERA   Member Si,,-$9.20,$82.67,$90.42,H0628-479290,X-5253,N,,7975016
2025-01-04,2025-01-04,"#null, SAN CARLOS",EQUITY TRACK ACCOUNTING DEPT,0,0,820 28TH ST OAKLAND,,-$1.78,$23.69,$25.91,H0628-479289,X-1511,N,,7975015
2025-01-04,2025-01-04,"#null, VACAVILLE",EQUITY TRACK ACCOUNTING DEPT,0,0,331 Oak Valley Dr,,-$41.26,$459.09,$495.29,H1043-312038,X-5880,N,,7971415
2025-01-04,2025-01-04,"#null, VACAVILLE",DIAZ JUAN M-1,0,0,331 oak valley dr,,-$54.12,$345.55,$373.52,H1043-312028,X-5253,N,,7971412
2024-12-26,2024-12-26,"#null, SAN CARLOS",EQUITY TRACK ACCOUNTING DEPT,0,0,2325 JEFFERSON     M,,$0.00,$16.62,$18.18,H0628-478246,X-1511,N,,6974601
2024-12-24,2024-12-24,"#null, EMERYVILLE",EQUITY TRACK ACCOUNTING DEPT,0,0,820 28th St Oakland,,-$5.80,$80.13,$88.54,H0627-688600,X-1086,N,,8974023
2024-12-23,2024-12-23,"#null, SAN CARLOS",EQUITY TRACK ACCOUNTING DEPT,0,0,2325 JEFFERSON,,-$6.17,$69.14,$75.58,H0628-477954,X-1511,N,,9974452
2024-12-23,2024-12-23,"#null, SAN CARLOS",EQUITY TRACK ACCOUNTING DEPT,0,0,2325 jefferson,,-$3.69,$51.41,$56.19,H0628-478040,X-5880,N,,9974508
2024-12-21,2024-12-21,"#1848, EL CAJON",EQUITY TRACK ACCOUNTING DEPT,7869,54,,,$0.00,$71.06,$76.91,,X-1766,N,,1545547
2024-12-20,2024-12-21,"#null, VACAVILLE",EQUITY TRACK ACCOUNTING DEPT,0,0,331 Oak Valley Dr,,-$128.13,$571.28,$615.57,H1043-310944,X-5880,N,,2971040
2024-12-19,2024-12-20,"#null, VACAVILLE",EQUITY TRACK ACCOUNTING DEPT,0,0,331 oak valley,,-$5.18,$118.95,$128.56,H1043-310840,X-1511,N,,3971013
2024-12-19,2024-12-19,"#null, VACAVILLE",EQUITY TRACK ACCOUNTING DEPT,0,0,331 oak valley,,-$34.72,$360.90,$390.22,H1043-310786,X-5880,N,,3970992
2024-12-18,2024-12-18,"#null, EAST PALO ALTO",EQUITY TRACK ACCOUNTING DEPT,0,0,1020 laurel epa,,-$3.38,$30.58,$33.57,H6603-401577,X-5880,N,,4970834
2024-12-18,2024-12-18,"#null, VACAVILLE",EQUITY TRACK ACCOUNTING DEPT,0,0,#31 oak valley,,-$71.01,$772.27,$833.77,H1043-310662,X-1511,N,,4970931
2024-12-17,2024-12-18,"#null, SAN LEANDRO",EQUITY TRACK ACCOUNTING DEPT,0,0,2408 98th ave oaklan,,-$6.38,$82.01,$90.83,H0625-363960,X-1511,N,,5971645
2024-12-17,2024-12-17,"#null, SAN CARLOS",EQUITY TRACK ACCOUNTING DEPT,0,0,100 PALM AVE     Mem,,-$12.85,$193.05,$211.11,H0628-477027,X-5880,N,,5974016
2024-12-17,2024-12-17,"#null, EMERYVILLE",EQUITY TRACK ACCOUNTING DEPT,0,0,331 oak valley dr,,$0.00,$489.80,$541.23,H0627-687084,X-1511,N,,5973177
2024-12-16,2024-12-17,"#null, VACAVILLE",EQUITY TRACK ACCOUNTING DEPT,0,0,331 Oak Valley,,-$243.58,"$1,261.76","$1,364.00",H1043-310490,X-2019,N,,6970841
2024-12-14,2024-12-14,online,EQUITY TRACK ACCOUNTING DEPT,0,0,331 oak valley drive,,-$582.00,$955.00,"$1,032.59",WM92294854,X-1511,N,,8903307
2024-12-14,2024-12-14,"#null, SAN CARLOS",EQUITY TRACK ACCOUNTING DEPT,0,0,2325 JEFFERSON     M,,-$4.87,$72.17,$78.94,H0628-476661,X-5880,N,,8973834
2024-12-14,2024-12-14,"#null, VACAVILLE",EQUITY TRACK ACCOUNTING DEPT,0,0,331 OAK VALLEY DR,,-$5.30,$59.81,$63.67,H1043-310324,X-1511,N,,8970797
2024-12-14,2024-12-15,online,EQUITY TRACK ACCOUNTING DEPT,0,0,331 oak valley drive,,-$10.32,$118.68,$128.32,WG77939254,X-5880,N,,8465012
2024-12-13,2024-12-13,"#null, SAN CARLOS",EQUITY TRACK ACCOUNTING DEPT,0,0,100 PALM AVE   MEMBE,,-$9.68,$100.50,$109.92,H0628-476506,X-1511,N,,9973762
2024-12-13,2024-12-13,"#null, VACAVILLE",EQUITY TRACK ACCOUNTING DEPT,0,0,331 Oak Valley,,-$5.18,$110.48,$119.46,H1043-310243,X-5880,N,,9970769
2024-12-12,2024-12-13,"#null, VACAVILLE",EQUITY TRACK ACCOUNTING DEPT,0,0,331 Oak Valley Dr,,-$108.00,"$1,170.02","$1,264.94",H1043-310187,X-5880,N,,0970744
2024-12-11,2024-12-11,"#null, EMERYVILLE",EQUITY TRACK ACCOUNTING DEPT,0,0,1782 WOODHAVEN WAY O,,-$15.40,$199.04,$219.94,H0627-686004,X-1511,N,,1972594
2024-12-11,2024-12-11,"#null, EMERYVILLE",EQUITY TRACK ACCOUNTING DEPT,0,0,1782 Woodhaven way,,-$69.78,"$1,090.80","$1,205.33",H0627-685923,X-5880,N,,1972559
2024-12-11,2024-12-11,"#null, OAKLAND",EQUITY TRACK ACCOUNTING DEPT,0,0,1782 WOODHAVEN WAY O,,-$16.16,$221.62,$244.33,H1007-509922,X-5880,N,,1971477
2024-12-10,2024-12-10,"#6947, CERES",EQUITY TRACK ACCOUNTING DEPT,9609,53,821 fall river dr,,$0.00,$4.93,$5.34,,X-2019,N,,2531939
2024-12-10,2024-12-10,"#null, OAKLAND",EQUITY TRACK ACCOUNTING DEPT,0,0,2408 96th ave,,-$2.55,$16.39,$18.07,H1007-509718,X-1511,N,,2971355
2024-12-10,2024-12-10,"#null, VACAVILLE",EQUITY TRACK ACCOUNTING DEPT,0,0,331 oak dr,,-$46.72,$233.05,$251.83,H1043-309877,X-1511,N,,2970593
2024-12-10,2024-12-10,"#null, MODESTO",EQUITY TRACK ACCOUNTING DEPT,0,0,821 Fall River Dr,,-$6.46,$187.41,$204.04,H6601-311801,X-5880,N,,2971846
2024-12-09,2024-12-09,"#6947, CERES",EQUITY TRACK ACCOUNTING DEPT,3045,52,821 fall river dr,,-$3.41,$45.35,$49.15,,X-2019,N,,3522246
2024-12-09,2024-12-09,"#null, SAN CARLOS",EQUITY TRACK ACCOUNTING DEPT,0,0,100 PINE AVENUE,,-$11.81,-$272.09,-$297.60,H0628-473454,X-1511,N,,3363118
2024-12-09,2024-12-09,"#null, SAN CARLOS",EQUITY TRACK ACCOUNTING DEPT,0,0,2325 JEFFERSON R,,$0.00,-$95.88,-$105.11,H0632-453128,X-5880,N,,3363116
2024-12-09,2024-12-09,"#null, CERES",EQUITY TRACK ACCOUNTING DEPT,0,0,821 fall river,,-$77.43,$817.82,$884.63,H6947-280682,X-1511,N,,3974911
2024-12-09,2024-12-09,"#null, SAN CARLOS",EQUITY TRACK ACCOUNTING DEPT,0,0,1020 LAUREL PALO,,-$31.13,-$13.27,-$14.57,H6603-399594,X-5880,N,,3363122
2024-12-09,2024-12-09,"#null, SAN CARLOS",EQUITY TRACK ACCOUNTING DEPT,0,0,100 palm,,-$27.04,$224.38,$245.38,H0628-475816,X-5880,N,,3973387
2024-12-09,2024-12-09,"#null, SAN CARLOS",EQUITY TRACK ACCOUNTING DEPT,0,0,1020 LAUREL EPA,,-$39.70,-$14.50,-$15.93,H6603-398160,X-1511,N,,3363121
2024-12-09,2024-12-09,"#null, SAN CARLOS",1,0,0,5 Ocean Way   Ne,,-$67.18,-$3.37,-$3.69,H0628-466493,X-5253,N,,3363117
2024-12-09,2024-12-09,"#null, SAN CARLOS",EQUITY TRACK ACCOUNTING DEPT,0,0,2325 jefferson,,-$11.38,-$30.95,-$33.86,H0628-475500,X-1511,N,,3363115
2024-12-09,2024-12-09,"#null, SAN CARLOS",1,0,0,5 Oceanside Way,,-$1.55,-$6.52,-$7.13,H0628-467431,X-5253,N,,3363119
2024-12-09,2024-12-09,"#null, SAN CARLOS",EQUITY TRACK ACCOUNTING DEPT,0,0,2325 jefferson s,,-$50.43,-$16.79,-$18.41,H0632-437437,X-8087,N,,3363120
2024-12-07,2024-12-07,"#null, SAN MATEO",EQUITY TRACK ACCOUNTING DEPT,0,0,2325 JEFFERSON REDWO,,$0.00,$95.88,$105.11,H0632-453128,X-5880,N,,5973354
2024-12-07,2024-12-15,"#null, SAN CARLOS",EQUITY TRACK ACCOUNTING DEPT,0,0,2325 JEFFERSON RWC,,-$25.95,$321.25,$351.37,H0628-475566,X-1086,N,,5902483
2024-12-07,2024-12-07,"#null, SAN CARLOS",EQUITY TRACK ACCOUNTING DEPT,0,0,2325 jefferson,,-$11.38,$226.10,$247.30,H0628-475500,X-1511,N,,5973255
2024-12-07,2024-12-07,"#null, VACAVILLE",EQUITY TRACK ACCOUNTING DEPT,0,0,331 oak dr,,-$70.00,$284.26,$307.01,H1043-309656,X-1511,N,,5970520
2024-12-07,2024-12-07,"#null, SAN CARLOS",EQUITY TRACK ACCOUNTING DEPT,0,0,2325 jefferson redwo,,-$0.25,$4.68,$5.12,H0628-475528,X-5880,N,,5973264
2024-12-06,2024-12-06,"#1034, OTAY MESA",EQUITY TRACK ACCOUNTING DEPT,4330,2,,,$0.00,$98.98,$106.65,,X-2965,N,,6022005
2024-12-06,2024-12-06,"#null, VACAVILLE",EQUITY TRACK ACCOUNTING DEPT,0,0,331 oak vacaville,,-$260.16,"$1,296.96","$1,401.10",H1043-309524,X-1511,N,,6970467
2024-12-06,2024-12-08,"#null, CERES",EQUITY TRACK ACCOUNTING DEPT,0,0,1,,$0.00,$19.88,$21.54,H6947-280483,"X-XXXX, X-XXXX",N,,
2024-12-06,2024-12-06,"#null, CERES",EQUITY TRACK ACCOUNTING DEPT,0,0,821 Fall River Dr,,-$104.08,$581.60,$630.06,H6947-280482,X-5880,N,,6974869
2024-12-06,2024-12-07,online,EQUITY TRACK ACCOUNTING DEPT,0,0,Modesto Range,,-$320.44,$657.56,$715.92,WM91420286,X-1511,N,,6903506
2024-12-05,2024-12-05,"#null, SAN CARLOS",EQUITY TRACK ACCOUNTING DEPT,0,0,100 palm ave,,-$18.06,$193.49,$211.05,H0628-475247,X-1511,N,,7973114
2024-12-05,2024-12-06,"#null, CERES",EQUITY TRACK ACCOUNTING DEPT,0,0,821 Fall River Dr,,-$85.20,$434.64,$470.80,H6947-280420,X-5880,N,,7974844
2024-12-04,2024-12-04,"#6947, CERES",EQUITY TRACK ACCOUNTING DEPT,5427,2,821 fall river dr,,-$10.37,$113.38,$122.88,,X-2019,N,,8024277
2024-12-04,2024-12-04,"#null, EAST PALO ALTO",EQUITY TRACK ACCOUNTING DEPT,0,0,2325  JEFFERSON,,-$1.60,$25.76,$28.30,H6603-399595,X-1511,N,,8970268
2024-12-04,2024-12-04,"#null, EAST PALO ALTO",EQUITY TRACK ACCOUNTING DEPT,0,0,1020 LAUREL PALO ALT,,-$31.13,$438.11,$481.30,H6603-399594,X-5880,N,,8970267
2024-12-04,2024-12-04,"#null, SAN CARLOS",EQUITY TRACK ACCOUNTING DEPT,0,0,100 PALM,,-$2.68,$50.75,$55.51,H0628-475055,X-5880,N,,8972990
2024-12-04,2024-12-04,"#null, MODESTO",EQUITY TRACK ACCOUNTING DEPT,0,0,"821 FALL RIVER, MODE",,$0.00,$98.56,$107.31,H6601-311153,X-1511,N,,8971536
2024-12-04,2024-12-04,"#null, MODESTO",EQUITY TRACK ACCOUNTING DEPT,0,0,821 fall river dr,,-$32.43,$203.05,$220.90,H6601-311148,X-5880,N,,8971535
2024-12-03,2024-12-03,"#null, SAN CARLOS",EQUITY TRACK ACCOUNTING DEPT,0,0,100 PALM    Member S,,-$1.02,$19.27,$21.08,H0628-474867,X-1511,N,,9972891
2024-12-03,2024-12-03,"#null, WINDSOR",EQUITY TRACK ACCOUNTING DEPT,0,0,1083 palomino rd,,-$12.89,$302.07,$329.26,H6667-250621,X-5880,N,,9973202
2024-12-02,2024-12-02,"#null, CERES",EQUITY TRACK ACCOUNTING DEPT,0,0,8215 river ave,,-$3.48,$148.62,$161.07,H6947-280023,X-1511,N,,0974724
2024-12-02,2024-12-02,"#null, SAN CARLOS",EQUITY TRACK ACCOUNTING DEPT,0,0,2325 JEFFERSON     M,,-$54.01,$335.55,$366.95,H0628-474668,X-5880,N,,0972795
2024-12-02,2024-12-02,"#null, WINDSOR",EQUITY TRACK ACCOUNTING DEPT,0,0,1083 Palomino Rd,,-$5.54,$155.15,$169.08,H6667-250521,X-1511,N,,0973164
2024-11-30,2024-12-08,"#null, OAKLAND",EQUITY TRACK ACCOUNTING DEPT,0,0,2408 96TH AVE,,-$4.22,$111.85,$123.31,H1007-507990,X-1086,N,,2903879
2024-11-30,2024-11-30,"#null, OAKLAND",EQUITY TRACK ACCOUNTING DEPT,0,0,2408 96th ave,,-$15.25,$224.90,$247.93,H1007-507909,X-5880,N,,2970370
2024-11-29,2024-11-29,"#null, CERES",EQUITY TRACK ACCOUNTING DEPT,0,0,821 Fall River Dr,,-$3.76,$56.38,$61.10,H6947-279762,X-1511,N,,3974623
2024-11-29,2024-11-29,online,EQUITY TRACK ACCOUNTING DEPT,0,0,Palo Alto Trash,,$0.00,"-$1,199.00","-$1,317.40",WM88495958,X-5880,N,,3182701
2024-11-29,2024-11-29,"#null, EAST PALO ALTO",EQUITY TRACK ACCOUNTING DEPT,0,0,100 palm,,-$3.91,$102.14,$112.23,H6603-398953,X-5880,N,,3970137
2024-11-27,2024-11-28,"#null, CERES",EQUITY TRACK ACCOUNTING DEPT,0,0,821 Fall River,,-$7.43,$98.93,$107.20,H6947-279661,X-1511,N,,5974604
2024-11-27,2024-11-27,"#null, SAN CARLOS",EQUITY TRACK ACCOUNTING DEPT,0,0,2325 JEFFERSON   CAL,,-$33.93,$432.69,$471.89,H0628-474077,X-5880,N,,5972574
2024-11-27,2024-11-27,"#null, SAN CARLOS",EQUITY TRACK ACCOUNTING DEPT,0,0,100 PALM AVE,,-$22.92,$126.84,$138.55,H0628-474074,X-1511,N,,5972572
2024-11-27,2024-11-27,"#null, CERES",EQUITY TRACK ACCOUNTING DEPT,0,0,821 Fall River,,-$112.94,$803.82,$871.03,H6947-279619,X-5880,N,,5974593
2024-11-26,2024-11-26,"#null, SAN CARLOS",EQUITY TRACK ACCOUNTING DEPT,0,0,100 palm ave,,-$33.38,$401.54,$439.15,H0628-473842,X-1511,N,,6972441
2024-11-26,2024-11-26,"#null, CERES",EQUITY TRACK ACCOUNTING DEPT,0,0,821 Fall River Dr,,-$85.08,$422.78,$456.64,H6947-279500,X-5880,N,,6974546
2024-11-25,2024-11-25,"#null, CERES",EQUITY TRACK ACCOUNTING DEPT,0,0,821 Fall River Dr,,-$126.74,$864.75,$937.17,H6947-279346,X-5880,N,,7974493
2024-11-25,2024-11-25,"#null, SAN CARLOS",EQUITY TRACK ACCOUNTING DEPT,0,0,100 Palm Ave,,-$16.43,$325.63,$356.16,H0628-473648,X-1511,N,,7972338
2024-11-25,2024-11-25,"#null, CERES",EQUITY TRACK ACCOUNTING DEPT,0,0,821 Fall River Dr,,-$17.51,$145.18,$157.34,H6947-279415,X-5880,N,,7974519
2024-11-23,2024-11-23,"#null, SAN CARLOS",EQUITY TRACK ACCOUNTING DEPT,0,0,100 pine avenue,,-$11.81,$678.37,$741.92,H0628-473454,X-1511,N,,9972283
2024-11-22,2024-11-22,"#6947, CERES",EQUITY TRACK ACCOUNTING DEPT,5959,3,821 FALL RIVER DR,,-$8.81,$211.04,$228.71,,X-2019,N,,0033871
2024-11-22,2024-11-23,online,EQUITY TRACK ACCOUNTING DEPT,0,0,Modesto Dishwasher,,-$394.44,$434.56,$473.13,WG75929116,X-1511,N,,0902079
2024-11-22,2024-11-22,"#null, EAST PALO ALTO",EQUITY TRACK ACCOUNTING DEPT,0,0,1020 LAUREL,,-$17.18,$135.65,$149.05,H6603-398241,X-1511,N,,0974951
2024-11-22,2024-11-22,"#null, EAST PALO ALTO",EQUITY TRACK ACCOUNTING DEPT,0,0,1020 Laurel Ave,,-$5.45,$50.68,$55.68,H6603-398265,X-5880,N,,0974955
2024-11-22,2024-11-22,"#null, EAST PALO ALTO",EQUITY TRACK ACCOUNTING DEPT,0,0,1020 laurel EPA,,-$39.70,$371.47,$408.13,H6603-398160,X-1511,N,,0974917
2024-11-22,2024-11-22,"#null, EAST PALO ALTO",EQUITY TRACK ACCOUNTING DEPT,0,0,1020 laurel EPA,,$0.00,$147.88,$162.48,H6603-398166,X-5880,N,,0974920
2024-11-21,2024-11-21,"#null, SAN CARLOS",EQUITY TRACK ACCOUNTING DEPT,0,0,1020   luaurel epa,,-$6.38,$51.31,$56.12,H0628-473089,X-5880,N,,1972092
2024-11-21,2024-11-21,"#null, SAN CARLOS",EQUITY TRACK ACCOUNTING DEPT,0,0,1020 LAUREL EAST PAL,,-$3.21,$84.00,$91.88,H0628-473095,X-1511,N,,1972094
2024-11-20,2024-11-21,"#null, EAST PALO ALTO",EQUITY TRACK ACCOUNTING DEPT,0,0,1020 LAUREL AVE PALO,,-$28.57,$173.44,$190.44,H6603-397926,X-1511,N,,2974841
2024-11-20,2024-11-20,"#null, CERES",EQUITY TRACK ACCOUNTING DEPT,0,0,821 fall river dr,,-$16.84,$160.17,$173.07,H6947-278894,X-1511,N,,2974368
2024-11-20,2025-09-30,"#6603, East Palo Alto",EQUITY TRACK ACCOUNTING DEPT,4054,97,1020 Laurel East Pal,,-$34.21,$319.99,$351.56,H6603-397832,"X-5880, X-5253",N,,2974825
2024-11-19,2024-11-19,"#null, EAST PALO ALTO",EQUITY TRACK ACCOUNTING DEPT,0,0,1020 Laurel Ave,,-$19.81,$154.09,$169.31,H6603-397684,X-5880,N,,3974778
2024-11-18,2024-11-18,"#null, EAST PALO ALTO",EQUITY TRACK ACCOUNTING DEPT,0,0,1020 laurel ave,,-$17.20,$70.06,$76.85,H6603-397403,X-1511,N,,4974700
2024-11-18,2024-11-18,"#null, EAST PALO ALTO",EQUITY TRACK ACCOUNTING DEPT,0,0,1020 LAUYREL AVE,,-$34.04,$392.40,$431.04,H6603-397423,X-5880,N,,4974703
2024-11-18,2024-11-18,"#null, FAIRFIELD",EQUITY TRACK ACCOUNTING DEPT,0,0,1343 Canterbury Dr.,,-$13.17,$283.00,$306.58,H0637-288661,X-1511,N,,4974002
2024-11-16,2024-11-16,"#null, FAIRFIELD",EQUITY TRACK ACCOUNTING DEPT,0,0,1343 cabterbury Driv,,-$0.62,$26.42,$28.63,H0637-288528,X-1511,N,,6973956
2024-11-16,2024-11-16,online,EQUITY TRACK ACCOUNTING DEPT,0,0,Palo Alto Trash Compactor,,$0.00,"$1,199.00","$1,317.40",WM88495958,X-5880,N,,6900985
2024-11-16,2024-11-16,"#null, SAN CARLOS",EQUITY TRACK ACCOUNTING DEPT,0,0,1020 laurel east pal,,-$18.90,$187.39,$204.80,H0628-472305,X-2019,N,,6971724
2024-11-16,2024-11-16,"#null, EAST PALO ALTO",EQUITY TRACK ACCOUNTING DEPT,0,0,1020 laurel,,-$240.80,"$2,206.56","$2,422.54",H6603-397221,X-1511,N,,6974662
2024-11-15,2024-11-15,"#null, EAST PALO ALTO",EQUITY TRACK ACCOUNTING DEPT,0,0,1020 laurel ave,,-$80.51,$403.58,$442.15,H6603-397087,X-5880,N,,7974630
2024-11-14,2024-11-14,"#null, FAIRFIELD",EQUITY TRACK ACCOUNTING DEPT,0,0,1343 canterbury dr,,-$5.25,$161.06,$174.46,H0637-288333,X-5880,N,,8973887
2024-11-14,2024-11-14,"#null, EAST PALO ALTO",1,0,0,1020 laurel east,,-$28.63,-$35.89,-$39.26,H0628-471265,X-5253,N,,8181809
2024-11-14,2024-11-14,"#null, EAST PALO ALTO",EQUITY TRACK ACCOUNTING DEPT,0,0,1020 laurel EPA,,-$39.23,$339.18,$372.43,H6603-396986,X-1511,N,,8974605
2024-11-14,2024-11-14,"#null, EAST PALO ALTO",1,0,0,1020 laurel east,,-$133.54,-$189.38,-$208.07,H6603-396019,X-5253,N,,8181809
2024-11-13,2024-11-13,"#0637, FAIRFIELD",EQUITY TRACK ACCOUNTING DEPT,4744,63,1343 canterbury dr,,-$5.13,$87.01,$94.30,,X-2019,N,,9633027
2024-11-13,2024-11-13,"#null, EAST PALO ALTO",EQUITY TRACK ACCOUNTING DEPT,0,0,1020 LAUREL EAST PAL,,-$4.73,$42.23,$46.40,H6603-396842,X-1511,N,,9974553
2024-11-13,2024-11-13,"#null, EAST PALO ALTO",EQUITY TRACK ACCOUNTING DEPT,0,0,1020 laurel E Palo A,,-$12.14,$272.08,$298.95,H6603-396790,X-5880,N,,9974532
2024-11-12,2024-11-12,"#8975, OROVILLE",1,7522,19,13734 licha ln,,-$32.55,-$280.30,-$303.55,,"X-5880, X-9510, X-5253",N,,0190339
2024-11-12,2024-11-12,"#null, OROVILLE",1,0,0,775 7th AVE RWC,,-$60.63,-$8.96,-$9.80,H0628-461054,X-5253,N,,0190339
2024-11-12,2024-11-12,"#null, EAST PALO ALTO",EQUITY TRACK ACCOUNTING DEPT,0,0,1020 laurel epa,,$0.00,$73.50,$80.76,H6603-396657,X-5880,N,,0974493
2024-11-12,2024-11-12,"#null, OROVILLE",1,0,0,1083 Palomino Rd,,-$21.26,-$127.93,-$138.48,H8975-212580,X-5253,N,,0190339
2024-11-12,2024-11-12,"#null, EAST PALO ALTO",1,0,0,1020 laurel east,,-$28.63,-$81.22,-$88.84,H0628-471265,X-5253,N,,0191303
2024-11-12,2024-11-12,"#null, OROVILLE",1,0,0,13734 licha ln,,-$27.09,-$56.74,-$61.40,H8975-213509,X-5253,N,,0190339
2024-11-12,2024-11-12,online,1,0,0,1020 Laurel Fenc,,$0.00,-$149.90,-$164.71,WM86650259,X-5253,N,,0191306
2024-11-12,2024-11-12,online,EQUITY TRACK ACCOUNTING DEPT,0,0,Palo Alto Cabine,,$0.00,-$74.26,-$81.60,WG74534727,X-1511,N,,0191305
2024-11-12,2024-11-12,"#null, OROVILLE",1,0,0,13734 licha ln,,-$20.93,-$18.14,-$19.65,H8975-213619,X-5253,N,,0190339
2024-11-12,2024-11-12,"#null, OROVILLE",1,0,0,13734 licha ln,,-$73.72,-$3.66,-$3.97,H8975-212774,X-5253,N,,0190339
2024-11-12,2024-11-12,"#null, EAST PALO ALTO",1,0,0,1020 laurel east,,$0.00,-$74.77,-$81.78,H0628-471480,X-5253,N,,0191303
2024-11-12,2024-11-12,"#null, OROVILLE",1,0,0,13734 licha ln,,-$78.38,-$12.45,-$13.49,H8975-212362,X-5253,N,,0190339
2024-11-12,2024-11-12,"#null, EAST PALO ALTO",1,0,0,1020laurel epa,,-$167.24,-$46.50,-$51.09,H6603-396211,X-5253,N,,0191302
2024-11-12,2024-11-12,"#null, OROVILLE",EQUITY TRACK ACCOUNTING DEPT,0,0,13734 Licha Ln,,-$17.83,$190.42,$205.11,H8975-214231,X-1511,N,,0970027
2024-11-11,2024-11-11,"#0628, SAN CARLOS",EQUITY TRACK ACCOUNTING DEPT,267,54,13734 licha ln,,$0.00,$20.44,$22.36,,X-2019,N,,1544487
2024-11-11,2024-11-11,"#null, SAN CARLOS",EQUITY TRACK ACCOUNTING DEPT,0,0,449 VERA,,$0.00,$74.77,$81.78,H0628-471480,X-5880,N,,1971322
2024-11-11,2024-11-11,"#null, SANTA CLARA",DIAZ JUAN M-1,0,0,2057 eucaly[ptus,,-$16.38,$197.26,$215.26,H0630-337190,X-5253,N,,1970040
2024-11-09,2024-11-09,"#null, SAN CARLOS",DIAZ JUAN M-1,0,0,1020 laurel east pal,,-$28.63,$687.71,$749.74,H0628-471265,X-5253,N,,3971253
2024-11-09,2024-11-09,"#null, EAST PALO ALTO",DIAZ JUAN M-1,0,0,1020laurel epa,,-$167.24,$456.26,$501.19,H6603-396211,X-5253,N,,3974384
2024-11-08,2024-11-08,"#null, EAST PALO ALTO",DIAZ JUAN M-1,0,0,1020 Laurel East Pal,,$0.00,$510.79,$561.23,H6603-396165,X-5253,N,,4974372
2024-11-08,2024-11-08,"#null, EAST PALO ALTO",EQUITY TRACK ACCOUNTING DEPT,0,0,1020 LAUREL E PALO A,,-$11.95,$647.75,$711.72,H6603-396108,X-1511,N,,4974355
2024-11-08,2024-11-08,"#null, EAST PALO ALTO",DIAZ JUAN M-1,0,0,1020 Laurel East Pal,,-$44.96,$634.61,$697.28,H6603-396125,X-5253,N,,4974360
2024-11-08,2024-11-08,"#null, OROVILLE",EQUITY TRACK ACCOUNTING DEPT,0,0,13734 Licha Ave,,-$51.70,$579.53,$627.33,H8975-213904,X-5880,N,,4974926
2024-11-07,2024-11-07,"#null, OROVILLE",EQUITY TRACK ACCOUNTING DEPT,0,0,13734 Licha Ln.,,-$13.04,$112.24,$121.50,H8975-213807,X-5880,N,,5974888
2024-11-07,2024-11-07,online,EQUITY TRACK ACCOUNTING DEPT,0,0,Palo Alto Cabinets,,$0.00,$109.26,$120.05,WG74534727,"X-1511, X-1511, X-1511",N,,5905282
2024-11-07,2024-11-07,"#null, EAST PALO ALTO",DIAZ JUAN M-1,0,0,1020 Laurel East Pal,,-$133.54,"$2,032.81","$2,233.47",H6603-396019,X-5253,N,,5974331
2024-11-07,2024-11-07,"#null, EAST PALO ALTO",DIAZ JUAN M-1,0,0,1020 Laurel East Pal,,-$3.82,$52.77,$57.98,H6603-396023,X-5253,N,,5974332
2024-11-07,2024-11-07,online,EQUITY TRACK ACCOUNTING DEPT,0,0,Palo Alto Cabinets,,$0.00,$0.00,$0.00,WM87319781,X-1511,N,,5905284
2024-11-07,2024-11-07,online,EQUITY TRACK INC-1,0,0,Palo Alto water heater,,$0.00,$0.00,$0.00,WM87331498,X-5253,N,,5905298
2024-11-06,2024-11-06,"#null, EAST PALO ALTO",DIAZ JUAN M-1,0,0,1020 Laurel East Pal,,-$114.78,$568.20,$623.84,H6603-395833,X-5253,N,,6974248
2024-11-05,2024-11-05,"#null, EAST PALO ALTO",EQUITY TRACK ACCOUNTING DEPT,0,0,1020 LAURES TS,,-$3.60,$56.20,$61.75,H6603-395713,X-1511,N,,7974205
2024-11-05,2024-11-05,"#null, EAST PALO ALTO",EQUITY TRACK ACCOUNTING DEPT,0,0,1020 LAUREL ST,,-$21.87,$498.23,$547.28,H6603-395711,X-1511,N,,7974203
2024-11-05,2024-11-05,"#null, EAST PALO ALTO",EQUITY TRACK ACCOUNTING DEPT,0,0,1020 LAUREL ST,,$0.00,$52.20,$57.35,H6603-395712,X-5880,N,,7974204
2024-11-05,2024-11-05,online,1,0,0,Palo Alto,,-$143.24,-$275.08,-$302.24,WM86653423,X-5253,N,,7181336
2024-11-05,2024-11-05,"#null, EAST PALO ALTO",DIAZ JUAN M-1,0,0,1020 laurel epa,,-$59.39,$723.13,$794.54,H6603-395658,X-5253,N,,7974183
2024-11-05,2024-11-05,"#null, OROVILLE",EQUITY TRACK ACCOUNTING DEPT,0,0,13734 Licha Ln,,-$20.93,$390.43,$422.64,H8975-213619,X-5880,N,,7974811
2024-11-05,2024-11-05,"#null, OROVILLE",DIAZ JUAN M-1,0,0,13734Licha Ln.,,-$12.75,$80.57,$87.16,H8975-213622,X-5253,N,,7974812
2024-11-05,2024-11-05,"#null, SAN LEANDRO",1,0,0,1020 Laurel Ave,,-$516.40,-$432.26,-$478.27,H0625-358699,X-5253,N,,7190097
2024-11-04,2024-11-06,online,EQUITY TRACK INC-1,0,0,Palo Alto 4ft Fence,,$0.00,$219.20,$240.85,WJ68528659,X-5253,N,,6270393
2024-11-04,2024-11-04,"#null, OROVILLE",DIAZ JUAN M-1,0,0,13734 licha ln.,,-$27.09,$469.72,$505.41,H8975-213509,X-5253,N,,8974767
2024-11-04,2024-11-05,"#null, SAN LEANDRO",DIAZ JUAN M-1,0,0,1020 Laurel Ave East,,-$158.40,$635.06,$703.17,H0625-359125,X-5253,N,,7974358
2024-11-03,2024-11-03,"#6603, EAST PALO ALTO",EQUITY TRACK ACCOUNTING DEPT,633,62,,,$0.00,$82.00,$90.10,,X-5880,N,,9625538
2024-11-02,2024-11-02,"#null, EAST PALO ALTO",DIAZ JUAN M-1,0,0,1020 laurel E palo a,,-$7.95,$668.60,$734.62,H6603-395340,X-5253,N,,0974089
2024-11-02,2024-11-02,"#null, EAST PALO ALTO",DIAZ JUAN M-1,0,0,1020 laurel,,-$6.14,$96.55,$104.86,H6603-395370,X-5253,N,,0974092
2024-11-02,2024-11-02,"#null, OROVILLE",DIAZ JUAN M-1,0,0,13734 Licha ln,,-$112.35,"$1,135.10","$1,226.14",H8975-213396,X-5253,N,,0974711
2024-11-01,2024-11-01,"#null, SAN CARLOS",DIAZ JUAN M-1,0,0,5 OCEANSIDE,,-$8.13,$39.76,$43.49,H0628-469955,X-5253,N,,1970673
2024-11-01,2024-11-01,"#null, SAN LEANDRO",DIAZ JUAN M-1,0,0,1020 Laurel Ave East,,-$516.40,"$2,500.91","$2,768.95",H0625-358699,X-5253,N,,1974140
2024-10-31,2024-10-31,"#8975, OROVILLE",1,2932,18,1083 Palomino Rd,,-$31.87,-$597.17,-$648.99,,"X-2019, X-5253, X-9362",N,,2180992
2024-10-31,2024-10-31,"#8975, OROVILLE",EQUITY TRACK ACCOUNTING DEPT,1604,2,13734 licha ln,,-$45.91,$357.77,$387.18,,X-2019,N,,2024764
2024-10-31,2024-10-31,"#8975, OROVILLE",EQUITY TRACK ACCOUNTING DEPT,1605,2,13734 licha ln,,-$3.60,$32.24,$34.90,,X-2019,N,,2024765
2024-10-31,2024-11-01,"#null, OROVILLE",1,0,0,775 7th AVE RWC,,-$50.68,-$188.89,-$204.94,H6667-244219,X-5253,N,,2180992
2024-10-31,2024-11-01,"#null, OROVILLE",1,0,0,1083 Palomino Rd,,-$21.26,-$79.37,-$85.92,H8975-212580,X-5253,N,,2180992
2024-10-31,2024-10-31,online,EQUITY TRACK INC-1,0,0,1020 Laurel Fence,,$0.00,$504.70,$554.54,WM86649819,X-5253,N,,2904647
2024-10-31,2024-10-31,online,EQUITY TRACK INC-1,0,0,Palo Alto,,-$143.24,"$1,341.88","$1,474.39",WM86653423,X-5253,N,,2904656
2024-10-31,2024-10-31,online,EQUITY TRACK INC-1,0,0,E palo alto,,$0.00,$0.00,$0.00,WM86645786,X-5253,N,,2904644
2024-10-31,2024-10-31,online,EQUITY TRACK INC-1,0,0,1020 Laurel Fence batch 3,,$0.00,$294.84,$323.96,WM86650259,X-5253,N,,2904652
2024-10-31,2024-11-01,"#null, OROVILLE",1,0,0,1083 Palomino Rd,,-$143.06,-$27.12,-$29.74,H0632-432388,X-5253,N,,2180992
2024-10-31,2024-11-01,"#null, OROVILLE",1,0,0,775 7th AVE RWC,,-$234.25,-$122.49,-$132.91,H6667-243532,X-5253,N,,2180992
2024-10-31,2024-11-01,"#null, OROVILLE",1,0,0,775 7TH ST RWC,,-$40.11,-$112.18,-$122.69,H0628-459334,X-5253,N,,2180992
2024-10-31,2024-10-31,online,EQUITY TRACK INC-1,0,0,1020 Laurel Fence Batch 2,,$0.00,$354.80,$389.84,WM86649083,X-5253,N,,2904650
2024-10-30,2024-10-30,"#null, OROVILLE",DIAZ JUAN M-1,0,0,13734 Licha Ln,,-$8.95,$98.46,$106.58,H8975-213113,X-5253,N,,3974588
2024-10-30,2024-10-30,"#null, SAN CARLOS",DIAZ JUAN M-1,0,0,100 PALM AVE,,-$28.20,$267.18,$267.18,H0628-469629,X-5253,N,,3970527
2024-10-29,2024-10-29,"#null, OROVILLE",DIAZ JUAN M-1,0,0,13734 Licha ln,,-$16.40,$224.33,$242.84,H8975-213046,X-5253,N,,4974558
2024-10-28,2024-10-28,"#null, OAKLAND",DIAZ JUAN M-1,0,0,1782 WOODHAVEN WAY O,,-$16.38,$101.70,$111.99,H1007-502527,X-5253,N,,5972116
2024-10-28,2024-10-28,online,EQUITY TRACK INC-1,0,0,Licha Lane Fridge,,-$155.94,"$1,094.06","$1,184.32",WM86307591,X-5253,N,,5901258
2024-10-28,2024-10-28,online,EQUITY TRACK INC-1,0,0,Licha Lane Range,,-$291.34,$686.66,$743.31,WJ68029499,X-5253,N,,5901255
2024-10-25,2024-10-25,"#0628, SAN CARLOS",EQUITY TRACK ACCOUNTING DEPT,6531,83,,,$0.00,$15.94,$17.43,,X-5880,N,,8832873
2024-10-25,2024-10-25,"#null, OAKLAND",DIAZ JUAN M-1,0,0,1782 WOODHAVEN WAY O,,-$33.01,$241.51,$266.21,H1007-502270,X-5253,N,,8972000
2024-10-25,2024-10-25,"#null, OROVILLE",DIAZ JUAN M-1,0,0,13734 LICHA LN,,-$73.72,$916.07,$986.55,H8975-212774,X-5253,N,,8974433
2024-10-24,2024-10-24,"#null, OAKLAND",DIAZ JUAN M-1,0,0,1782 WOODHAVEN WAY O,,-$10.93,$318.68,$351.32,H1007-502027,X-5253,N,,9971823
2024-10-23,2024-10-23,"#8975, OROVILLE",EQUITY TRACK ACCOUNTING DEPT,4833,19,13734 licha ln,,-$13.90,-$125.10,-$135.40,,X-5566,N,,
2024-10-23,2024-10-24,"#null, OROVILLE",DIAZ JUAN M-1,0,0,13734 Licha Ln,,-$21.26,$915.37,$990.89,H8975-212580,X-5253,N,,0974334
2024-10-23,2024-10-23,"#null, SAN CARLOS",DIAZ JUAN M-1,0,0,100 Palm Ave,,-$16.32,$158.62,$173.49,H0628-468630,X-5253,N,,0970077
2024-10-22,2024-10-22,"#8975, OROVILLE",EQUITY TRACK ACCOUNTING DEPT,8866,50,13734 licha ln,,$0.00,$257.00,$278.20,,"X-XXXX, X-XXXX",N,,
2024-10-22,2024-10-22,"#8975, OROVILLE",EQUITY TRACK ACCOUNTING DEPT,3785,51,13734 licha ln,,-$65.25,$698.56,$749.56,,X-2019,N,,1511604
2024-10-22,2024-10-22,"#null, SAN CARLOS",DIAZ JUAN M-1,0,0,100 palm ave,,$0.00,"$1,696.11","$1,855.12",H0628-468394,X-5253,N,,1975015
2024-10-21,2024-10-21,"#null, OROVILLE",DIAZ JUAN M-1,0,0,13734 Licha Ln.,,-$78.38,"$1,039.19","$1,124.92",H8975-212362,X-5253,N,,2974242
2024-10-21,2024-10-21,"#null, OROVILLE",DIAZ JUAN M-1,0,0,13734 Licha ln,,$0.00,$61.80,$61.80,H8975-212373,X-5253,N,,2974248
2024-10-19,2024-10-19,"#null, OAKLAND",DIAZ JUAN M-1,0,0,2408 96TH AVE,,-$28.80,$440.96,$488.11,H1007-501184,X-5253,N,,4971293
2024-10-19,2024-10-19,"#null, SAN CARLOS",DIAZ JUAN M-1,0,0,5 oceanside wy,,-$3.78,$36.76,$40.20,H0628-467992,X-5253,N,,4974854
2024-10-19,2024-10-19,online,JUAN DIAZ-1,0,0,"8715 D St, Oakland, CA 94621",,-$82.52,$595.48,$656.52,WJ67253012,X-5253,N,,4903066
2024-10-18,2024-10-18,"#null, SAN LEANDRO",DIAZ JUAN M-1,0,0,2408 96th Ave,,-$76.82,$690.56,$766.45,H0625-357109,X-5253,N,,5973413
2024-10-17,2024-10-17,"#null, OAKLAND",DIAZ JUAN M-1,0,0,2408 96th ave,,-$20.32,$237.16,$266.77,H1007-500900,X-5253,N,,6971118
2024-10-17,2024-10-17,"#null, SAN CARLOS",DIAZ JUAN M-1,0,0,oceanside marvin,,-$0.20,$2.27,$2.48,H0628-467734,X-5253,N,,6974729
2024-10-17,2024-10-17,"#null, SAN CARLOS",DIAZ JUAN M-1,0,0,5 oceanside marvin,,-$0.15,$32.60,$35.66,H0628-467729,X-5253,N,,6974726
2024-10-17,2024-10-17,"#null, OAKLAND",DIAZ JUAN M-1,0,0,2408  96th ave,,-$25.78,$242.90,$267.80,H1007-500805,X-5253,N,,6971064
2024-10-16,2024-10-16,"#null, SAN LEANDRO",DIAZ JUAN M-1,0,0,2408 96th,,-$39.94,$549.06,$608.01,H0625-356718,X-5253,N,,7973184
2024-10-15,2024-10-15,"#null, SAN CARLOS",1,0,0,5 oceanside way,,-$32.99,-$2.70,-$2.95,H0628-440110,X-5253,N,,8362852
2024-10-15,2024-10-15,"#null, SAN CARLOS",1,0,0,5 oceanside way,,-$64.60,-$21.53,-$23.55,H0628-466778,X-5253,N,,8362852
2024-10-15,2024-10-15,"#null, SAN CARLOS",1,0,0,5 oceanside way,,-$37.57,-$20.04,-$21.92,H0628-465441,X-5253,N,,8362852
2024-10-15,2024-10-15,"#null, SAN CARLOS",1,0,0,5 oceanside way,,-$63.17,-$61.59,-$67.37,H0628-466692,X-5253,N,,8362852
2024-10-15,2024-10-15,"#null, SAN CARLOS",1,0,0,5 oceanside way,,-$327.75,-$3.43,-$3.75,H0628-465386,X-5253,N,,8362852
2024-10-15,2024-10-15,online,JUAN DIAZ-1,0,0,96th Ave. Appliances,,-$320.44,$657.56,$719.21,WM84853526,X-5253,N,,8900947
2024-10-15,2024-10-15,"#null, OAKLAND",DIAZ JUAN M-1,0,0,2408  96TH AVE,,-$26.63,$405.18,$446.71,H1007-500421,X-5253,N,,8970824
2024-10-15,2024-10-15,"#null, SAN CARLOS",1,0,0,5 oceanside way,,-$82.24,-$92.42,-$100.74,H6667-245447,X-5253,N,,8362852
2024-10-15,2024-10-15,"#null, SAN CARLOS",1,0,0,5 oceanside way,,-$67.29,-$2.18,-$2.37,H6667-244076,X-5253,N,,8362852
2024-10-15,2024-10-15,"#null, SAN CARLOS",1,0,0,5 oceanside way,,-$127.61,-$13.60,-$14.88,H0628-466924,X-5253,N,,8362852
2024-10-15,2024-10-15,"#null, SAN CARLOS",1,0,0,5 oceanside way,,-$20.29,-$44.58,-$49.59,H0632-444483,X-5253,N,,8362852
2024-10-15,2024-10-15,"#null, SAN CARLOS",1,0,0,5 oceanside way,,-$33.06,-$75.06,-$82.11,H0628-465134,X-5253,N,,8362852
2024-10-15,2024-10-15,"#null, SAN CARLOS",1,0,0,5 Ocean Way   Ne,,-$67.18,-$21.45,-$23.47,H0628-466493,X-5253,N,,8362852
2024-10-15,2024-10-15,"#null, SAN CARLOS",1,0,0,5 oceanside way,,-$17.84,-$40.31,-$44.09,H0628-466605,X-5253,N,,8362852
2024-10-15,2024-10-15,"#null, SAN CARLOS",1,0,0,5 oceanside way,,-$77.04,-$38.45,-$42.16,H0632-443625,X-5253,N,,8362852
2024-10-15,2024-10-15,"#null, SAN CARLOS",DIAZ JUAN M-1,0,0,5 Oceanside Way,,-$1.55,$35.97,$39.34,H0628-467431,X-5253,N,,8974595
2024-10-15,2024-10-15,"#null, SAN CARLOS",1,0,0,5 oceanside way,,-$69.41,-$276.72,-$302.68,H0628-466135,X-5253,N,,8362852
2024-10-15,2024-10-15,"#null, SAN CARLOS",1,0,0,5 oceanside way,,-$25.32,-$22.82,-$24.96,H0628-467008,X-5253,N,,8362852
2024-10-14,2024-10-14,"#0628, SAN CARLOS",EQUITY TRACK ACCOUNTING DEPT,8456,53,5 oceancide way,,-$4.02,$36.50,$39.92,,X-2019,N,,9536155
2024-10-14,2024-10-14,"#null, SAN CARLOS",EQUITY TRACK ACCOUNTING DEPT,0,0,2325 jefferson st ne,,-$3.42,$16.04,$17.87,H0628-467151,X-2019,N,,9974469
2024-10-14,2024-10-14,"#null, SAN CARLOS",DIAZ JUAN M-1,0,0,5 Oceanside,,-$9.15,$56.71,$62.74,H0628-467277,X-5253,N,,9974521
2024-10-14,2024-10-14,"#null, SAN MATEO",EQUITY TRACK ACCOUNTING DEPT,0,0,5 oceanside,,-$20.29,$214.70,$236.79,H0632-444483,X-8008,N,,9974536
2024-10-12,2024-10-12,"#null, SAN CARLOS",EQUITY TRACK ACCOUNTING DEPT,0,0,449 vera ave,,-$25.32,$197.16,$215.54,H0628-467008,X-2019,N,,1974427
2024-10-11,2024-10-11,"#null, SAN LEANDRO",DIAZ JUAN M-1,0,0,2204 96TH AVE OAKLAN,,-$4.00,$189.59,$209.97,H0625-356237,X-5253,N,,2972951
2024-10-11,2024-10-13,"#null, SAN CARLOS",EQUITY TRACK ACCOUNTING DEPT,0,0,5 oceanside way,,-$34.31,$267.77,$294.68,H0628-466842,X-8008,N,,2900498
2024-10-11,2024-10-11,"#null, SAN CARLOS",DIAZ JUAN M-1,0,0,5 oceanside way,,-$127.61,"$1,104.73","$1,215.71",H0628-466924,X-5253,N,,2974405
2024-10-10,2024-10-11,"#null, SAN CARLOS",EQUITY TRACK ACCOUNTING DEPT,0,0,5 OCEANSIDE WAY,,-$64.60,$724.38,$792.98,H0628-466778,X-2019,N,,3974332
2024-10-10,2024-10-10,"#null, SAN CARLOS",DIAZ JUAN M-1,0,0,5 oceanside way,,-$63.17,$692.82,$757.74,H0628-466692,X-5253,N,,3974307
2024-10-09,2024-10-09,"#0628, SAN CARLOS",EQUITY TRACK ACCOUNTING DEPT,9040,54,5 oceancide  way,,-$1.61,$44.23,$48.38,,X-2019,N,,4543473
2024-10-09,2024-10-09,"#null, SAN CARLOS",DIAZ JUAN M-1,0,0,5 Ocean Way   Neri,,-$67.18,$896.33,$980.36,H0628-466493,X-5253,N,,4974227
2024-10-09,2024-10-10,"#null, SAN CARLOS",EQUITY TRACK ACCOUNTING DEPT,0,0,5 oceanside way,,-$17.84,$323.55,$355.68,H0628-466605,X-2019,N,,4974259
2024-10-08,2024-10-08,"#null, SAN MATEO",DIAZ JUAN M-1,0,0,5 oceanside way,,-$77.04,$711.31,$781.85,H0632-443625,X-5253,N,,5974218
2024-10-07,2024-10-07,"#null, SAN CARLOS",DIAZ JUAN M-1,0,0,5 Oceanside Way,,-$81.28,$361.26,$393.59,H0628-466069,X-5253,N,,6974033
2024-10-07,2024-10-07,"#null, SAN CARLOS",DIAZ JUAN M-1,0,0,5 oceanside way,,-$69.41,"$1,270.69","$1,387.16",H0628-466135,X-5253,N,,6974067
2024-10-05,2024-10-05,"#null, SAN LEANDRO",DIAZ JUAN M-1,0,0,2408 96th Ave Oaklan,,-$138.48,$922.62,"$1,021.36",H0625-355479,X-5253,N,,8972613
2024-10-04,2024-10-04,"#6667, WINDSOR",EQUITY TRACK ACCOUNTING DEPT,6790,20,1083 PALOMINO RO,,$0.00,-$11.94,-$13.04,,X-2019,N,,9202962
2024-10-04,2024-10-04,"#6667, WINDSOR",EQUITY TRACK ACCOUNTING DEPT,5128,3,1083 palomino rd,,-$11.44,$68.92,$75.06,,X-2019,N,,9035911
2024-10-04,2024-10-04,"#null, SAN CARLOS , WINDSOR",1,0,0,5 oceanside way,,-$166.72,-$168.27,-$184.04,H0628-465846,"X-5253, X-5253",N,,9973993
2024-10-04,2024-10-04,"#null, SAN CARLOS",DIAZ JUAN M-1,0,0,5 oceanside way,,-$166.72,"$1,453.63","$1,588.17",H0628-465846,X-5253,N,,9973993
2024-10-04,2024-10-04,"#null, WINDSOR",1,0,0,1083 PALOMINO RD,,-$82.24,-$72.19,-$78.68,H6667-245447,X-5253,N,,9202963
2024-10-04,2024-10-04,"#null, WINDSOR",1,0,0,1083 palomino ro,,-$49.28,-$115.03,-$126.25,H1379-365401,X-5253,N,,9202961
2024-10-03,2024-10-04,"#null, WINDSOR",1-1,0,0,1083 palomino rd,,-$92.44,$815.41,$888.74,H6667-245547,X-5253,N,,0901114
2024-10-02,2024-10-02,"#6667, WINDSOR",EQUITY TRACK ACCOUNTING DEPT,420,36,1083 Palomino,,-$0.71,$190.23,$207.35,,"X-XXXX, X-XXXX",N,,
2024-10-02,2024-10-02,"#null, SAN CARLOS",DIAZ JUAN M-1,0,0,5 Oceanside,,-$37.57,$572.15,$625.79,H0628-465441,X-5253,N,,1973806
2024-10-02,2024-10-02,"#null, SAN CARLOS",DIAZ JUAN M-1,0,0,5 oceanside way,,-$138.44,$592.74,$647.61,H0628-465468,X-5253,N,,1973820
2024-10-02,2024-10-02,"#null, HAYWARD",DIAZ JUAN M-1,0,0,2204 96th Ave Oaklan,,-$12.32,$253.24,$280.46,H1017-364776,X-5253,N,,1971163
2024-10-02,2024-10-02,"#null, SAN CARLOS",DIAZ JUAN M-1,0,0,5 Oceanside  Runner:,,-$327.75,"$1,409.04","$1,538.43",H0628-465386,X-5253,N,,1973786
2024-10-02,2024-10-03,"#null, WINDSOR",DIAZ JUAN M-1,0,0,1083 Palomino Rd,,-$82.24,"$1,232.47","$1,339.94",H6667-245447,X-5253,N,,1971511
2024-10-02,2024-10-03,"#null, WINDSOR",EQUITY TRACK ACCOUNTING DEPT,0,0,1083 Palomino rd,,-$0.52,$10.18,$11.10,H6667-245448,X-3053,N,,
2024-10-01,2024-10-01,"#6667, WINDSOR",EQUITY TRACK ACCOUNTING DEPT,6445,20,1083 palomino rd,,-$61.29,-$608.31,-$660.50,,"X-5253, X-2019",N,,2202795
2024-10-01,2024-10-01,"#6667, WINDSOR",EQUITY TRACK ACCOUNTING DEPT,9541,51,1083 palomino rd,,-$16.86,$211.05,$230.04,,X-2019,N,,2514507
2024-10-01,2024-10-01,"#null, WINDSOR",EQUITY TRACK ACCOUNTING DEPT,0,0,1083 palomino rd,,-$3.02,-$2.54,-$2.78,H0628-460500,X-2019,N,,2202795
2024-10-01,2024-10-01,"#null, WINDSOR",EQUITY TRACK ACCOUNTING DEPT,0,0,1083 palomino rd,,-$78.88,-$4.94,-$5.36,H6667-244995,X-2019,N,,2202795
2024-10-01,2024-10-01,"#null, WINDSOR",EQUITY TRACK ACCOUNTING DEPT,0,0,1083 palomino rd,,-$28.04,-$0.52,-$0.57,H6667-244922,X-2019,N,,2202795
2024-10-01,2024-10-02,"#null, SANTA ROSA",DIAZ JUAN M-1,0,0,1083 palomino road,,-$49.28,$613.32,$673.12,H1379-365401,X-5253,N,,2971631
2024-10-01,2024-10-01,"#null, SAN CARLOS",DIAZ JUAN M-1,0,0,2204 96th ave,,-$1.68,$119.47,$130.67,H0628-465221,X-5253,N,,2973720
2024-10-01,2024-10-01,"#null, SAN CARLOS",DIAZ JUAN M-1,0,0,5 ocean way redwood,,-$77.64,$385.64,$421.65,H0628-465125,X-5253,N,,2973679
2024-10-01,2024-10-01,"#null, SAN CARLOS",DIAZ JUAN M-1,0,0,2204 96TH AVENUE OAK,,-$116.47,$562.75,$613.79,H0628-465116,X-5253,N,,2973678
2024-10-01,2024-10-01,"#null, SAN CARLOS",DIAZ JUAN M-1,0,0,5 oceanside way,,-$33.06,$504.18,$551.42,H0628-465134,X-5253,N,,2973688
2024-09-30,2024-09-30,"#1379, SANTA ROSA",EQUITY TRACK ACCOUNTING DEPT,2659,4,1083 PALOMINO ROAD,,-$13.23,$303.31,$329.65,,X-2019,N,,3046397
2024-09-30,2024-09-30,"#6667, WINDSOR",EQUITY TRACK ACCOUNTING DEPT,9252,51,1083 PALOMINO RD,,-$52.78,$520.00,$564.20,,X-2019,N,,3514354
2024-09-30,2024-09-30,online,EQUITY TRACK INC-1,0,0,5 Oceansideway Fridge,,-$651.00,"$1,227.00","$1,348.17",WM83365831,X-5253,N,,3904203
2024-09-30,2024-09-30,"#null, SAN CARLOS",1,0,0,1083 Palomino,,$0.00,-$98.57,-$107.80,H0628-464859,X-5253,N,,3224733
2024-09-29,2024-09-29,"#6667, WINDSOR",1,960,21,775 7th AVE RWC,,-$76.21,-$614.96,-$668.39,,"X-2019, X-4127, X-5253",N,,4211154
2024-09-29,2024-09-29,"#6667, WINDSOR",EQUITY TRACK ACCOUNTING DEPT,7799,2,1083 PALOMINO ROAD,,-$65.14,$522.63,$566.75,,X-2019,N,,4024348
2024-09-29,2024-09-29,"#null, WINDSOR",1,0,0,775 7th AVE RWC,,-$60.63,-$30.75,-$33.62,H0628-461054,X-5253,N,,4211154
2024-09-29,2024-09-29,"#null, WINDSOR",1,0,0,775 7th AVE RWC,,-$50.68,-$7.68,-$8.33,H6667-244219,X-5253,N,,4211154
2024-09-29,2024-09-29,"#null, WINDSOR",1,0,0,775 7th AVE RWC,,-$77.71,-$20.84,-$22.79,H0628-450707,X-5253,N,,4211154
2024-09-29,2024-09-29,"#null, WINDSOR",1,0,0,1083 palomino rd,,-$78.88,-$255.72,-$277.46,H6667-244995,X-5253,N,,4211154
2024-09-29,2024-09-29,"#null, WINDSOR",1,0,0,1083 palomino rd,,-$28.04,-$5.93,-$6.43,H6667-244922,X-5253,N,,4211154
2024-09-29,2024-09-29,"#null, WINDSOR",1,0,0,775 7th AVE RWC,,-$234.25,-$133.80,-$145.17,H6667-243532,X-5253,N,,4211154
2024-09-29,2024-09-29,"#null, WINDSOR",1,0,0,775 7th AVE RWC,,-$17.82,-$9.48,-$10.34,H0657-537925,X-5253,N,,4211154
2024-09-29,2024-09-29,"#null, SAN CARLOS",1-1,0,0,1083 Palomino,,$0.00,$132.51,$144.93,H0628-464859,X-5253,N,,4904077
2024-09-29,2024-09-29,"#null, WINDSOR",1,0,0,775 seven th,,-$30.45,-$47.77,-$52.24,H0628-461709,X-5253,N,,4211154
2024-09-29,2024-09-29,"#null, WINDSOR",1,0,0,775 7th AVE RWC,,-$83.86,-$45.10,-$48.94,H6667-243871,X-5253,N,,4211154
2024-09-29,2024-09-29,"#null, WINDSOR",1,0,0,775 7th AVE RWC,,-$34.93,-$8.48,-$9.27,H0628-459861,X-5253,N,,4211154
2024-09-28,2024-09-28,"#null, SAN MATEO",EQUITY TRACK ACCOUNTING DEPT,0,0,5 oceanside rd,,-$154.09,$946.15,"$1,035.65",H0632-441999,X-8087,Y,,5973612
2024-09-28,2024-09-28,"#null, OAKLAND",DIAZ JUAN M-1,0,0,2408 96th ave OAKLAN,,-$2.67,$41.19,$45.41,H1007-497682,X-5253,N,,5974012
2024-09-27,2024-09-27,"#null, WINDSOR",DIAZ JUAN M-1,0,0,1083 palomino rd,,-$78.88,"$1,345.46","$1,457.90",H6667-244995,X-5253,N,,6971374
2024-09-27,2024-09-27,"#null, THE HOME DEPOT PRO",DIAZ JUAN M-1,0,0,100 palm Ave San Car,,-$370.40,"$1,484.44","$1,623.33",H6655-333691,X-5253,N,,6973926
2024-09-26,2024-09-26,"#0628, SAN CARLOS",EQUITY TRACK ACCOUNTING DEPT,7127,36,775 seven th,,-$19.26,-$671.35,-$734.01,,"X-8087, X-2019, X-1511, X-5253",N,,7362792
2024-09-26,2024-09-26,"#null, SAN CARLOS",EQUITY TRACK ACCOUNTING DEPT,0,0,775 seven th,,-$14.03,-$28.32,-$30.69,H0637-275438,X-2019,N,,7362792
2024-09-26,2024-09-26,"#null, SAN CARLOS",DIAZ JUAN M-1,0,0,100 PALM AVE,,-$0.44,$18.16,$19.86,H0628-464534,X-5253,N,,7973484
2024-09-26,2024-09-26,"#null, SAN CARLOS",EQUITY TRACK ACCOUNTING DEPT,0,0,775 seven th,,-$141.04,-$27.57,-$30.16,H0628-443165,X-2019,N,,7362792
2024-09-26,2024-09-26,"#null, WINDSOR",DIAZ JUAN M-1,0,0,1083 palomino rd,,-$28.04,$634.96,$688.73,H6667-244922,X-5253,N,,7971337
2024-09-26,2024-09-26,"#null, SAN CARLOS",EQUITY TRACK ACCOUNTING DEPT,0,0,775 seven th,,-$2.55,-$229.00,-$250.47,H0628-464332,X-2019,N,,7362792
2024-09-26,2024-09-26,"#null, SAN CARLOS",EQUITY TRACK ACCOUNTING DEPT,0,0,775 seven th,,-$30.45,-$201.48,-$220.37,H0628-461709,X-2019,N,,7362792
2024-09-25,2024-09-25,"#null, SAN CARLOS",EQUITY TRACK ACCOUNTING DEPT,0,0,100 Palm Ave,,-$2.55,$278.49,$304.60,H0628-464332,X-8087,Y,,8973398
2024-09-24,2024-09-24,"#null, SAN CARLOS",DIAZ JUAN M-1,0,0,100 palm ave,,-$14.35,$235.77,$257.87,H0628-464138,X-5253,N,,9973332
2024-09-24,2024-09-24,"#null, WINDSOR",DIAZ JUAN M-1,0,0,1083 palominon  rd,,-$105.65,$986.11,"$1,067.68",H6667-244778,X-5253,N,,9971275
2024-09-21,2024-09-21,"#null, SAN CARLOS",EQUITY TRACK ACCOUNTING DEPT,0,0,2325 jefferson,,$0.00,$43.48,$47.56,H0628-463634,X-1086,N,,2973071
2024-09-21,2024-09-21,"#null, WINDSOR",DIAZ JUAN M-1,0,0,1083 palomino rd,,-$53.72,$504.00,$546.84,H6667-244509,X-5253,N,,2971143
2024-09-20,2024-09-20,"#null, SAN CARLOS",DIAZ JUAN M-1,0,0,2325 JEFFERSON,,-$82.18,$640.48,$699.82,H0628-463468,X-5253,N,,3972991
2024-09-18,2024-09-18,"#1379, SANTA ROSA",EQUITY TRACK ACCOUNTING DEPT,8652,4,1083 PALOMINO RD,,-$55.70,$661.14,$717.37,,X-2019,N,,5044670
2024-09-17,2024-09-17,"#null, SAN CARLOS",1,0,0,775 7TH ST RWC,,-$5.12,-$4.11,-$4.50,H0628-454751,X-5253,N,,6205005
2024-09-17,2024-09-17,"#null, SAN CARLOS",1,0,0,775 7th AVE RWC,,-$60.63,-$4.38,-$4.78,H0628-461054,X-5253,N,,6205005
2024-09-17,2024-09-17,"#null, SAN CARLOS",1,0,0,775 7TH ST RWC,,-$12.00,-$46.10,-$50.02,H6667-243780,X-5253,N,,6205005
2024-09-17,2024-09-17,"#null, SAN CARLOS",1,0,0,775 7TH ST RWC,,-$26.01,-$2.47,-$2.70,H0628-456936,X-5253,N,,6205005
2024-09-17,2024-09-18,"#null, WINDSOR",EQUITY TRACK ACCOUNTING DEPT,0,0,1083 Palomino Rd,,-$50.68,$727.86,$789.67,H6667-244219,"X-3053, X-6134",N,,
2024-09-17,2024-09-17,"#null, SAN CARLOS",1,0,0,775 7th ave,,-$28.98,-$4.02,-$4.39,H0628-453402,X-5253,N,,6205005
2024-09-17,2024-09-17,"#null, SAN CARLOS",1,0,0,775 7TH ST RWC,,-$17.74,-$16.24,-$17.60,H0637-277266,X-5253,N,,6205005
2024-09-17,2024-09-17,"#null, SAN CARLOS",1,0,0,775 7TH ST RWC,,-$9.87,-$56.09,-$61.35,H0628-461491,X-5253,N,,6205005
2024-09-17,2024-09-17,"#null, SAN CARLOS",1,0,0,1083 palomino rd,,-$3.02,-$12.07,-$13.20,H0628-460500,X-5253,N,,6205005
2024-09-17,2024-09-17,"#null, SAN CARLOS",1,0,0,775 7TH ST RWC,,-$128.30,-$78.71,-$86.10,H0628-459966,X-5253,N,,6205005
2024-09-17,2024-09-17,"#null, SAN CARLOS",1,0,0,775 7th Ave 510-,,-$174.84,-$5.67,-$6.20,H0628-457327,X-5253,N,,6205005
2024-09-17,2024-09-17,"#null, SAN CARLOS",1,0,0,775 7TH ST RWC,,-$88.87,-$546.78,-$598.04,H0628-456633,X-5253,N,,6205005
2024-09-17,2024-09-17,"#null, SAN CARLOS",1,0,0,775 7TH ST RWC,,-$23.68,-$5.41,-$5.92,H0628-452622,X-5253,N,,6205005
2024-09-17,2024-09-17,"#null, SAN CARLOS",1,0,0,775 7TH ST RWC,,-$6.95,-$41.97,-$45.91,H0628-453503,X-5253,N,,6205005
2024-09-17,2024-09-17,"#null, WINDSOR",DIAZ JUAN M-1,0,0,1083 Palomino Rd,,-$25.31,$622.89,$675.84,H6667-244176,X-5253,N,,6970986
2024-09-17,2024-09-17,"#null, SAN CARLOS",1,0,0,775 7TH ST RWC,,-$9.00,-$20.85,-$22.77,H1379-361440,X-5253,N,,6205005
2024-09-17,2024-09-17,"#null, SAN CARLOS",1,0,0,775 7TH ST RWC,,-$38.85,-$21.32,-$23.33,H0628-450834,X-5253,N,,6205005
2024-09-17,2024-09-17,"#null, FAIRFIELD",DIAZ JUAN M-1,0,0,1343 Canterbury dr,,-$0.08,$37.90,$41.07,H0637-282581,X-5253,N,,6971297
2024-09-17,2024-09-17,"#null, SANTA ROSA",DIAZ JUAN M-1,0,0,377 occidental cir,,-$0.56,$70.40,$76.91,H1379-363654,X-5253,N,,6970906
2024-09-17,2024-09-17,"#null, SAN CARLOS",1,0,0,775 7TH ST RWC,,-$26.36,-$54.24,-$59.45,H0632-437674,X-5253,N,,6205005
2024-09-17,2024-09-17,"#null, SANTA ROSA",DIAZ JUAN M-1,0,0,1083 Palomino Rd,,-$89.30,"$1,517.72","$1,658.11",H1379-363662,X-5253,N,,6970911
2024-09-17,2024-09-17,"#null, SAN CARLOS",1,0,0,775 7TH ST RWC,,-$69.10,-$9.27,-$10.06,H6667-242259,X-5253,N,,6205005
2024-09-17,2024-09-17,"#null, SAN CARLOS",1,0,0,775 7TH ST RWC,,-$42.38,-$13.31,-$14.55,H0628-458046,X-5253,N,,6205005
2024-09-17,2024-09-17,"#null, SAN CARLOS",1,0,0,775 7TH ST RWC,,-$9.00,-$31.92,-$34.92,H0628-460394,X-5253,N,,6205005
2024-09-17,2024-09-17,"#null, SAN CARLOS",1,0,0,775 7th Ave 510-,,-$15.61,-$10.22,-$11.18,H0628-456281,X-5253,N,,6205005
2024-09-17,2024-09-17,"#null, SAN CARLOS",1,0,0,775 7TH ST RWC,,-$8.67,-$1.04,-$1.12,H0637-281129,X-5253,N,,6205005
2024-09-17,2024-09-17,"#null, SAN CARLOS",1,0,0,775 7TH ST RWC,,-$40.11,-$18.61,-$20.35,H0628-459334,X-5253,N,,6205005
2024-09-17,2024-09-17,"#null, SAN CARLOS",1,0,0,775 7TH ST RWC,,-$107.58,-$140.05,-$156.24,H0628-459081,X-5253,N,,6205005
2024-09-17,2024-09-17,"#null, SAN CARLOS",1,0,0,775 7TH ST RWC,,-$1.53,-$6.48,-$7.02,H0637-277746,X-5253,N,,6205005
2024-09-17,2024-09-17,"#null, SAN CARLOS",1,0,0,775 7TH ST RWC,,-$31.46,-$0.52,-$0.56,H0628-457723,X-5253,N,,6205005
2024-09-17,2024-09-17,"#null, SAN CARLOS",1,0,0,775 7TH ST RWC,,-$128.06,-$13.68,-$14.99,H0632-432967,X-5253,N,,6205005
2024-09-17,2024-09-17,"#null, SAN CARLOS",1,0,0,775 7TH ST RWC,,-$3.69,-$4.56,-$4.99,H0628-460884,X-5253,N,,6205005
2024-09-17,2024-09-17,"#null, SAN CARLOS",1,0,0,775 7TH ST RWC,,-$32.69,-$23.55,-$25.55,H6667-239773,X-5253,N,,6205005
2024-09-17,2024-09-17,"#null, SAN CARLOS",1,0,0,775 7TH ST RWC,,-$53.50,-$44.10,-$48.18,H1379-359323,X-5253,N,,6205005
2024-09-17,2024-09-17,"#null, SAN CARLOS",1,0,0,775 7th AVE RWC,,-$34.93,-$30.82,-$33.73,H0628-459861,X-5253,N,,6205005
2024-09-16,2024-09-16,"#6667, WINDSOR",EQUITY TRACK ACCOUNTING DEPT,5641,2,1083 PAL0MIN0 RD,,-$94.40,"$2,221.35","$2,408.97",,X-2019,N,,7023448
2024-09-16,2024-09-16,"#null, WINDSOR",DIAZ JUAN M-1,0,0,1083 palomino,,-$67.29,$800.24,$865.08,H6667-244076,X-5253,N,,7970916
2024-09-16,2024-09-16,"#null, SANTA ROSA",DIAZ JUAN M-1,0,0,Occidental,,-$9.11,$126.85,$138.58,H1379-363603,X-5253,N,,7970879
2024-09-16,,"#null, WINDSOR",EQUITY TRACK ACCOUNTING DEPT,0,0,1083 Palomino Range,,-$19.14,$658.93,$714.94,H6667-244037,X-5253,N,,7970900
2024-09-15,2024-09-15,"#6667, WINDSOR",EQUITY TRACK ACCOUNTING DEPT,5363,2,1083 palomino rd,,-$86.60,$618.89,$671.28,,X-2019,N,,8023326
2024-09-15,2024-09-15,"#6667, WINDSOR",EQUITY TRACK ACCOUNTING DEPT,4381,51,1083 palomino rd,,-$34.60,$982.27,"$1,065.65",,X-2019,N,,8512199
2024-09-14,2024-09-14,"#null, EL CERRITO",DIAZ JUAN M-1,0,0,1912 carquinez ave,,-$16.00,$143.88,$157.91,H0643-446271,X-5253,N,,9974420
2024-09-13,2024-09-13,"#6667, WINDSOR",EQUITY TRACK ACCOUNTING DEPT,5119,2,1083 PALOMINO RD,,-$5.94,$56.72,$61.54,,X-3053,N,,
2024-09-13,2024-09-13,"#6667, WINDSOR",EQUITY TRACK ACCOUNTING DEPT,5120,2,PALOMINO,,-$1.25,$63.90,$69.33,,"X-XXXX, X-XXXX",N,,
2024-09-13,2024-09-13,"#6667, WINDSOR",EQUITY TRACK ACCOUNTING DEPT,2752,34,1083 palomino rd,,-$13.20,$74.64,$80.98,,"X-2762, X-3053",N,,
2024-09-13,2024-09-13,"#6667, WINDSOR",EQUITY TRACK ACCOUNTING DEPT,2753,34,0,,-$0.45,$8.59,$9.31,,"X-XXXX, X-XXXX",N,,
2024-09-13,2024-09-13,"#6667, WINDSOR",EQUITY TRACK ACCOUNTING DEPT,9616,36,0,,-$0.79,$15.10,$16.38,,"X-XXXX, X-XXXX",N,,
2024-09-13,2024-09-14,online,EQUITY TRACK INC-1,0,0,Palomino Rd Appliances,,"-$1,405.14","$1,951.86","$2,117.77",WM81800941,X-5253,N,,0904886
2024-09-13,2024-09-13,"#null, WINDSOR",DIAZ JUAN M-1,0,0,1083 palomino rd,,-$83.86,"$1,091.16","$1,179.34",H6667-243871,X-5253,N,,0970831
2024-09-12,2024-09-12,"#null, WINDSOR",DIAZ JUAN M-1,0,0,1083 palomina rd,,-$12.00,$168.28,$182.58,H6667-243780,X-5253,N,,1970775
2024-09-12,2024-09-12,"#null, SAN CARLOS",DIAZ JUAN M-1,0,0,2325 Jefferson,,-$6.75,$58.07,$63.51,H0628-462024,X-5253,N,,1972212
2024-09-11,2024-09-11,"#null, SAN CARLOS",DIAZ JUAN M-1,0,0,2325 jefferson ave,,-$16.93,$316.83,$345.87,H0628-461844,X-5253,N,,2972112
2024-09-11,2024-09-11,"#null, SANTA ROSA",DIAZ JUAN M-1,0,0,1083 palomino rd,,-$94.07,"$1,473.37","$1,609.08",H1379-362983,X-5253,N,,2970584
2024-09-10,2024-09-10,"#null, WINDSOR",DIAZ JUAN M-1,0,0,1083 palomino rd,,-$234.25,"$2,759.49","$2,994.04",H6667-243532,X-5253,N,,3970663
2024-09-10,2024-09-10,"#null, SAN CARLOS",DIAZ JUAN M-1,0,0,2325 jefferson,,$0.00,$179.00,$195.78,H0628-461613,X-5253,N,,3971967
2024-09-10,2024-09-10,"#null, SAN CARLOS",DIAZ JUAN M-1,0,0,2408 96th ave OAKLAN,,-$2.52,$36.34,$39.75,H0628-461711,X-5253,N,,3972025
2024-09-10,2024-09-10,"#null, SAN CARLOS",DIAZ JUAN M-1,0,0,775 7th AVE RWC,,-$30.45,$754.22,$824.93,H0628-461709,X-5253,N,,3972024
2024-09-09,2024-09-09,"#0625, SAN LEANDRO",EQUITY TRACK ACCOUNTING DEPT,752,29,0,,-$28.38,$269.39,$298.35,,X-9691,N,,4293244
2024-09-09,2024-09-09,"#0628, SAN CARLOS",1,6710,36,775 7th Ave: acc,,-$2.30,-$16.54,-$18.10,,"X-2019, X-5253",N,,4362730
2024-09-09,2024-09-09,"#0628, SAN CARLOS",EQUITY TRACK ACCOUNTING DEPT,6711,36,775 seven th,,-$2.75,-$50.53,-$55.30,,"X-2019, X-5253, X-8087",N,,4362732
2024-09-09,2024-09-09,"#0628, SAN CARLOS",EQUITY TRACK ACCOUNTING DEPT,6712,36,775 seven th,,-$1.92,-$37.13,-$40.62,,"X-2019, X-5253",N,,4362735
2024-09-09,2024-09-09,"#0628, SAN CARLOS",EQUITY TRACK ACCOUNTING DEPT,6713,36,775 seven th,,-$0.36,-$6.40,-$7.01,,"X-2019, X-5253",N,,4362737
2024-09-09,2024-09-09,"#null, SAN CARLOS",EQUITY TRACK ACCOUNTING DEPT,0,0,775 seven th,,-$20.07,-$24.04,-$26.29,H0628-457815,"X-2019, X-5253",N,,4362735
2024-09-09,2024-09-09,"#null, SAN CARLOS",EQUITY TRACK ACCOUNTING DEPT,0,0,775 seven th,,-$20.07,-$24.04,-$26.29,H0628-457815,"X-2019, X-5253",N,,4362732
2024-09-09,2024-09-09,"#null, SAN CARLOS",EQUITY TRACK ACCOUNTING DEPT,0,0,775 seven th,,-$20.07,-$4.00,-$4.37,H0628-457815,"X-2019, X-5253",N,,4362737
2024-09-09,2024-09-09,"#null, SAN CARLOS",1,0,0,775 seven th,,-$20.07,-$4.00,-$4.37,H0628-457815,"X-2019, X-5253",N,,4362739
2024-09-09,2024-09-09,"#null, SAN CARLOS",DIAZ JUAN M-1,0,0,2325 Jefferson  Runn,,-$9.87,$145.63,$159.28,H0628-461491,X-5253,N,,4971905
2024-09-09,2024-09-09,"#null, SAN CARLOS",1,0,0,775 7TH AVE,,-$48.88,-$11.48,-$12.55,H0628-460502,X-5253,N,,4362740
2024-09-09,2024-09-09,"#null, SAN CARLOS",EQUITY TRACK ACCOUNTING DEPT,0,0,775 seven th,,$0.00,-$3.77,-$4.16,H1007-437225,X-2019,N,,4362732
2024-09-09,2024-09-09,"#null, SAN CARLOS",1,0,0,775 7th Ave: acc,,-$20.75,-$3.58,-$3.92,H0628-458220,"X-2019, X-5253",N,,4362730
2024-09-09,2024-09-09,"#null, SAN CARLOS",1,0,0,775 7th Ave: acc,,-$20.75,-$3.58,-$3.92,H0628-458220,"X-2019, X-5253",N,,4362739
2024-09-09,2024-09-09,"#null, SAN CARLOS",EQUITY TRACK ACCOUNTING DEPT,0,0,775 seven th,,-$80.65,-$4.52,-$4.95,H0628-457549,X-2019,N,,4362735
2024-09-07,2024-09-07,"#1007, OAKLAND",EQUITY TRACK ACCOUNTING DEPT,696,21,.,,-$0.09,-$38.41,-$42.34,,X-2200,N,,
2024-09-07,2024-09-07,"#1007, OAKLAND",EQUITY TRACK ACCOUNTING DEPT,4538,4,0,,-$1.14,$31.94,$35.19,,X-2200,N,,
2024-09-07,2024-09-07,"#1848, EL CAJON",EQUITY TRACK ACCOUNTING DEPT,6771,53,,,$0.00,$61.57,$66.65,,X-1766,N,,6532143
2024-09-06,2024-09-06,"#1007, OAKLAND",EQUITY TRACK ACCOUNTING DEPT,8856,1,.,,-$1.50,$71.56,$78.89,,X-2200,N,,
2024-09-06,2024-09-06,"#null, SAN CARLOS",DIAZ JUAN M-1,0,0,2325 JEFFERSON ST,,-$60.63,$786.70,$860.31,H0628-461054,X-5253,N,,7971698
2024-09-06,2024-09-06,"#null, SAN CARLOS",DIAZ JUAN M-1,0,0,2325 JEFFERSON ST,,-$3.99,$61.91,$67.69,H0628-461118,X-5253,N,,7971732
2024-09-06,2024-09-06,"#null, SAN CARLOS",1,0,0,775 7TH AVENUE,,-$3.43,-$163.33,-$178.65,H0628-458448,X-5253,N,,7362718
2024-09-06,2024-09-06,"#null, SAN CARLOS",1,0,0,775 7TH AVE,,-$131.60,-$44.76,-$48.96,H0628-460808,X-5253,N,,7362717
2024-09-05,2024-09-05,"#0628, SAN CARLOS",1,7822,22,100PALM,,$0.00,-$379.00,-$414.53,,X-5253,N,,8223148
2024-09-05,2024-09-05,"#1007, OAKLAND",EQUITY TRACK ACCOUNTING DEPT,3348,34,_,,-$35.37,$152.60,$168.09,,X-2200,N,,
2024-09-05,2024-09-05,"#0628, SAN CARLOS",JUAN DIAZ-1,4207,90,775 7th ave,,$0.00,$1.00,$1.00,123014,X-5253,N,,8901685
2024-09-05,2024-09-05,"#0628, SAN CARLOS",EQUITY TRACK ACCOUNTING DEPT,4260,90,775 7th ave,,$0.00,$228.85,$247.51,123014,"X-XXXX, X-5253",N,,8901731
2024-09-05,2024-09-05,"#null, SAN CARLOS",DIAZ JUAN M-1,0,0,775 7th ave,,-$28.80,$127.50,$138.29,H0628-460935,X-5253,N,,8971626
2024-09-05,2024-09-05,"#null, SAN CARLOS",DIAZ JUAN M-1,0,0,775 seventh ave,,-$3.69,$56.46,$61.75,H0628-460884,X-5253,N,,8971601
2024-09-05,2024-09-05,"#null, SAN CARLOS",DIAZ JUAN M-1,0,0,775 7TH AVE,,-$131.60,$759.92,$831.16,H0628-460808,X-5253,N,,8971546
2024-09-05,2024-09-05,"#null, SAN CARLOS",DIAZ JUAN M-1,0,0,775 7th ave,,$0.00,$147.88,$161.74,H0628-460818,X-5253,N,,8971554
2024-09-04,2024-09-04,"#0628, SAN CARLOS",EQUITY TRACK ACCOUNTING DEPT,6639,40,2325 jefferson st,,-$3.97,$57.09,$62.44,,X-2762,N,,
2024-09-04,2024-09-04,"#0628, SAN CARLOS",EQUITY TRACK ACCOUNTING DEPT,7007,83,775 seven th,,-$23.20,$485.28,$530.77,,X-2019,N,,9833958
2024-09-04,2024-09-04,"#null, EMERYVILLE",EQUITY TRACK ACCOUNTING DEPT,0,0,2325 Jefferson A,,-$224.65,-$570.65,-$624.16,H0627-638872,X-1511,N,,9905469
2024-09-04,2024-09-04,"#null, SAN CARLOS",EQUITY TRACK ACCOUNTING DEPT,0,0,2325 jefferson neri,,-$4.00,$57.06,$62.41,H0628-460612,X-2762,N,,
2024-09-03,2024-09-03,"#null, SAN CARLOS",DIAZ JUAN M-1,0,0,2325 JEFFERSON AVE,,-$3.02,$46.29,$50.63,H0628-460500,X-5253,N,,0971386
2024-09-03,2024-09-03,"#null, SAN CARLOS",DIAZ JUAN M-1,0,0,775 7TH AVE,,-$48.88,$485.13,$530.41,H0628-460502,X-5253,N,,0971387
2024-09-03,2024-09-03,"#null, SAN CARLOS",DIAZ JUAN M-1,0,0,2325 jefferson ave,,-$9.00,$100.66,$110.10,H0628-460394,X-5253,N,,0971327
2024-09-03,2024-09-04,"#null, FAIRFIELD, CA",1,0,0,775 7TH ST RWC,,-$8.67,-$14.86,-$16.11,H0637-281129,X-5253,N,,0194008
2024-09-03,2024-09-03,"#null, FAIRFIELD, CA",DIAZ JUAN M-1,0,0,1343 Canterbury driv,,-$8.67,$142.93,$154.38,H0637-281129,X-5253,N,,0970526
2024-09-03,2024-09-04,"#null, FAIRFIELD, CA",1,0,0,1343 Canterbury,,-$7.70,-$14.86,-$16.39,H1007-493029,X-5253,N,,0194008
2024-09-03,2024-09-03,"#null, OAKLAND",EQUITY TRACK ACCOUNTING DEPT,0,0,1343 canterbury dr,,-$7.70,$160.15,$176.52,H1007-493029,X-1086,N,,0970891
2024-09-02,2024-09-02,"#null, SAN MATEO",DIAZ JUAN M-1,0,0,2325 jefferson st,,-$26.36,$590.05,$644.31,H0632-437674,X-5253,N,,1971370
2024-09-02,2024-09-03,"#null, SAN CARLOS",DIAZ JUAN M-1,0,0,2325 JEFFERSON,,-$27.25,$126.93,$138.77,H0628-460312,X-5253,N,,1971278
2024-08-31,2024-08-31,"#0628, SAN CARLOS",EQUITY TRACK ACCOUNTING DEPT,1132,3,2325 JEFFERSON ST,,-$11.96,"$1,240.10","$1,355.20",,X-2019,N,,3031270
2024-08-31,2024-08-31,"#0632, SAN MATEO",EQUITY TRACK ACCOUNTING DEPT,5357,38,2325 jefferson st,,-$1.96,$30.71,$33.67,,X-6134,N,,
2024-08-31,2024-09-01,"#null, SANTA ROSA",EQUITY TRACK ACCOUNTING DEPT,0,0,377 Occidentales cir,,-$3.58,$69.38,$75.80,H1379-361716,X-1086,N,,3975019
2024-08-31,2024-08-31,"#null, SAN MATEO",EQUITY TRACK ACCOUNTING DEPT,0,0,2325 jefferson st,,-$50.43,$531.21,$582.34,H0632-437437,X-8087,Y,,3971281
2024-08-30,2024-08-31,"#null, SAN CARLOS",DIAZ JUAN M-1,0,0,2325 jefferson,,-$128.30,"$1,098.57","$1,201.42",H0628-459966,X-5253,N,,4971156
2024-08-30,2024-08-30,"#null, FAIRFIELD, CA",DIAZ JUAN M-1,0,0,1343 Canterbury dr F,,-$10.73,$154.71,$167.67,H0637-280784,X-5253,N,,4970347
2024-08-30,2024-08-30,"#null, SAN CARLOS",DIAZ JUAN M-1,0,0,2325 Jeferson St,,-$34.93,$573.49,$627.17,H0628-459861,X-5253,N,,4971116
2024-08-29,2024-08-29,"#1379, SANTA ROSA",EQUITY TRACK ACCOUNTING DEPT,1214,62,377 occidental cir,,-$19.53,$220.51,$240.91,,X-2019,N,,5620377
2024-08-29,2024-08-29,"#null, SANTA ROSA",DIAZ JUAN M-1,0,0,377 Occidental Cr,,-$9.00,$113.65,$124.16,H1379-361440,X-5253,N,,5974892
2024-08-29,2024-08-29,"#null, SAN CARLOS",DIAZ JUAN M-1,0,0,2325 jefferson,,-$64.42,$427.36,$465.60,H0628-459682,X-5253,N,,5971004
2024-08-29,2024-08-29,"#null, FAIRFIELD, CA",DIAZ JUAN M-1,0,0,1343 CANTERBURY,,-$8.24,$101.32,$109.81,H0637-280639,X-5253,N,,5970267
2024-08-28,2024-08-28,"#1379, SANTA ROSA",EQUITY TRACK ACCOUNTING DEPT,5549,63,377 occidental circle,,-$7.30,$75.77,$82.77,,X-2019,N,,6635204
2024-08-28,2024-08-28,"#null, WINDSOR",DIAZ JUAN M-1,0,0,377 OCCIDENTAL CIR,,-$69.10,$733.99,$795.33,H6667-242259,X-5253,N,,6970118
2024-08-28,2024-08-28,"#null, SANTA ROSA",DIAZ JUAN M-1,0,0,1083 Palomino Rd,,-$7.04,$313.35,$342.33,H1379-361242,X-5253,N,,6974789
2024-08-27,2024-08-27,"#null, FAIRFIELD, CA",DIAZ JUAN M-1,0,0,1343 Canterbury Dr,,-$9.27,$76.27,$82.66,H0637-280324,X-5253,N,,7970082
2024-08-27,2024-08-27,"#null, SAN CARLOS",DIAZ JUAN M-1,0,0,2325 Jefferson Ave R,,-$30.72,$301.55,$329.82,H0628-459342,X-5253,N,,7970822
2024-08-27,2024-08-27,"#null, SAN CARLOS",DIAZ JUAN M-1,0,0,2325 Jefferson Ave,,-$40.11,$562.30,$612.58,H0628-459334,X-5253,N,,7970818
2024-08-27,2024-08-27,"#null, WINDSOR",EQUITY TRACK ACCOUNTING DEPT,0,0,377 occidential circ,,-$92.32,$769.32,$835.10,H6667-242141,X-7000,N,,7970066
2024-08-26,2024-08-26,"#0628, SAN CARLOS",DIAZ JUAN M-1,2185,80,100PALM,,$0.00,$404.97,$442.94,,X-5253,N,,8800151
2024-08-26,2024-08-26,"#null, SANTA ROSA",DIAZ JUAN M-1,0,0,juan,,-$2.06,$39.26,$42.86,H1379-360934,X-5253,N,,8974648
2024-08-26,2024-08-26,"#null, SAN CARLOS",DIAZ JUAN M-1,0,0,2325 JEFFERSON,,-$107.58,$922.54,"$1,007.73",H0628-459081,X-5253,N,,8970680
2024-08-24,2024-08-24,"#null, SAN CARLOS",DIAZ JUAN M-1,0,0,2325 JEFFERSON AVE,,-$28.02,$376.66,$411.78,H0628-458861,X-5253,N,,0970570
2024-08-23,2024-08-23,"#6667, WINDSOR",EQUITY TRACK ACCOUNTING DEPT,2605,19,1083 Palomino Ro,,$0.00,-$50.00,-$54.24,,X-2019,N,,1191269
2024-08-23,2024-08-23,"#null, SAN CARLOS",DIAZ JUAN M-1,0,0,2325 JEFFERSON AVE,,-$43.70,$976.31,"$1,067.62",H0628-458649,X-5253,N,,1970470
2024-08-23,2024-08-23,"#null, SANTA ROSA",DIAZ JUAN M-1,0,0,377 occidental santa,,-$109.20,$652.24,$710.99,H1379-360582,X-5253,N,,1974497
2024-08-23,2024-08-23,"#null, WINDSOR",DIAZ JUAN M-1,0,0,1083 palomino rd,,-$3.46,$18.08,$19.62,H6667-241869,X-5253,N,,1974944
2024-08-23,2024-08-23,"#null, SAN CARLOS",DIAZ JUAN M-1,0,0,775 7TH AVE RWC,,-$13.65,$345.63,$378.03,H0628-458739,X-5253,N,,1970523
2024-08-22,2024-08-22,"#0628, SAN CARLOS",DIAZ JUAN M-1,160,35,775 7TH AVE REDWOOD CITY,,$0.00,$12.97,$14.19,,X-5253,N,,2350012
2024-08-22,2024-08-22,"#6667, WINDSOR",EQUITY TRACK ACCOUNTING DEPT,2702,2,1083 palomino rd,,-$10.44,$166.90,$181.09,,X-2019,N,,2022314
2024-08-22,2024-08-22,"#null, SAN CARLOS",DIAZ JUAN M-1,0,0,775 7TH AVENUE,,-$3.43,$213.43,$233.44,H0628-458448,X-5253,N,,2970367
2024-08-22,2024-08-22,"#null, WINDSOR",EQUITY TRACK ACCOUNTING DEPT,0,0,1083 Palomino Rd,,-$13.37,$303.16,$328.93,H6667-241738,X-7000,N,,2974889
2024-08-22,2024-08-23,"#null, SAN CARLOS",DIAZ JUAN M-1,0,0,775 7TH AVE,,$0.00,$73.94,$80.87,H0628-458569,X-5253,N,,2970422
2024-08-21,2024-08-21,"#null, SAN CARLOS",DIAZ JUAN M-1,0,0,775 7th Ave: account,,-$20.75,$227.68,$247.22,H0628-458220,X-5253,N,,3970239
2024-08-21,2024-08-21,"#null, SAN LEANDRO",DIAZ JUAN M-1,0,0,377 Occidental Circl,,-$137.45,$830.40,$919.67,H0625-349610,X-5253,N,,3974551
2024-08-20,2024-08-20,"#6667, WINDSOR",EQUITY TRACK ACCOUNTING DEPT,6256,3,1083 Palomino Road,,-$36.11,$554.70,$599.08,,X-2019,N,,4032036
2024-08-20,2024-08-20,"#null, LANCASTER",DIAZ JUAN M-1,0,0,3252 DISCOVERY WAY,,-$0.24,$182.24,$182.24,H6651-419107,X-5253,N,,4971493
2024-08-20,2024-08-20,"#null, SAN CARLOS",DIAZ JUAN M-1,0,0,2325 JEFFERSON AVE,,-$42.38,"$1,059.42","$1,158.74",H0628-458046,X-5253,N,,4970108
2024-08-20,2024-08-20,"#null, ROHNERT PK",DIAZ JUAN M-1,0,0,377 occidental cir s,,-$342.24,"$1,744.29","$1,898.95",H0641-381099,X-5253,N,,4974745
2024-08-19,2024-08-19,"#null, SAN CARLOS",DIAZ JUAN M-1,0,0,775 7th ave rwc,,-$20.07,$292.65,$318.93,H0628-457815,X-5253,N,,5975005
2024-08-19,2024-08-19,online,EQUITY TRACK INC-1,0,0,377 Occidental Cir,,"-$1,356.38","$2,549.62","$2,785.46",WJ62611744,X-5253,N,,5901561
2024-08-19,2024-08-19,"#null, LANCASTER",DIAZ JUAN M-1,0,0,3252 Discovery Way,,-$11.07,$146.64,$161.67,H6651-418923,X-5253,N,,5971362
2024-08-19,,online,EQUITY TRACK ACCOUNTING DEPT,0,0,377 Occidental Cir,,-$14.32,$164.68,$180.12,WJ62611468,X-5253,N,,5443388
2024-08-19,2024-08-19,"#null, SAN CARLOS",DIAZ JUAN M-1,0,0,775 7TH AVE RWC,,-$31.46,$349.37,$382.12,H0628-457723,X-5253,N,,5974958
2024-08-18,2024-08-18,"#null, LANCASTER",DIAZ JUAN M-1,0,0,3252 discovery way,,-$13.36,$170.08,$187.51,H6651-418746,X-5253,N,,6971294
2024-08-17,2024-08-17,"#6667, WINDSOR",EQUITY TRACK ACCOUNTING DEPT,1196,62,1083 palomino rd,,-$35.61,$355.77,$386.01,,X-2019,N,,7620167
2024-08-17,2024-08-17,"#null, SAN CARLOS",1,0,0,775 7TH ST RWC,,-$26.01,-$32.82,-$35.90,H0628-456936,X-5253,N,,7221893
2024-08-17,2024-08-17,"#null, SAN CARLOS",1,0,0,775 7th Ave 510-,,-$680.44,-$6.32,-$6.91,H0628-454767,X-5253,N,,7221893
2024-08-17,2024-08-17,"#null, SAN CARLOS",1,0,0,331 Oak Valley D,,-$45.69,-$65.06,-$71.15,H0628-448452,X-5253,N,,7221893
2024-08-17,2024-08-17,"#null, SAN CARLOS",1,0,0,775 7th Ave 510-,,-$174.84,-$88.48,-$96.77,H0628-457327,X-5253,N,,7221893
2024-08-17,2024-08-17,"#null, LANCASTER",1,0,0,3252,,-$32.73,-$85.41,-$94.15,H6651-418639,X-5253,N,,7203164
2024-08-17,2024-08-17,"#null, LANCASTER",DIAZ JUAN M-1,0,0,3252,,-$32.73,$467.30,$515.14,H6651-418639,"X-5253, X-5253",N,,7971260
2024-08-17,2024-08-17,"#null, SAN CARLOS",1,0,0,775 7th Ave 510-,,-$164.27,-$33.16,-$36.27,H0628-455776,X-5253,N,,7221893
2024-08-17,2024-08-17,"#null, SAN CARLOS",1,0,0,775 7th Ave 510-,,-$141.98,-$3.34,-$3.65,H0628-448936,X-5253,N,,7221893
2024-08-17,2024-08-17,"#null, SAN CARLOS",1,0,0,775 7th Ave 510-,,-$6.99,-$10.98,-$12.01,H0628-454931,X-5253,N,,7221893
2024-08-17,2024-08-17,"#null, SAN CARLOS",1,0,0,775 7th Ave 510-,,-$15.61,-$12.30,-$13.46,H0628-456281,X-5253,N,,7221893
2024-08-17,2024-08-17,"#null, SAN CARLOS",DIAZ JUAN M-1,0,0,775 7th ave rwc,,-$80.65,$904.29,$989.07,H0628-457549,X-5253,N,,7974886
2024-08-17,2024-08-17,"#null, LANCASTER",DIAZ JUAN M-1,0,0,3253 Discovery Way,,-$10.26,$188.43,$207.11,H6651-418709,X-5253,N,,7971283
2024-08-16,2024-08-16,"#null, SAN CARLOS",DIAZ JUAN M-1,0,0,775 7th Ave 510-740-,,-$174.84,"$1,456.67","$1,589.31",H0628-457327,X-5253,N,,8974791
2024-08-16,2024-08-16,"#null, LANCASTER",DIAZ JUAN M-1,0,0,3252 Discovery Way,,-$36.00,$361.78,$398.82,H6651-418569,X-5253,N,,8971225
2024-08-15,2024-08-15,online,EQUITY TRACK INC-1,0,0,3252 Discovery,,-$676.44,$851.56,$921.81,WG68444505,X-5253,N,,9904646
2024-08-15,2024-08-15,"#null, LANCASTER",DIAZ JUAN M-1,0,0,3252 discovery way,,-$48.54,$331.21,$363.26,H6651-418357,X-5253,N,,9971104
2024-08-14,2024-08-14,"#null, SAN CARLOS",1,0,0,775 7TH ST RWC,,-$26.01,-$41.01,-$44.85,H0628-456936,X-5253,N,,0221700
2024-08-14,2024-08-14,"#null, SAN CARLOS",DIAZ JUAN M-1,0,0,775 7th ave,,-$26.01,$417.49,$456.63,H0628-456936,"X-5253, X-5253",N,,0974548
2024-08-14,2024-08-15,"#null, SAN CARLOS",1,0,0,775 7TH AVE RWC,,$0.00,-$85.00,-$92.97,H0628-455557,X-5253,N,,0210748
2024-08-14,,"#null, SAN CARLOS",EQUITY TRACK ACCOUNTING DEPT,0,0,775 7th Ave,,-$27.15,$258.33,$282.55,H0628-457014,X-5253,N,,0974584
2024-08-14,2024-08-14,"#null, SAN CARLOS",1,0,0,775 7th ave rwc,,-$47.73,-$299.86,-$328.72,H0632-431904,X-5253,N,,0221701
2024-08-14,2024-08-14,"#null, LANCASTER",DIAZ JUAN M-1,0,0,3252 discovery way,,-$411.73,"$2,076.79","$2,287.47",H6651-418055,X-5253,N,,0970939
2024-08-14,2024-08-14,"#null, SAN CARLOS",1,0,0,775 7TH AVE,,-$43.12,-$281.06,-$307.41,H0628-454471,X-5253,N,,0221702
2024-08-13,2024-08-14,"#null, OAKLAND",DIAZ JUAN M-1,0,0,1343 cantorbURY DRIV,,-$31.70,$520.53,$573.74,H1007-489610,X-5253,N,,1973740
2024-08-13,2024-08-13,"#null, LANCASTER",DIAZ JUAN M-1,0,0,2352 discovery way,,-$560.17,"$2,354.42","$2,593.36",H6651-417903,X-5253,N,,1970843
2024-08-13,2024-08-14,online,EQUITY TRACK INC-1,0,0,"3252 Discovery Way Rosamond, CA 93560",,-$853.01,"$1,753.99","$1,898.69",WM78662118,X-5253,N,,1904547
2024-08-13,2024-08-13,"#null, SANTA ROSA",DIAZ JUAN M-1,0,0,1083 PALOMINO RD,,-$53.50,"$1,784.73","$1,949.82",H1379-359323,X-5253,N,,1973862
2024-08-12,2024-08-12,"#null, SAN CARLOS",DIAZ JUAN M-1,0,0,775 7th ave rwc,,-$101.66,"$1,271.87","$1,390.53",H0628-456512,X-5253,N,,2974319
2024-08-12,2024-08-13,"#null, SAN CARLOS",DIAZ JUAN M-1,0,0,775 7TH ST RWC,,-$88.87,"$1,839.90","$2,011.17",H0628-456633,X-5253,N,,2974375
2024-08-10,2024-08-10,"#null, SAN CARLOS",DIAZ JUAN M-1,0,0,441 vera,,-$15.61,$450.11,$492.26,H0628-456281,X-5253,N,,4974221
2024-08-09,2024-08-09,"#1848, EL CAJON (R676)",EQUITY TRACK ACCOUNTING DEPT,9761,51,,,$0.00,$207.37,$224.46,,X-1766,N,,5513872
2024-08-09,2024-08-09,"#null, SAN CARLOS",DIAZ JUAN M-1,0,0,775 7th ave redwood,,-$33.65,$304.09,$332.54,H0628-456164,X-5253,N,,5974167
2024-08-09,2024-08-09,"#null, SAN CARLOS",1,0,0,775 7th ave rwc,,-$47.73,-$271.56,-$297.69,H0632-431904,X-5253,N,,5221396
2024-08-09,2024-08-09,"#null, YUBA CITY",DIAZ JUAN M-1,0,0,13734 Licha ln,,-$7.42,$288.83,$309.77,H1019-290271,X-5253,N,,5970873
2024-08-08,2024-08-08,"#6667, WINDSOR",EQUITY TRACK ACCOUNTING DEPT,6052,61,1083 palomino rd,,-$18.37,$394.88,$428.43,,X-2019,N,,6610679
2024-08-08,2024-08-08,"#null, E PALO ALTO",DIAZ JUAN M-1,0,0,775 7TH Ave,,-$49.34,$322.83,$352.75,H6603-383659,X-5253,N,,6973752
2024-08-07,2024-08-07,"#6667, WINDSOR",EQUITY TRACK ACCOUNTING DEPT,1047,2,1083 palomino rd,,-$94.42,"$1,405.60","$1,525.05",,X-2019,N,,7021647
2024-08-07,2024-08-07,"#null, SAN CARLOS",DIAZ JUAN M-1,0,0,2325 JEFFERSON AVE,,-$164.27,"$2,037.51","$2,228.53",H0628-455776,X-5253,N,,7973923
2024-08-07,2024-08-07,"#null, SAN MATEO",DIAZ JUAN M-1,0,0,"775 7th ave , RWC",,-$139.00,"$1,423.22","$1,560.20",H0632-433289,X-5253,N,,7974134
2024-08-06,2024-08-06,"#0628, SAN CARLOS",1,996,20,775 7th ave,,-$85.59,-$465.96,-$510.39,,"X-6852, X-2001, X-1511, X-5004, X-5253, X-XXXX",N,,8203021
2024-08-06,2024-08-06,"#0628, SAN CARLOS",EQUITY TRACK ACCOUNTING DEPT,6848,21,2325 JEFFERSON S,,-$33.40,-$285.64,-$312.39,,"X-6852, X-1511, X-5004, X-5253",N,,8210282
2024-08-06,2024-08-06,"#null, SAN CARLOS",1,0,0,441 VERA AVE,,-$28.98,-$0.93,-$1.02,H0628-453402,X-5253,N,,8203021
2024-08-06,2024-08-06,"#null, SAN CARLOS",EQUITY TRACK ACCOUNTING DEPT,0,0,441 VERA AVE,,-$28.98,-$0.93,-$1.02,H0628-453402,X-1511,N,,8210282
2024-08-06,2024-08-06,"#null, SAN CARLOS",1,0,0,441 VERA AVE,,-$28.98,-$4.02,-$4.39,H0628-453402,X-5253,N,,8210287
2024-08-06,2024-08-06,"#null, SAN CARLOS",EQUITY TRACK ACCOUNTING DEPT,0,0,2325 JEFFERSON S,,$0.00,-$18.42,-$20.09,H0662-263668,X-1511,N,,8210282
2024-08-06,2024-08-06,"#null, SAN CARLOS",1,0,0,775 7th AVE RWC,,-$77.71,-$51.18,-$55.98,H0628-450707,X-5253,N,,8203021
2024-08-06,2024-08-06,"#null, SAN CARLOS",EQUITY TRACK ACCOUNTING DEPT,0,0,775 7th AVE RWC,,-$77.71,-$32.84,-$35.93,H0628-450707,X-1511,N,,8210282
2024-08-06,2024-08-06,"#null, SAN CARLOS",EQUITY TRACK ACCOUNTING DEPT,0,0,449 VERA REDWOOD,,-$65.85,-$25.48,-$27.87,H0628-435950,X-6852,N,,8210288
2024-08-06,2024-08-06,"#null, SAN CARLOS",EQUITY TRACK ACCOUNTING DEPT,0,0,449 VERA REDWOOD,,-$65.85,-$25.48,-$27.87,H0628-435950,X-6852,N,,8210282
2024-08-06,2024-08-06,"#null, SAN CARLOS",1,0,0,775 7th ave,,-$277.33,-$24.14,-$26.53,H6603-383252,X-5253,N,,8203021
2024-08-06,2024-08-06,"#null, SAN CARLOS",DIAZ JUAN M-1,0,0,775 7TH AVE RWC,,$0.00,$170.00,$185.94,H0628-455557,X-5253,N,,8973809
2024-08-06,2024-08-06,"#null, SAN CARLOS",1,0,0,775 7th ave,,-$118.48,-$15.96,-$17.46,H0628-444476,X-5253,N,,8203021
2024-08-06,2024-08-06,"#null, SAN CARLOS",1,0,0,775 7th ave,,-$7.20,-$19.91,-$21.78,H0628-450050,X-5253,N,,8203021
2024-08-06,2024-08-06,"#null, SAN CARLOS",EQUITY TRACK ACCOUNTING DEPT,0,0,2325 JEFFERSON S,,-$212.12,-$12.53,-$13.70,H0628-450047,X-1511,N,,8210282
2024-08-06,2024-08-06,"#null, SAN CARLOS",1,0,0,775 7TH ST RWC,,-$6.95,-$56.10,-$61.36,H0628-453503,X-5253,N,,8203021
2024-08-06,2024-08-06,"#null, SAN CARLOS",EQUITY TRACK ACCOUNTING DEPT,0,0,775 7TH ST RWC,,-$6.95,-$29.59,-$32.35,H0628-453503,X-1511,N,,8210282
2024-08-06,2024-08-06,"#null, SAN CARLOS",1,0,0,2325 JEFFERSON S,,-$54.53,-$1.04,-$1.14,H0628-444592,X-5253,N,,8203021
2024-08-06,2024-08-06,"#null, SAN CARLOS",EQUITY TRACK ACCOUNTING DEPT,0,0,2325 JEFFERSON S,,-$54.53,-$22.15,-$24.23,H0628-444592,X-1511,N,,8210282
2024-08-06,2024-08-06,"#null, SAN CARLOS",1,0,0,775 7th ave,,-$438.96,-$116.79,-$128.32,H6603-367482,X-5253,N,,8203021
2024-08-06,2024-08-06,"#null, SAN CARLOS",1,0,0,775 7th ave,,-$103.78,-$20.72,-$22.67,H0628-444766,X-5253,N,,8203021
2024-08-06,2024-08-06,"#null, SAN CARLOS",1,0,0,775 7th ave,,-$77.26,-$46.77,-$51.16,H0628-454572,X-5253,N,,8203021
2024-08-06,2024-08-06,"#null, SAN CARLOS",EQUITY TRACK ACCOUNTING DEPT,0,0,2325 JEFFERSON S,,-$6.79,-$4.69,-$5.13,H0628-447378,X-1511,N,,8210282
2024-08-06,2024-08-06,"#null, SAN CARLOS",EQUITY TRACK ACCOUNTING DEPT,0,0,775 7th Ave 510-,,-$6.99,-$10.98,-$12.01,H0628-454931,X-1511,N,,8210282
2024-08-06,2024-08-06,"#null, SAN CARLOS",1,0,0,775 7th ave,,-$7.65,-$17.86,-$19.54,H0628-453643,X-5253,N,,8203021
2024-08-06,2024-08-06,"#null, SAN CARLOS",EQUITY TRACK ACCOUNTING DEPT,0,0,2325 JEFFERSON S,,-$662.22,-$56.09,-$61.35,H0628-448696,X-1511,N,,8210282
2024-08-06,2024-08-06,"#null, SAN CARLOS",1,0,0,775 7th ave,,-$75.95,-$4.90,-$5.35,H0628-455383,X-5253,N,,8203021
2024-08-06,2024-08-06,"#null, SAN CARLOS",1,0,0,775 7th ave,,-$49.84,-$16.37,-$17.90,H0628-441356,X-5253,N,,8203021
2024-08-06,2024-08-06,"#null, SAN MATEO",DIAZ JUAN M-1,0,0,775 7th ave redwood,,-$128.06,"$1,052.64","$1,153.44",H0632-432967,X-5253,N,,8973953
2024-08-06,2024-08-06,"#null, SAN CARLOS",1,0,0,445 vera ave,,-$151.19,-$516.18,-$564.57,H0628-448339,"X-5253, X-5253",N,,8221269
2024-08-06,2024-08-06,"#null, SAN CARLOS",1,0,0,445 vera ave,,-$151.19,-$516.18,-$564.57,H0628-448339,"X-5253, X-5253",N,,8174955
2024-08-06,2024-08-06,"#null, SAN CARLOS",1,0,0,775 7th ave,,-$95.08,-$13.00,-$14.22,H0628-451088,X-5253,N,,8203021
2024-08-06,2024-08-06,"#null, SAN CARLOS",1,0,0,775 7th ave,,-$45.32,-$26.79,-$29.30,H1009-339508,X-5253,N,,8203021
2024-08-05,2024-08-05,online,EQUITY TRACK INC-1,0,0,775 7th Ave Redwood City,,-$771.41,"$2,305.59","$2,533.27",WG67720055,X-5253,N,,9903880
2024-08-05,2024-08-05,"#null, E PALO ALTO",DIAZ JUAN M-1,0,0,775 7th ave,,-$277.33,"$1,310.69","$1,439.46",H6603-383252,X-5253,N,,9973498
2024-08-05,2024-08-06,"#null, SAN CARLOS",DIAZ JUAN M-1,0,0,775 7TH AVE REDWOOD,,-$15.80,$248.78,$271.87,H0628-455388,X-5253,N,,9973696
2024-08-05,2024-08-05,"#null, SAN CARLOS",DIAZ JUAN M-1,0,0,2325 jefferson ave,,-$75.95,$857.23,$933.49,H0628-455383,X-5253,N,,9973695
2024-08-03,2024-08-03,"#null, E PALO ALTO",DIAZ JUAN M-1,0,0,775 7th ave,,-$273.36,"$1,400.77","$1,537.30",H6603-383007,X-5253,N,,1973389
2024-08-03,2024-08-03,"#null, E PALO ALTO",DIAZ JUAN M-1,0,0,775 Seventh Ave,,-$205.99,$842.49,$924.95,H6603-383028,X-5253,N,,1973395
2024-08-02,2024-08-02,"#null, SAN MATEO",DIAZ JUAN M-1,0,0,"775 7th ave , RWC",,-$143.06,"$1,185.37","$1,298.10",H0632-432388,X-5253,N,,2973654
2024-08-02,2024-08-02,"#null, WINDSOR",DIAZ JUAN M-1,0,0,1083 Palomino Rd,,-$32.80,$133.70,$144.84,H6667-240044,X-5253,N,,2974179
2024-08-02,2024-08-02,"#null, SAN CARLOS",DIAZ JUAN M-1,0,0,2325 JEFFERSON AVE,,-$6.99,$224.63,$245.69,H0628-454931,X-5253,N,,2973492
2024-08-02,2024-08-02,"#null, SAN CARLOS",DIAZ JUAN M-1,0,0,2325 jefferson ave,,-$242.34,"$1,111.07","$1,214.19",H0628-455028,X-5253,N,,2973551
2024-08-01,2024-08-01,"#1379, SANTA ROSA",EQUITY TRACK ACCOUNTING DEPT,6767,60,1083 PALOMINO RD,,-$3.28,$122.87,$132.52,,X-2019,N,,3602875
2024-08-01,2024-08-01,"#null, SAN CARLOS",DIAZ JUAN M-1,0,0,100 Palm Ave,,-$5.12,$41.54,$45.43,H0628-454751,X-5253,N,,3973368
2024-08-01,2024-08-01,"#null, SAN CARLOS",DIAZ JUAN M-1,0,0,775 7TH REDWOOD CITY,,-$680.44,"$4,167.70","$4,558.35",H0628-454767,X-5253,N,,3973387
2024-08-01,2024-08-02,"#null, SAN CARLOS",EQUITY TRACK ACCOUNTING DEPT,0,0,775 7th ave REDWOOD,,-$372.62,"$2,286.68","$2,501.06",H0628-454886,X-7000,N,,3973457
2024-07-31,2024-07-31,"#6667, WINDSOR",EQUITY TRACK ACCOUNTING DEPT,7329,36,1083 PALOMINO RD,,-$7.50,$42.50,$46.11,,X-2019,N,,4362891
2024-07-31,2024-07-31,online,EQUITY TRACK INC-1,0,0,2325 Jefferson,,"-$1,440.22","$2,665.78","$2,929.03",WM77462770,X-5253,N,,4903430
2024-07-31,2024-07-31,"#null, SAN CARLOS",DIAZ JUAN M-1,0,0,2325 JEFFERSON AVE,,-$77.26,"$1,198.76","$1,308.50",H0628-454572,X-5253,N,,4973267
2024-07-31,2024-07-31,"#null, WINDSOR",DIAZ JUAN M-1,0,0,1083 palomino rd,,-$160.16,$665.21,$721.53,H6667-239832,X-5253,N,,4974082
2024-07-31,2024-08-01,"#null, WINDSOR",EQUITY TRACK ACCOUNTING DEPT,0,0,1083 Palomino Rd,,-$584.14,"$3,529.85","$3,829.65",H6667-239893,X-2019,N,,4974112
2024-07-31,2024-07-31,"#null, FAIRFIELD, CA",DIAZ JUAN M-1,0,0,554 SANDEMAS,,-$1.53,$34.34,$37.20,H0637-277746,X-5253,N,,4973735
2024-07-30,2024-07-30,"#6667, WINDSOR",EQUITY TRACK ACCOUNTING DEPT,7260,36,0,,-$0.47,$178.83,$194.02,,X-2762,N,,
2024-07-30,2024-07-30,"#null, WINDSOR",DIAZ JUAN M-1,0,0,1083 Palomino Rd.,,-$47.34,$282.57,$301.70,H6667-239698,X-5253,N,,5974015
2024-07-30,2024-07-30,"#null, SAN MATEO",DIAZ JUAN M-1,0,0,775 7th ave rwc,,-$47.73,"$1,093.45","$1,198.69",H0632-431904,X-5253,N,,5973340
2024-07-30,2024-07-30,"#null, SAN CARLOS",DIAZ JUAN M-1,0,0,775 7TH AVE,,-$43.12,$776.94,$849.78,H0628-454471,X-5253,N,,5973208
2024-07-30,2024-07-30,"#null, WINDSOR",DIAZ JUAN M-1,0,0,1083. Palomino Rd,,-$32.69,$423.74,$459.75,H6667-239773,X-5253,N,,5974045
2024-07-30,2024-07-30,"#null, WINDSOR",DIAZ JUAN M-1,0,0,1083 Palomino Rd,,-$3.00,$43.59,$47.30,H6667-239783,X-5253,N,,5974050
2024-07-29,2024-07-29,"#null, WINDSOR",DIAZ JUAN M-1,0,0,1083 palomino rd,,-$262.80,"$1,090.03","$1,181.92",H6667-239573,X-5253,N,,6973950
2024-07-29,2024-07-29,"#null, SAN CARLOS",DIAZ JUAN M-1,0,0,100 PALM AVE SAN CAR,,-$2.84,$285.84,$312.64,H0628-454205,X-5253,N,,6973038
2024-07-29,2024-07-29,"#null, SAN CARLOS",DIAZ JUAN M-1,0,0,2325 jefferson st,,-$112.64,$925.88,"$1,012.58",H0628-454206,X-5253,N,,6973037
2024-07-28,2024-07-28,"#0628, SAN CARLOS",EQUITY TRACK ACCOUNTING DEPT,2343,22,775 7th Ave Redwood City,,-$52.86,$775.99,$848.74,,X-5021,N,,7220651
2024-07-28,2024-07-28,"#0628, SAN CARLOS",DIAZ JUAN M-1,284,53,PECUNIARY2@GMAIL.COM,,$0.00,$319.60,$349.56,,X-5253,N,,7530052
2024-07-27,2024-07-27,"#null, SAN CARLOS",DIAZ JUAN M-1,0,0,441 vera ave,,-$27.42,$169.56,$185.46,H0628-453966,X-5253,N,,8972944
2024-07-27,2024-07-27,"#null, WINDSOR",DIAZ JUAN M-1,0,0,1083 palomino rd,,-$205.20,$917.04,$994.24,H6667-239489,X-5253,N,,8973920
2024-07-27,2024-07-27,"#null, WINDSOR",DIAZ JUAN M-1,0,0,1083 palomina rd,,-$169.41,$983.14,"$1,065.15",H6667-239483,X-5253,N,,8973916
2024-07-27,2024-07-27,"#null, FAIRFIELD, CA",DIAZ JUAN M-1,0,0,1343 Canterbury Dr,,-$4.86,$67.07,$72.69,H0637-277348,X-5253,N,,8973514
2024-07-26,2024-07-26,"#null, FAIRFIELD, CA",DIAZ JUAN M-1,0,0,1343 canterbury,,-$17.74,$248.77,$269.53,H0637-277266,X-5253,N,,9973474
2024-07-25,2024-07-25,"#0628, SAN CARLOS",EQUITY TRACK ACCOUNTING DEPT,3747,38,,,$0.00,$74.95,$81.98,,"X-7688, X-2498, X-2762",N,,
2024-07-25,2024-07-25,"#null, SAN CARLOS",DIAZ JUAN M-1,0,0,449 vera,,$0.00,$221.82,$242.62,H0628-453572,X-5253,N,,0972727
2024-07-25,2024-07-25,"#null, FAIRFIELD, CA",DIAZ JUAN M-1,0,0,554 San Dimas,,-$3.85,$110.88,$120.14,H0637-277143,X-5253,N,,0973393
2024-07-25,2024-07-25,"#null, SAN CARLOS",DIAZ JUAN M-1,0,0,441 Vera Ave,,-$7.65,$124.39,$136.03,H0628-453643,X-5253,N,,0972793
2024-07-24,2024-07-24,"#null, SAN CARLOS",DIAZ JUAN M-1,0,0,441 beta,,-$5.75,$107.09,$117.13,H0628-453461,X-5253,N,,1972646
2024-07-24,2024-07-24,"#null, SAN CARLOS",DIAZ JUAN M-1,0,0,441 vera ave,,-$28.98,$608.37,$665.40,H0628-453402,X-5253,N,,1972606
2024-07-24,2024-07-25,"#null, SAN CARLOS",DIAZ JUAN M-1,0,0,441 VERA AVE,,-$6.95,$319.55,$349.51,H0628-453503,X-5253,N,,1972678
2024-07-24,2024-07-24,"#null, FAIRFIELD, CA",DIAZ JUAN M-1,0,0,1343 canterbury,,-$1.84,$33.36,$36.15,H0637-277010,X-5253,N,,1973308
2024-07-23,2024-07-23,"#null, FAIRFIELD, CA",DIAZ JUAN M-1,0,0,1343 CANTERBURY DRIV,,-$39.79,$386.51,$418.88,H0637-276884,X-5253,N,,2973232
2024-07-23,2024-07-23,"#null, HAYWARD",DIAZ JUAN M-1,0,0,2325 Jefferson St,,-$131.00,$979.96,"$1,084.86",H1017-354588,X-5253,N,,2970405
2024-07-23,2024-07-23,"#null, SAN CARLOS",DIAZ JUAN M-1,0,0,441 VERA,,-$23.47,$243.86,$266.72,H0628-453211,X-5253,N,,2972485
2024-07-23,2024-07-23,"#null, SAN CARLOS",DIAZ JUAN M-1,0,0,2325 JEFFERSON ST,,-$47.04,$597.01,$652.68,H0628-453136,X-5253,N,,2972438
2024-07-22,2024-07-22,"#null, SAN CARLOS",DIAZ JUAN M-1,0,0,2325 jefferson st,,-$2.50,$123.08,$128.83,H0628-452937,X-5253,N,,3972326
2024-07-22,2024-07-22,"#null, SAN CARLOS",DIAZ JUAN M-1,0,0,441 vera ave,,-$15.10,$107.38,$117.45,H0628-452934,X-5253,N,,3972323
2024-07-20,2024-07-20,"#0628, SAN CARLOS",EQUITY TRACK ACCOUNTING DEPT,1251,3,441 VERA AVE,,-$38.82,$219.97,$240.59,,X-2019,N,,5032264
2024-07-20,2024-07-20,"#null, FAIRFIELD, CA",EQUITY TRACK ACCOUNTING DEPT,0,0,1343 Canterbury Dr,,-$3.96,$106.03,$114.91,H0637-276671,X-1086,N,,5973125
2024-07-20,2024-07-20,"#null, SAN CARLOS",EQUITY TRACK ACCOUNTING DEPT,0,0,441 vera ave,,-$114.53,$653.90,$715.20,H0628-452661,X-2019,N,,5972226
2024-07-20,2024-07-20,"#null, SAN CARLOS",EQUITY TRACK ACCOUNTING DEPT,0,0,449 vera,,-$33.33,$214.01,$234.07,H0628-452739,X-2019,N,,5972255
2024-07-19,2024-07-19,"#null, SAN CARLOS",DIAZ JUAN M-1,0,0,441 VERA AVE,,-$23.68,$266.12,$291.07,H0628-452622,X-5253,N,,6972210
2024-07-19,2024-07-19,"#null, FAIRFIELD, CA",DIAZ JUAN M-1,0,0,1343 CANTERBURY FAIR,,-$27.37,$153.15,$164.83,H0637-276570,X-5253,N,,6973066
2024-07-19,2024-07-19,"#null, SAN CARLOS",EQUITY TRACK ACCOUNTING DEPT,0,0,441 vera ave,,-$0.95,$21.61,$23.64,H0628-452482,X-2498,N,,
2024-07-18,2024-07-18,"#null, SAN CARLOS",DIAZ JUAN M-1,0,0,441 vera ave,,-$49.72,$597.18,$653.17,H0628-452425,X-5253,N,,7972087
2024-07-18,2024-07-18,"#null, FAIRFIELD, CA",DIAZ JUAN M-1,0,0,1343 Canterbury dr,,-$27.65,$325.03,$352.25,H0637-276518,X-5253,N,,7973020
2024-07-17,2024-07-17,"#null, FAIRFIELD, CA",DIAZ JUAN M-1,0,0,1343 canterbury,,-$33.24,$492.01,$533.22,H0637-276343,X-5253,N,,8972929
2024-07-17,2024-07-17,"#null, SAN CARLOS",DIAZ JUAN M-1,0,0,441 vera ave,,-$158.24,$964.75,"$1,052.30",H0628-452098,X-5253,N,,8971885
2024-07-17,2024-07-17,"#null, SAN CARLOS",DIAZ JUAN M-1,0,0,441 VERA AVE,,-$86.00,"$1,286.77","$1,407.41",H0628-452240,X-5253,N,,8971976
2024-07-16,2024-07-16,"#null, FAIRFIELD, CA",DIAZ JUAN M-1,0,0,1343 CANTERBURY DRIV,,-$224.44,"$1,458.14","$1,579.69",H0637-276206,X-5253,N,,9972852
2024-07-16,2024-07-16,"#null, SAN CARLOS",DIAZ JUAN M-1,0,0,1684 HILL ROAD,,-$1.98,$33.92,$37.10,H0628-451915,X-5253,N,,9971778
2024-07-15,2024-07-15,"#null, SAN CARLOS",DIAZ JUAN M-1,0,0,159 ROCKRIDGE,,-$8.70,$94.20,$102.45,H0628-451697,X-5253,N,,0971676
2024-07-15,2024-07-15,"#null, SAN CARLOS",DIAZ JUAN M-1,0,0,441VERA AVE,,-$35.21,$543.14,$593.87,H0628-451824,X-5253,N,,0971742
2024-07-15,2024-07-15,"#null, FAIRFIELD, CA",DIAZ JUAN M-1,0,0,1343 Canterbury Dr,,-$42.78,$246.37,$265.91,H0637-276076,X-5253,N,,0972769
2024-07-13,2024-07-13,"#null, SAN RAFAEL",EQUITY TRACK ACCOUNTING DEPT,0,0,1684 Hill Rd Novato,,-$17.82,$219.48,$239.78,H0657-537925,X-2019,N,,2970171
2024-07-12,2024-07-12,"#0628, SAN CARLOS",EQUITY TRACK ACCOUNTING DEPT,7391,39,441 VERA,,$0.00,$100.00,$109.38,,X-2498,N,,
2024-07-12,2024-07-12,"#null, SAN CARLOS",DIAZ JUAN M-1,0,0,441 Vera Ave,,-$36.27,$347.12,$379.54,H0628-451368,X-5253,N,,3971509
2024-07-12,2024-07-12,"#null, SAN CARLOS",DIAZ JUAN M-1,0,0,159 RODGERIDGE,,$0.00,$17.94,$19.62,H0628-451427,X-5253,N,,3971544
2024-07-11,2024-07-11,"#null, FAIRFIELD, CA",DIAZ JUAN M-1,0,0,1314 CANTERBURY DRIV,,-$62.94,$686.24,$743.59,H0637-275800,X-5253,N,,4972619
2024-07-11,2024-07-11,online,EQUITY TRACK INC-1,0,0,1343 Canterbury,,$0.00,$0.00,$0.00,WM75689570,X-5253,N,,4903510
2024-07-11,2024-07-12,"#null, SAN RAFAEL",EQUITY TRACK ACCOUNTING DEPT,0,0,"1684 HILL RD NOVATO,",,-$14.19,$167.47,$182.96,H0657-537557,X-2019,N,,4975075
2024-07-10,2024-07-10,"#null, SAN RAFAEL",DIAZ JUAN M-1,0,0,1684 HILL RD SAN RAF,,-$3.06,$82.46,$88.94,H0657-537306,X-5253,N,,5974912
2024-07-10,2024-07-10,"#null, SAN CARLOS",DIAZ JUAN M-1,0,0,441 VERA,,-$95.08,"$1,131.31","$1,237.10",H0628-451088,X-5253,N,,5971332
2024-07-10,2024-07-10,"#null, FAIRFIELD, CA",DIAZ JUAN M-1,0,0,1343 CANTERBURY DRIV,,-$64.62,$639.52,$693.08,H0637-275656,X-5253,N,,5972545
2024-07-09,2024-07-09,"#null, FAIRFIELD, CA",DIAZ JUAN M-1,0,0,554 san dimas,,-$14.03,$176.36,$191.11,H0637-275438,X-5253,N,,6972395
2024-07-09,2024-07-09,"#null, SAN CARLOS",DIAZ JUAN M-1,0,0,441 VERA AVE,,-$38.85,$332.12,$363.26,H0628-450834,X-5253,N,,6971169
2024-07-08,2024-07-08,"#null, SAN MATEO",DIAZ JUAN M-1,0,0,2325 Jefferson,,-$28.00,$505.16,$553.78,H0632-428130,X-5253,N,,7971269
2024-07-08,2024-07-08,"#null, SAN CARLOS",DIAZ JUAN M-1,0,0,441 VERA AVE,,-$77.71,"$1,213.76","$1,322.30",H0628-450707,X-5253,N,,7971093
2024-07-07,2024-07-07,"#0628, SAN CARLOS",EQUITY TRACK ACCOUNTING DEPT,1026,1,441 VERA AVE,,-$9.65,$139.06,$152.10,,X-2019,N,,8011155
2024-07-06,2024-07-06,"#null, SAN CARLOS",EQUITY TRACK ACCOUNTING DEPT,0,0,441 vera ave,,-$7.39,$40.87,$44.70,H0628-450395,X-2019,N,,9970947
2024-07-06,2024-07-06,"#null, SAN CARLOS",EQUITY TRACK ACCOUNTING DEPT,0,0,159 rockridge rd,,$0.00,$73.86,$80.78,H0628-450394,X-2019,N,,9970946
2024-07-06,2024-07-06,"#null, SAN CARLOS",EQUITY TRACK ACCOUNTING DEPT,0,0,441 VERA AVE,,-$6.89,$150.37,$164.43,H0628-450348,X-2019,N,,9970915
2024-07-05,,online,EQUITY TRACK ACCOUNTING DEPT,0,0,554 San Dimas,,-$632.78,$995.22,"$1,078.57",WM75077125,X-5253,N,,0903239
2024-07-05,2024-07-05,"#null, FAIRFIELD, CA",EQUITY TRACK ACCOUNTING DEPT,0,0,554 San Dimas St,,-$43.70,$547.77,$593.22,H0637-275099,X-5004,N,,0972231
2024-07-05,2024-07-05,"#null, FAIRFIELD, CA",EQUITY TRACK ACCOUNTING DEPT,0,0,554 san Dimas St,,-$3.00,$56.94,$61.71,H0637-275104,X-5004,N,,0972233
2024-07-05,2024-07-05,"#null, SAN CARLOS",EQUITY TRACK ACCOUNTING DEPT,0,0,159 ROCKRIDGE,,-$18.15,$166.25,$181.84,H0628-450213,X-5004,N,,0970866
2024-07-04,2024-07-04,"#0628, SAN CARLOS",EQUITY TRACK ACCOUNTING DEPT,7261,39,441 VERA AVE,,-$1.13,$10.15,$11.10,,X-2498,N,,
2024-07-04,2024-07-04,"#null, FAIRFIELD, CA",EQUITY TRACK ACCOUNTING DEPT,0,0,3343 Canterbury,,$0.00,$477.60,$517.60,H0637-275038,X-5004,N,,1972203
2024-07-03,2024-07-03,"#null, FAIRFIELD, CA",EQUITY TRACK ACCOUNTING DEPT,0,0,1343 Canterberry Dr,,-$5.89,$136.06,$147.03,H0637-275021,X-5004,N,,2972195
2024-07-03,2024-07-04,"#null, SAN CARLOS",EQUITY TRACK ACCOUNTING DEPT,0,0,441 VERA AVE,,-$7.20,$117.91,$128.96,H0628-450050,X-5004,N,,2970784
2024-07-03,2024-07-04,"#null, SAN CARLOS",EQUITY TRACK ACCOUNTING DEPT,0,0,441 VERA AVE,,-$212.12,"$2,275.90","$2,488.61",H0628-450047,X-5004,N,,2970782
2024-07-03,2024-07-03,"#null, FAIRFIELD, CA",EQUITY TRACK ACCOUNTING DEPT,0,0,554 san dimas st,,-$65.31,$564.11,$610.65,H0637-274949,X-5004,N,,2972159
2024-07-03,,online,EQUITY TRACK ACCOUNTING DEPT,0,0,449 VERA,,"-$1,120.75","$2,352.25","$2,584.53",WJ58994166,X-5004,N,,
2024-07-02,2024-07-02,"#null, SAN CARLOS",EQUITY TRACK ACCOUNTING DEPT,0,0,Jefferson,,-$56.48,$420.68,$459.73,H0628-449725,X-5004,N,,3970601
2024-07-02,2024-07-02,"#null, SAN CARLOS",EQUITY TRACK ACCOUNTING DEPT,0,0,441 VERA AVE,,-$33.13,$547.37,$598.53,H0628-449764,X-5004,N,,3970622
2024-07-02,2024-07-02,"#null, FAIRFIELD, CA",EQUITY TRACK ACCOUNTING DEPT,0,0,1343 canterbury dr,,-$9.04,$108.29,$117.34,H0637-274908,X-5004,N,,3972129
2024-07-02,2024-07-02,"#null, FAIRFIELD, CA",EQUITY TRACK ACCOUNTING DEPT,0,0,554 San Dimas,,-$238.07,"$1,171.73","$1,269.38",H0637-274832,X-5004,N,,3972094
2024-07-01,2024-07-01,"#null, FAIRFIELD, CA",EQUITY TRACK ACCOUNTING DEPT,0,0,1343 CANTABURRY RD,,-$24.89,$145.28,$156.40,H0637-274687,X-5004,N,,4972034
2024-07-01,2024-07-01,"#null, SAN CARLOS",EQUITY TRACK ACCOUNTING DEPT,0,0,441 vera ave,,-$92.11,"$1,326.04","$1,450.29",H0628-449507,X-5004,N,,4970458
2024-07-01,2024-07-01,"#null, FAIRFIELD, CA",EQUITY TRACK ACCOUNTING DEPT,0,0,554 san dimas st,,-$4.56,$33.42,$36.22,H0637-274785,X-5004,N,,4972069
2024-06-30,2024-06-30,"#0628, SAN CARLOS",EQUITY TRACK ACCOUNTING DEPT,9230,1,441 VERA AVE,,-$337.32,"$2,095.81","$2,292.23",,X-2019,N,,5010369
2024-06-29,2024-06-29,"#0637, FAIRFIELD, CA",EQUITY TRACK ACCOUNTING DEPT,6969,8,,,$0.00,$8.98,$9.73,,X-1086,N,,6081276
2024-06-29,2024-06-29,"#null, SAN CARLOS",EQUITY TRACK ACCOUNTING DEPT,0,0,441 vera ave,,-$11.25,$141.44,$154.63,H0628-449379,X-2019,N,,6970402
2024-06-28,2024-06-29,online,EQUITY TRACK ACCOUNTING DEPT,0,0,449 vera,,-$6.45,$122.55,$134.65,WM74336135,X-5004,N,,6154472
2024-06-28,2024-06-29,online,EQUITY TRACK ACCOUNTING DEPT,0,0,449 vera,,"-$1,002.76","$1,544.24","$1,696.74",WM74336136,X-5004,N,,7900477
2024-06-28,2024-06-30,online,EQUITY TRACK ACCOUNTING DEPT,0,0,441 Vera,,-$161.61,$375.39,$412.46,WJ58582485,X-5004,N,,5155295
2024-06-28,,online,EQUITY TRACK ACCOUNTING DEPT,0,0,441 Vera,,"-$1,861.00","$3,852.00","$4,232.38",WJ58582486,X-5004,N,,
2024-06-28,2024-06-28,"#null, SAN CARLOS",EQUITY TRACK ACCOUNTING DEPT,0,0,441 vera ave,,-$111.93,"$1,064.12","$1,161.53",H0628-449284,X-5004,N,,7970358
2024-06-28,2024-06-28,"#null, SAN CARLOS",EQUITY TRACK ACCOUNTING DEPT,0,0,2325 jefferson ave,,-$95.59,"$1,068.00","$1,068.00",H0628-449205,X-5004,N,,7970311
2024-06-28,2024-06-28,"#null, SAN CARLOS",EQUITY TRACK ACCOUNTING DEPT,0,0,441 VERA AVE,,-$78.00,$316.50,$345.75,H0628-449256,X-5004,N,,7970339
2024-06-28,,online,EQUITY TRACK ACCOUNTING DEPT,0,0,441 vera,,-$501.97,"$1,163.03","$1,277.88",WM74334554,X-5004,N,,
2024-06-27,2024-06-27,"#null, SAN CARLOS",EQUITY TRACK ACCOUNTING DEPT,0,0,449 Vera Ave,,-$101.60,$899.21,$983.45,H0628-449039,X-5004,N,,8970205
2024-06-27,2024-06-27,"#null, FAIRFIELD, CA",EQUITY TRACK ACCOUNTING DEPT,0,0,1343 CANTERBURY DRIV,,-$40.74,$609.64,$660.44,H0637-274415,X-5004,N,,8971879
2024-06-26,2024-06-26,"#null, FAIRFIELD, CA",DIAZ JUAN M-1,0,0,1343 CANTERBURY DRIV,,-$51.90,$576.78,$624.93,H0637-274217,X-5253,N,,9971772
2024-06-26,2024-06-26,"#null, FAIRFIELD, CA",DIAZ JUAN M-1,0,0,1343 canterbury road,,-$182.20,$740.19,$801.67,H0637-274220,X-5253,N,,9971774
2024-06-26,,"#null, SAN CARLOS",EQUITY TRACK ACCOUNTING DEPT,0,0,1343 CANTERBURRY DR,,-$141.98,"$2,095.18","$2,291.05",H0628-448936,X-5253,N,,9970126
2024-06-26,,online,EQUITY TRACK ACCOUNTING DEPT,0,0,1343 Canterbury,,-$547.34,"$1,031.66","$1,102.99",WM74081098,X-5253,N,,9902753
2024-06-26,2024-06-26,online,EQUITY TRACK INC-1,0,0,1343 Canterbury Dr,,$0.00,$0.00,$0.00,WM74031805,X-5253,N,,9902722
2024-06-26,2024-06-26,"#null, SAN CARLOS",DIAZ JUAN M-1,0,0,441 VERA AVE,,-$48.34,$264.78,$289.60,H0628-448785,X-5253,N,,9970040
2024-06-25,2024-06-25,"#null, SAN CARLOS",DIAZ JUAN M-1,0,0,441 VERA AVE,,-$662.22,"$3,092.97","$3,379.97",H0628-448696,X-5253,N,,0974991
2024-06-25,2024-06-25,"#null, SAN CARLOS",DIAZ JUAN M-1,0,0,449 VERA AVE,,-$10.06,$107.55,$117.63,H0628-448698,X-5253,N,,0974992
2024-06-25,,online,EQUITY TRACK ACCOUNTING DEPT,0,0,1343 Canterbury,,$0.00,$0.00,-$0.00,WM72029919,X-5253,N,,
2024-06-25,2024-06-25,"#null, SAN CARLOS",DIAZ JUAN M-1,0,0,441 VERA,,-$5.01,$69.50,$76.02,H0628-448707,X-5253,N,,0974997
2024-06-24,2024-06-24,"#null, SAN CARLOS",EQUITY TRACK ACCOUNTING DEPT,0,0,449 vera ave,,-$114.99,"$1,091.44","$1,193.65",H0628-448463,X-5004,N,,1974865
2024-06-24,2024-06-24,"#null, SAN CARLOS",DIAZ JUAN M-1,0,0,441 VERA AVE DUPLEX,,-$45.69,$827.76,$905.36,H0628-448452,X-5253,N,,1974855
2024-06-24,2024-06-24,"#null, FAIRFIELD, CA",DIAZ JUAN M-1,0,0,1343 CANTERBURY  DR,,-$177.00,$709.30,$768.58,H0637-274030,X-5253,N,,1971666
2024-06-24,2024-06-24,"#null, SAN CARLOS",EQUITY TRACK ACCOUNTING DEPT,0,0,159 ROCKRIDGE,,-$129.90,-$42.30,-$46.27,H0628-445045,X-1511,N,,1362501
2024-06-24,2024-06-24,"#null, FAIRFIELD, CA",DIAZ JUAN M-1,0,0,1343 CANTERBURY DR F,,-$349.33,"$1,953.74","$2,116.51",H0637-273989,X-5253,N,,1971636
2024-06-24,2024-06-24,"#null, SAN CARLOS",DIAZ JUAN M-1,0,0,445 vera ave,,-$151.19,"$1,749.99","$1,914.05",H0628-448339,X-5253,N,,1974799
2024-06-22,2024-06-22,"#null, FAIRFIELD, CA",EQUITY TRACK ACCOUNTING DEPT,0,0,1343 Canterberry Dr,,-$78.82,$930.91,"$1,008.87",H0637-273887,X-5004,N,,3971587
2024-06-21,2024-06-21,"#null, HAYWARD",DIAZ JUAN M-1,0,0,441 vera,,-$23.52,$532.00,$588.84,H1017-350125,X-5253,N,,4972797
2024-06-21,2024-06-21,"#null, FAIRFIELD, CA",DIAZ JUAN M-1,0,0,1343 Canterbury Dr,,-$240.90,"$1,306.59","$1,415.27",H0637-273752,X-5253,N,,4971499
2024-06-21,2024-06-21,"#null, FAIRFIELD, CA",DIAZ JUAN M-1,0,0,1343 CANTERBURY DRIV,,-$38.05,$318.07,$343.66,H0637-273813,X-5253,N,,4971544
2024-06-20,2024-06-20,"#1043, VACAVILLE",EQUITY TRACK ACCOUNTING DEPT,4468,2,101 GEORGETOWN DR,,-$8.18,$137.77,$148.95,,X-2019,N,,5020828
2024-06-20,2024-06-20,"#null, FAIRFIELD, CA",DIAZ JUAN M-1,0,0,1343 canterbury dr,,-$6.00,$53.94,$58.46,H0637-273675,X-5253,N,,5971458
2024-06-20,2024-06-20,"#null, FAIRFIELD, CA",DIAZ JUAN M-1,0,0,1343 Canterbury,,-$1.90,$48.34,$51.34,H0637-273653,X-5253,N,,5971439
2024-06-20,2024-06-20,"#null, SAN MATEO",DIAZ JUAN M-1,0,0,441 Bera Avenue,,-$25.35,$748.41,$820.44,H0632-425388,X-5253,N,,5974983
2024-06-20,2024-06-20,"#null, SAN CARLOS",DIAZ JUAN M-1,0,0,441 vera,,-$88.44,$473.72,$517.85,H0628-447843,X-5253,N,,5974539
2024-06-19,2024-06-19,"#null, SAN CARLOS",EQUITY TRACK ACCOUNTING DEPT,0,0,441 VERA AVE,,-$101.18,$865.87,$946.55,H0628-447627,X-5004,N,,6974427
2024-06-18,2024-06-18,"#null, SAN CARLOS",EQUITY TRACK ACCOUNTING DEPT,0,0,2085 GREENWOOD,,-$9.56,-$10.55,-$11.53,H0628-439950,X-2001,N,,7362479
2024-06-18,2024-06-18,"#null, SAN CARLOS",EQUITY TRACK ACCOUNTING DEPT,0,0,2325 JEFFERSON S,,-$156.34,-$35.14,-$38.53,H0632-419904,X-1511,N,,7362482
2024-06-18,2024-06-18,"#null, SAN CARLOS",EQUITY TRACK ACCOUNTING DEPT,0,0,2325 JEFFERSON S,,-$115.00,-$9.82,-$10.74,H0628-443708,X-0475,N,,7362477
2024-06-18,2024-06-18,"#null, SAN CARLOS",EQUITY TRACK ACCOUNTING DEPT,0,0,159 ROCKRIDGE RD,,-$9.40,-$3.73,-$4.08,H0628-446762,X-5004,N,,7362476
2024-06-18,2024-06-18,"#null, SAN CARLOS",EQUITY TRACK ACCOUNTING DEPT,0,0,2325 JEFFERSON S,,-$41.48,-$16.12,-$17.63,H0628-443409,X-5004,N,,7362473
2024-06-18,2024-06-18,"#null, SAN CARLOS",EQUITY TRACK ACCOUNTING DEPT,0,0,2085 JEFFERSON AVE,,-$6.79,$457.10,$499.95,H0628-447378,X-5004,N,,7974302
2024-06-18,2024-06-18,"#null, SAN CARLOS",EQUITY TRACK ACCOUNTING DEPT,0,0,2085 GREENWOOD,,-$26.51,-$11.41,-$12.48,H0628-438482,X-2001,N,,7362481
2024-06-18,2024-06-18,"#null, SAN CARLOS",EQUITY TRACK ACCOUNTING DEPT,0,0,2085 GREENWOOD A,,-$17.72,-$61.36,-$67.10,H0628-440315,X-5021,N,,7362475
2024-06-18,2024-06-18,"#null, SAN CARLOS",EQUITY TRACK ACCOUNTING DEPT,0,0,449 vera ave,,-$40.49,$353.31,$384.12,H0628-447343,X-5004,N,,7974285
2024-06-18,2024-06-18,"#null, SAN CARLOS",EQUITY TRACK ACCOUNTING DEPT,0,0,159 ROCKRIDGE RD,,-$90.23,-$44.11,-$48.24,H0628-445513,X-5004,N,,7362474
2024-06-18,2024-06-18,"#null, SAN CARLOS",EQUITY TRACK ACCOUNTING DEPT,0,0,18115 LA VERNRE,,-$318.59,-$59.38,-$65.47,H1007-461948,X-2001,N,,7362478
2024-06-18,2024-06-18,"#null, SAN CARLOS",EQUITY TRACK ACCOUNTING DEPT,0,0,1782 WOODHAVEN W,,-$35.37,-$10.55,-$11.57,H0632-415218,X-2001,N,,7362480
2024-06-18,2024-06-18,"#null, SAN CARLOS",EQUITY TRACK ACCOUNTING DEPT,0,0,159 ROCKRIDGE,,-$43.60,-$14.38,-$15.73,H0628-445229,X-5004,N,,7362483
2024-06-17,2024-06-17,"#0628, SAN CARLOS",EQUITY TRACK ACCOUNTING DEPT,4866,36,2325 JEFFERSON S,,-$97.05,"-$1,058.10","-$1,156.37",,"X-6852, X-8087, X-2001, X-2019, X-1511, X-5004",N,,8362460
2024-06-17,2024-06-17,"#null, SAN CARLOS",EQUITY TRACK ACCOUNTING DEPT,0,0,5 oceanside way,,-$32.99,-$17.79,-$19.46,H0628-440110,X-5004,N,,8362460
2024-06-17,2024-06-18,"#null, SAN CARLOS",EQUITY TRACK ACCOUNTING DEPT,0,0,449 VERA AVE,,-$81.08,-$15.82,-$17.30,H0628-441029,X-2001,N,,8362466
2024-06-17,2024-06-18,"#null, SAN CARLOS",EQUITY TRACK ACCOUNTING DEPT,0,0,2325 jefferson ave,,-$1.92,-$58.98,-$64.51,H0628-443684,X-2001,N,,8362466
2024-06-17,2024-06-18,"#null, SAN CARLOS",EQUITY TRACK ACCOUNTING DEPT,0,0,491 Vera pk up by,,-$53.01,-$67.39,-$73.71,H0628-440560,X-2001,N,,8362466
2024-06-17,2024-06-18,"#null, SAN CARLOS",EQUITY TRACK ACCOUNTING DEPT,0,0,2325 jefferson a,,$0.00,-$35.96,-$39.83,H0625-339358,X-2001,N,,8362466
2024-06-17,2024-06-17,"#null, SAN CARLOS",EQUITY TRACK ACCOUNTING DEPT,0,0,449 vera ave,,-$31.08,-$41.60,-$41.60,H0628-439971,X-5004,N,,8362460
2024-06-17,2024-06-18,"#null, SAN CARLOS",EQUITY TRACK ACCOUNTING DEPT,0,0,449 vera ave,,-$31.08,-$26.97,-$26.97,H0628-439971,X-2001,N,,8362466
2024-06-17,2024-06-17,"#null, SAN CARLOS",EQUITY TRACK ACCOUNTING DEPT,0,0,441 VERA,,-$13.36,$227.84,$249.20,H0628-447114,X-5004,N,,8974196
2024-06-17,2024-06-17,"#null, SAN CARLOS",EQUITY TRACK ACCOUNTING DEPT,0,0,449 VERA REDWOOD,,-$65.85,-$101.80,-$111.34,H0628-435950,X-5004,N,,8362460
2024-06-17,2024-06-18,"#null, SAN CARLOS",EQUITY TRACK ACCOUNTING DEPT,0,0,449 VERA REDWOOD,,-$65.85,-$15.83,-$17.32,H0628-435950,X-2001,N,,8362466
2024-06-17,2024-06-17,"#null, SAN CARLOS",EQUITY TRACK ACCOUNTING DEPT,0,0,2325 Jefferson S,,-$314.84,-$92.12,-$100.76,H0628-442287,X-5004,N,,8362460
2024-06-17,2024-06-17,"#null, SAN CARLOS",EQUITY TRACK ACCOUNTING DEPT,0,0,2325 JEFFERSON,,-$34.91,-$3.44,-$3.75,H0628-436846,X-5004,N,,8362460
2024-06-17,2024-06-17,"#null, SAN CARLOS",EQUITY TRACK ACCOUNTING DEPT,0,0,2325 Jefferson S,,-$156.34,-$106.48,-$116.71,H0632-419904,X-5004,N,,8362460
2024-06-17,2024-06-17,"#null, SAN RAFAEL",EQUITY TRACK ACCOUNTING DEPT,0,0,1684 Hills Rd Novato,,-$172.52,$956.63,"$1,044.51",H0657-532114,X-5004,N,,8972337
2024-06-17,2024-06-18,"#null, SAN CARLOS",EQUITY TRACK ACCOUNTING DEPT,0,0,2325 jefferson a,,-$23.18,-$140.56,-$153.74,H0628-442847,X-2001,N,,8362466
2024-06-17,2024-06-18,"#null, SAN CARLOS",EQUITY TRACK ACCOUNTING DEPT,0,0,2325 JEFFERSON S,,-$115.00,-$17.58,-$19.23,H0628-443708,X-2001,N,,8362466
2024-06-17,2024-06-17,"#null, SAN CARLOS",EQUITY TRACK ACCOUNTING DEPT,0,0,159 rockridge,,-$129.90,-$80.40,-$87.94,H0628-445045,X-6852,N,,8362458
2024-06-17,2024-06-17,"#null, SAN CARLOS",EQUITY TRACK ACCOUNTING DEPT,0,0,2085 GREENWOOD A,,-$87.57,-$11.72,-$12.83,H0628-437438,X-5004,N,,8362460
2024-06-17,2024-06-17,"#null, SAN CARLOS",EQUITY TRACK ACCOUNTING DEPT,0,0,2325 Jefferson,,-$12.87,-$34.67,-$37.91,H0628-437448,X-5004,N,,8362460
2024-06-17,2024-06-17,"#null, SAN CARLOS",EQUITY TRACK ACCOUNTING DEPT,0,0,101 Gregory Town,,-$15.27,-$63.04,-$68.32,H0637-266913,X-6852,N,,8362458
2024-06-17,2024-06-17,"#null, SAN CARLOS",EQUITY TRACK ACCOUNTING DEPT,0,0,159 rockridge rd,,-$9.40,-$27.28,-$29.84,H0628-446762,X-5004,N,,8362460
2024-06-17,2024-06-18,"#null, SAN CARLOS",EQUITY TRACK ACCOUNTING DEPT,0,0,159 rockridge rd,,-$9.40,-$5.26,-$5.75,H0628-446762,X-2001,N,,8362466
2024-06-17,2024-06-18,"#null, SAN CARLOS",EQUITY TRACK ACCOUNTING DEPT,0,0,775 7th ave,,-$54.53,-$1.88,-$2.05,H0628-444592,X-2001,N,,8362466
2024-06-17,2024-06-17,"#null, SAN CARLOS",EQUITY TRACK ACCOUNTING DEPT,0,0,2325 Jefferson S,,-$41.48,-$392.35,-$429.14,H0628-443409,X-5004,N,,8362460
2024-06-17,2024-06-18,"#null, SAN CARLOS",EQUITY TRACK ACCOUNTING DEPT,0,0,2085 greenwood a,,-$17.72,-$184.08,-$201.33,H0628-440315,X-2001,N,,8362466
2024-06-17,2024-06-17,"#null, SAN CARLOS",EQUITY TRACK ACCOUNTING DEPT,0,0,2325 jefferson,,-$3.81,-$1.81,-$1.99,H0628-437160,X-5004,N,,8362460
2024-06-17,2024-06-17,"#null, SAN CARLOS",EQUITY TRACK ACCOUNTING DEPT,0,0,159 ROCKRIDGE RD,,-$90.23,-$31.83,-$34.82,H0628-445513,X-5004,N,,8362460
2024-06-17,2024-06-17,"#null, SAN CARLOS",EQUITY TRACK ACCOUNTING DEPT,0,0,2325 JEFFERSON ST,,-$43.31,$679.45,$740.65,H0628-447095,X-5004,N,,8974180
2024-06-17,2024-06-17,"#null, SAN CARLOS",EQUITY TRACK ACCOUNTING DEPT,0,0,2325 JEFFERSON,,-$7.50,$143.47,$156.79,H0628-447099,X-5004,N,,8974185
2024-06-17,2024-06-17,"#null, SAN CARLOS",EQUITY TRACK ACCOUNTING DEPT,0,0,2325 Jefferson S,,-$47.91,-$76.88,-$84.09,H0628-443979,X-5004,N,,8362460
2024-06-17,2024-06-17,"#null, SAN CARLOS",EQUITY TRACK ACCOUNTING DEPT,0,0,449 VERA AVE,,-$7.17,-$17.53,-$19.17,H0628-441347,X-5004,N,,8362460
2024-06-17,2024-06-17,"#null, SAN CARLOS",EQUITY TRACK ACCOUNTING DEPT,0,0,2325 Jefferson S,,-$32.33,-$7.02,-$7.67,H0628-444854,X-5004,N,,8362460
2024-06-17,2024-06-17,"#null, SAN CARLOS",EQUITY TRACK ACCOUNTING DEPT,0,0,2325 JEFFERSON,,-$24.00,-$43.31,-$47.37,H0628-436319,X-5004,N,,8362460
2024-06-17,2024-06-18,"#null, SAN CARLOS",EQUITY TRACK ACCOUNTING DEPT,0,0,2325 jefferson,,-$48.68,-$1.71,-$1.87,H0628-436323,X-2001,N,,8362466
2024-06-17,2024-06-17,"#null, SAN CARLOS",EQUITY TRACK ACCOUNTING DEPT,0,0,2325 jefferson,,-$48.68,-$1.71,-$1.87,H0628-436323,X-5004,N,,8362460
2024-06-17,2024-06-17,"#null, SAN CARLOS",EQUITY TRACK ACCOUNTING DEPT,0,0,2325 Jefferson S,,-$33.49,-$8.53,-$9.32,H0628-443455,X-5004,N,,8362460
2024-06-17,2024-06-17,"#null, SAN CARLOS",EQUITY TRACK ACCOUNTING DEPT,0,0,2085 GREENWOOD A,,$0.00,-$6.85,-$7.49,H1009-323154,X-5004,N,,8362460
2024-06-15,2024-06-15,"#null, SAN CARLOS",EQUITY TRACK ACCOUNTING DEPT,0,0,159 rockridge rd,,-$12.65,$147.30,$161.11,H0628-446914,X-5004,N,,0974102
2024-06-15,2024-06-15,"#null, SAN CARLOS",EQUITY TRACK ACCOUNTING DEPT,0,0,441 VERA AVE,,-$152.59,-$45.03,-$49.25,H0628-446913,"X-5004, X-5004",N,,0362455
2024-06-15,2024-06-15,"#null, SAN CARLOS",EQUITY TRACK ACCOUNTING DEPT,0,0,441 vera ave,,-$152.59,$847.91,$927.40,H0628-446913,X-5004,N,,0974101
2024-06-15,2024-06-15,"#null, SAN CARLOS",EQUITY TRACK ACCOUNTING DEPT,0,0,159 rockridge rd,,-$10.91,$472.99,$517.31,H0628-446931,X-5004,N,,0974107
2024-06-15,2024-06-15,"#null, SAN CARLOS",EQUITY TRACK ACCOUNTING DEPT,0,0,441 vera,,-$7.95,$45.03,$49.25,H0628-446927,X-5004,N,,0974105
2024-06-15,2024-06-15,"#null, SAN CARLOS",EQUITY TRACK ACCOUNTING DEPT,0,0,441 VERA,,-$114.59,"$1,245.56","$1,362.33",H0628-446951,X-5004,N,,0974114
2024-06-15,2024-06-15,"#null, SAN CARLOS",EQUITY TRACK ACCOUNTING DEPT,0,0,449 VERA AVE,,-$2.58,$212.18,$231.49,H0628-446894,X-5004,N,,0974090
2024-06-14,2024-06-14,"#0628, SAN CARLOS",EQUITY TRACK ACCOUNTING DEPT,4719,1,159 ROCKRIDGE RD,,-$12.40,$151.03,$165.19,,X-2019,N,,1015921
2024-06-14,2024-06-14,"#null, SAN CARLOS",EQUITY TRACK ACCOUNTING DEPT,0,0,159 rockridge rd,,-$9.40,$220.19,$239.66,H0628-446762,X-5004,N,,1974019
2024-06-13,2024-06-14,"#null, SAN CARLOS",EQUITY TRACK ACCOUNTING DEPT,0,0,159 ROCKRIDGE RD,,-$7.09,$60.92,$66.63,H0628-446685,X-5004,N,,2973968
2024-06-13,2024-06-13,"#null, SAN LEANDRO",EQUITY TRACK ACCOUNTING DEPT,0,0,158 Rockridge Dr,,-$12.92,$130.04,$144.02,H0625-340788,X-5004,N,,2974422
2024-06-13,2024-06-13,"#null, SAN LEANDRO",EQUITY TRACK ACCOUNTING DEPT,0,0,159 rockridge dr,,-$20.00,$179.60,$198.91,H0625-339775,X-5004,N,,2974413
2024-06-13,2024-06-13,"#null, SAN CARLOS",EQUITY TRACK ACCOUNTING DEPT,0,0,159 ROCKRIDGE,,-$8.02,$62.41,$68.26,H0628-446668,X-5004,N,,2973961
2024-06-13,2024-06-13,"#null, SAN CARLOS",EQUITY TRACK ACCOUNTING DEPT,0,0,449 VERA AVE,,-$90.18,$420.02,$459.28,H0628-446580,X-5004,N,,2973906
2024-06-12,2024-06-12,"#null, SAN CARLOS",EQUITY TRACK ACCOUNTING DEPT,0,0,449 VERA,,-$469.83,"$2,215.06","$2,419.86",H0628-445366,X-0475,N,,3973764
2024-06-12,2024-06-12,"#null, SAN CARLOS",EQUITY TRACK ACCOUNTING DEPT,0,0,159 ROCKRIDGE,,-$83.15,$652.95,$714.16,H0628-445429,X-0475,N,,3973809
2024-06-12,2024-06-12,"#null, SAN CARLOS",EQUITY TRACK ACCOUNTING DEPT,0,0,159 ROCKRIDGE RD NER,,-$16.00,$297.50,$325.39,H0628-445466,X-5004,N,,3973833
2024-06-12,2024-06-13,"#null, SAN CARLOS",EQUITY TRACK ACCOUNTING DEPT,0,0,159 ROCKRIDGE RD,,-$90.23,"$1,684.71","$1,842.61",H0628-445513,X-5004,N,,3973862
2024-06-11,2024-06-11,"#null, SAN CARLOS",EQUITY TRACK ACCOUNTING DEPT,0,0,159 ROCKRIDGE,,-$43.60,$363.47,$397.28,H0628-445229,X-5004,N,,4973675
2024-06-10,2024-06-10,"#0632, SAN MATEO",EQUITY TRACK ACCOUNTING DEPT,6383,53,159ROCKRIGE,,-$64.00,$363.00,$397.60,,X-2019,N,,5532901
2024-06-10,2024-06-10,"#0632, SAN MATEO",EQUITY TRACK ACCOUNTING DEPT,6384,53,441 VERA AVE,,-$11.18,$389.50,$426.99,,X-2019,N,,5532902
2024-06-10,2024-06-10,"#null, SAN LEANDRO",EQUITY TRACK ACCOUNTING DEPT,0,0,159 ROCKRIDGE RD REE,,$0.00,$287.68,$318.61,H0625-339358,X-5004,N,,5974179
2024-06-10,2024-06-10,"#null, SAN CARLOS",EQUITY TRACK ACCOUNTING DEPT,0,0,159 rockridge,,-$129.90,"$1,229.57","$1,344.84",H0628-445045,X-1511,N,,5973575
2024-06-10,2024-06-10,"#null, SAN CARLOS",EQUITY TRACK ACCOUNTING DEPT,0,0,159 ROCKRIDGE DR,,-$185.10,"$1,747.54","$1,903.02",H0628-445050,X-1511,N,,5973586
2024-06-10,2024-06-10,"#null, SAN CARLOS",EQUITY TRACK ACCOUNTING DEPT,0,0,159 ROCKRIDGE REFRIG,,-$59.94,"$4,936.06","$5,398.82",H0628-445060,X-1511,N,,5973598
2024-06-09,2024-06-09,"#0628, SAN CARLOS",EQUITY TRACK ACCOUNTING DEPT,1633,3,441VERA AVE,,-$45.05,$643.80,$704.16,,X-2019,N,,6033848
2024-06-09,2024-06-09,"#0628, SAN CARLOS",EQUITY TRACK ACCOUNTING DEPT,1634,3,VERA,,-$1.27,$14.61,$15.98,,X-2498,N,,
2024-06-08,,"#null, SAN CARLOS",EQUITY TRACK ACCOUNTING DEPT,0,0,1070 ROCKRIDGE RD,,$0.00,"$1,425.33","$1,557.77",H0628-281651,,N,,
2024-06-08,2024-06-08,"#null, SAN CARLOS",EQUITY TRACK ACCOUNTING DEPT,0,0,2325 jefferson st,,-$779.04,"$4,453.87","$4,871.42",H0628-444846,X-1511,Y,,7973494
2024-06-08,2024-06-08,"#null, SAN CARLOS",EQUITY TRACK ACCOUNTING DEPT,0,0,159 rockridge rd,,-$32.33,$410.16,$448.61,H0628-444854,X-1511,N,,7973496
2024-06-07,2024-06-07,"#null, SAN CARLOS",EQUITY TRACK ACCOUNTING DEPT,0,0,159 ROCKRIDGE AVE,,-$7.95,$59.14,$64.04,H0628-444646,X-1511,N,,8973392
2024-06-07,2024-06-07,"#null, SAN CARLOS",EQUITY TRACK ACCOUNTING DEPT,0,0,159 ROCKRIDGE AVE,,-$12.97,$147.97,$161.84,H0628-444740,X-1511,N,,8973451
2024-06-07,2024-06-07,"#null, SAN CARLOS",EQUITY TRACK ACCOUNTING DEPT,0,0,2325 JEFFERSON,,-$103.78,"$1,067.79","$1,164.72",H0628-444766,X-1511,N,,8973461
2024-06-07,2024-06-07,"#null, SAN CARLOS",EQUITY TRACK ACCOUNTING DEPT,0,0,159 ROCKRIDGE SAN CA,,-$79.04,$426.73,$466.47,H0628-444680,X-1511,N,,8973411
2024-06-06,2024-06-06,"#null, SAN CARLOS",EQUITY TRACK ACCOUNTING DEPT,0,0,2325 JEFFERSON ST,,-$118.48,"$1,203.43","$1,313.35",H0628-444476,X-1511,N,,9973304
2024-06-06,2024-06-06,"#null, SAN CARLOS",EQUITY TRACK ACCOUNTING DEPT,0,0,2325 JEFFERSON ST,,-$54.53,$611.95,$669.13,H0628-444592,X-1511,N,,9973364
2024-06-06,2024-06-06,"#null, VACAVILLE",EQUITY TRACK ACCOUNTING DEPT,0,0,101 georgetown,,-$7.36,$78.78,$85.17,H1043-289663,X-1511,N,,9971570
2024-06-05,,online,EQUITY TRACK ACCOUNTING DEPT,0,0,159 Rockridge,,-$728.82,"$1,158.18","$1,266.76",WM71423882,X-1511,N,,0903527
2024-06-05,2024-06-05,"#null, VACAVILLE",EQUITY TRACK ACCOUNTING DEPT,0,0,101 GEORGE TOWN VACA,,-$9.38,$133.44,$144.28,H1043-289549,X-2001,Y,,0971504
2024-06-05,2024-06-05,"#null, VACAVILLE",EQUITY TRACK ACCOUNTING DEPT,0,0,101 georgetown,,-$0.98,$25.36,$26.42,H1043-289553,X-2001,Y,,0971505
2024-06-05,2024-06-05,"#null, VACAVILLE",EQUITY TRACK ACCOUNTING DEPT,0,0,101 Georgetown,,-$5.16,$125.25,$135.38,H1043-289614,X-2001,Y,,0971538
2024-06-04,2024-06-04,"#null, SAN CARLOS",EQUITY TRACK ACCOUNTING DEPT,0,0,150 ROCKRIDGE RD GON,,-$99.35,$666.01,$727.75,H0628-444035,X-1511,N,,1973020
2024-06-04,2024-06-04,"#null, SAN CARLOS",EQUITY TRACK ACCOUNTING DEPT,0,0,2325 JEFFERSON ST,,-$11.12,$330.77,$361.69,H0628-444082,X-1511,N,,1973057
2024-06-04,2024-06-04,"#null, SAN CARLOS",EQUITY TRACK ACCOUNTING DEPT,0,0,2325 Jefferson St,,-$21.08,$318.34,$342.30,H0628-444144,X-1511,N,,1973094
2024-06-04,2024-06-04,"#null, SAN LEANDRO",EQUITY TRACK ACCOUNTING DEPT,0,0,159 ROCKRIDGE SAN CARLOS,,$0.00,$0.00,$0.00,H0625-338560,X-1511,N,,1973683
2024-06-04,2024-06-04,"#null, SAN LEANDRO",EQUITY TRACK ACCOUNTING DEPT,0,0,159 ROCKRIDGE SAN CA,,-$430.20,"$1,726.78","$1,911.76",H0625-338581,X-1511,N,,1973696
2024-06-03,2024-06-03,"#null, SAN CARLOS",EQUITY TRACK ACCOUNTING DEPT,0,0,2325 JEFFERSON,,-$22.23,$153.86,$168.23,H0628-443976,X-1511,N,,2972986
2024-06-03,2024-06-03,"#null, SAN CARLOS",EQUITY TRACK ACCOUNTING DEPT,0,0,441 vera ave,,-$7.20,$29.43,$32.13,H0628-443975,X-1511,N,,2972985
2024-06-03,2024-06-03,"#null, SAN CARLOS",EQUITY TRACK ACCOUNTING DEPT,0,0,101 GEORGETOWN VACAV,,-$47.91,$694.72,$759.83,H0628-443979,X-1511,N,,2972987
2024-06-03,2024-06-03,"#null, SAN CARLOS",EQUITY TRACK ACCOUNTING DEPT,0,0,2325 JEFFERSON AVE,,-$6.05,$64.77,$70.84,H0628-443907,X-1511,N,,2972937
2024-06-01,2024-06-01,"#null, SAN CARLOS",EQUITY TRACK ACCOUNTING DEPT,0,0,449 vera ave,,-$100.76,$839.67,$917.85,H0628-443689,X-2001,Y,,4972825
2024-06-01,2024-06-01,"#null, SAN CARLOS",EQUITY TRACK ACCOUNTING DEPT,0,0,2325 jefferson ave,,-$1.92,$118.66,$129.78,H0628-443684,X-2001,Y,,4972823
2024-06-01,2024-06-01,"#null, SAN CARLOS",EQUITY TRACK ACCOUNTING DEPT,0,0,2325 JEFFERSON ST,,-$115.00,"$1,775.68","$1,941.96",H0628-443708,X-0475,N,,4972842
2024-06-01,2024-06-01,"#null, SAN CARLOS",EQUITY TRACK ACCOUNTING DEPT,0,0,2325 JEFFERSON AVE,,-$34.68,$274.59,$298.47,H0628-443698,X-2001,Y,,4972831
2024-05-31,2024-05-31,"#0628, SAN CARLOS",EQUITY TRACK ACCOUNTING DEPT,6853,39,2325 JEFFERSON,,$0.00,$49.98,$54.67,,X-2498,N,,
2024-05-31,2024-05-31,"#null, SAN CARLOS",EQUITY TRACK ACCOUNTING DEPT,0,0,2325 Jefferson St,,-$65.38,$802.17,$877.22,H0628-443561,X-5004,N,,5972764
2024-05-30,2024-05-30,"#null, SAN CARLOS",EQUITY TRACK ACCOUNTING DEPT,0,0,2325 Jefferson St,,-$41.48,"$1,279.27","$1,395.95",H0628-443409,X-5004,N,,6972682
2024-05-30,2024-05-30,"#null, SAN CARLOS",EQUITY TRACK ACCOUNTING DEPT,0,0,2325 JEFFERSON,,$0.00,$51.44,$56.26,H0628-443358,X-5004,N,,6972639
2024-05-30,2024-05-30,"#null, SAN CARLOS",EQUITY TRACK ACCOUNTING DEPT,0,0,2325 JEFFERSON ST,,-$33.49,$214.86,$235.00,H0628-443455,X-5004,N,,6972700
2024-05-29,2024-05-29,"#0628, SAN CARLOS",EQUITY TRACK ACCOUNTING DEPT,5256,40,2325 JEFFERSON,,-$2.28,$26.16,$28.61,,"X-XXXX, X-6004",N,,
2024-05-29,,"#null, EMERYVILLE",EQUITY TRACK ACCOUNTING DEPT,0,0,2325 JEFFERSON APPLI,,-$224.65,"$2,272.00","$2,485.00",H0627-638872,X-1511,N,,7970371
2024-05-29,2024-05-29,"#null, SAN CARLOS",EQUITY TRACK ACCOUNTING DEPT,0,0,2325 JEFFERSON AVE R,,-$141.04,$973.69,"$1,061.34",H0628-443165,X-1511,N,,7972530
2024-05-29,2024-05-29,"#null, SAN CARLOS",EQUITY TRACK ACCOUNTING DEPT,0,0,2325 jefferson st,,-$54.53,$786.29,$859.61,H0628-443248,X-2001,Y,,7972583
2024-05-29,2024-05-29,"#null, SAN CARLOS",EQUITY TRACK ACCOUNTING DEPT,0,0,2082 GREENWOOD AVE,,-$12.64,$251.13,$274.67,H0628-443269,X-2001,Y,,7972595
2024-05-29,2024-05-30,"#null, SAN CARLOS",EQUITY TRACK ACCOUNTING DEPT,0,0,2325 jefferson st,,-$179.67,"$1,664.77","$1,820.69",H0628-443282,X-2001,Y,,7972597
2024-05-28,2024-05-28,"#null, SAN CARLOS",EQUITY TRACK ACCOUNTING DEPT,0,0,2325 JEFFERSON,,-$217.80,"$1,233.98","$1,349.67",H0628-442929,X-1511,N,,8972381
2024-05-28,2024-05-28,"#null, SAN CARLOS",EQUITY TRACK ACCOUNTING DEPT,0,0,6 BUS SAN FRANCISCO,,-$7.26,$95.84,$104.83,H0628-442972,X-1511,N,,8972409
2024-05-28,2024-05-28,"#null, SAN CARLOS",EQUITY TRACK ACCOUNTING DEPT,0,0,449 VERA AVE,,-$28.80,$115.12,$125.91,H0628-442970,X-1511,N,,8972406
2024-05-28,2024-05-28,"#null, SAN CARLOS",EQUITY TRACK ACCOUNTING DEPT,0,0,2085 Greenwood Ave,,-$5.32,$59.19,$64.74,H0628-443046,X-1511,N,,8972453
2024-05-27,2024-05-27,"#null, SAN CARLOS",EQUITY TRACK ACCOUNTING DEPT,0,0,449 VERA,,-$275.64,"$1,505.16","$1,645.96",H0628-442771,X-1511,N,,9972305
2024-05-27,2024-05-27,"#null, SAN CARLOS",EQUITY TRACK ACCOUNTING DEPT,0,0,441 vera ave,,-$218.36,"$1,043.75","$1,138.58",H0628-442738,X-1511,N,,9972282
2024-05-27,2024-05-27,"#null, SAN CARLOS",EQUITY TRACK ACCOUNTING DEPT,0,0,2085 greenwood,,-$23.18,$303.16,$331.58,H0628-442847,X-1511,N,,9972329
2024-05-26,2024-05-26,"#0628, SAN CARLOS",EQUITY TRACK ACCOUNTING DEPT,7915,21,,,-$11.40,$839.84,$917.61,,X-1511,N,,0211223
2024-05-25,2024-05-25,"#0632, SAN MATEO",EQUITY TRACK ACCOUNTING DEPT,7360,40,,,$0.00,$20.74,$22.74,,X-7688,N,,
2024-05-25,2024-05-25,"#null, SAN MATEO",EQUITY TRACK ACCOUNTING DEPT,0,0,2325 JEFFERSON STREE,,-$156.34,"$1,558.68","$1,708.70",H0632-419904,X-1511,N,,1972606
2024-05-24,2024-05-24,"#null, SAN CARLOS",EQUITY TRACK ACCOUNTING DEPT,0,0,2325 JEFFERSON  JUAN,,$0.00,$249.00,$272.34,H0628-442460,X-1511,N,,2972170
2024-05-24,2024-05-24,"#null, SAN CARLOS",EQUITY TRACK ACCOUNTING DEPT,0,0,2325 JEFFERSON AVE,,-$109.13,$695.85,$760.54,H0628-442399,X-1511,N,,2972126
2024-05-24,2024-05-24,"#null, CONCORD",EQUITY TRACK ACCOUNTING DEPT,0,0,100 Palm Ave Tools,,$0.00,$998.00,"$1,091.56",H0634-596844,X-1511,N,,2970479
2024-05-24,2024-05-24,"#null, VACAVILLE",EQUITY TRACK ACCOUNTING DEPT,0,0,101 Georgetown,,-$2.78,$26.28,$28.42,H1043-288369,X-1511,N,,2970925
2024-05-23,2024-05-23,"#null, SAN CARLOS",EQUITY TRACK ACCOUNTING DEPT,0,0,2325 JEFFERSON AVE,,-$24.85,$809.16,$884.27,H0628-442337,X-1511,N,,3972086
2024-05-23,2024-05-23,"#null, SAN CARLOS",EQUITY TRACK ACCOUNTING DEPT,0,0,"2325 JEFFERSON REDWO , 2325 JEFFERSON R",,-$30.60,-$427.00,-$467.03,H0628-442334,"X-1511, X-1511",N,,3972085
2024-05-23,2024-05-23,"#null, SAN CARLOS",EQUITY TRACK ACCOUNTING DEPT,0,0,2325 JEFFERSON REDWOOD CITY,,-$30.60,$576.00,$630.00,H0628-442334,X-1511,N,,3972085
2024-05-23,2024-05-24,"#null, SAN CARLOS",EQUITY TRACK ACCOUNTING DEPT,0,0,441 vera,,-$81.00,$328.50,$358.88,H0628-442347,X-1511,N,,3972093
2024-05-23,2024-05-23,"#null, VACAVILLE",EQUITY TRACK ACCOUNTING DEPT,0,0,101 Georgetown dr,,-$3.07,$60.34,$64.74,H1043-288181,X-7688,N,,
2024-05-23,2024-05-23,"#null, SAN CARLOS",EQUITY TRACK ACCOUNTING DEPT,0,0,2325 jefferson,,-$314.84,"$2,380.31","$2,603.46",H0628-442287,X-1511,N,,3972055
2024-05-22,2024-05-22,"#1043, VACAVILLE",EQUITY TRACK ACCOUNTING DEPT,3277,20,87 W. EUCLID,,-$54.75,-$907.62,-$981.82,,"X-2001, X-2019, X-4007, X-1511, X-2571, X-6852",N,,4204759
2024-05-22,2024-05-23,"#null, VACAVILLE",EQUITY TRACK ACCOUNTING DEPT,0,0,101 Georgetown Dr,,-$10.55,$121.78,$131.67,H1043-288108,X-2019,N,,4970765
2024-05-22,2024-05-23,"#null, VACAVILLE",EQUITY TRACK ACCOUNTING DEPT,0,0, ,,-$101.34,-$15.26,-$16.54,H0637-267043,X-2019,N,,4204759
2024-05-22,2024-05-23,"#null, VACAVILLE",EQUITY TRACK ACCOUNTING DEPT,0,0, ,,-$21.22,-$26.99,-$29.17,H1043-287737,X-2019,N,,4204759
2024-05-22,2024-05-23,"#null, VACAVILLE",EQUITY TRACK ACCOUNTING DEPT,0,0, ,,-$41.64,-$11.41,-$12.34,H1043-286880,X-2019,N,,4204759
2024-05-22,2024-05-23,"#null, VACAVILLE",EQUITY TRACK ACCOUNTING DEPT,0,0, ,,-$14.71,-$34.62,-$37.87,H0628-437712,X-2019,N,,4204759
2024-05-22,2024-05-23,"#null, VACAVILLE",EQUITY TRACK ACCOUNTING DEPT,0,0, ,,-$40.99,-$33.73,-$36.47,H1043-287474,X-2019,N,,4204759
2024-05-22,2024-05-22,"#null, SAN MATEO",EQUITY TRACK ACCOUNTING DEPT,0,0,499 Vera,,-$53.41,$740.49,$808.79,H0632-419387,X-2001,Y,,4972294
2024-05-22,2024-05-23,"#null, VACAVILLE",EQUITY TRACK ACCOUNTING DEPT,0,0, ,,$0.00,-$2.75,-$2.99,H1022-350713,X-2019,N,,4204759
2024-05-22,2024-05-23,"#null, VACAVILLE",EQUITY TRACK ACCOUNTING DEPT,0,0, ,,-$185.26,-$71.94,-$77.79,H1043-285731,X-2019,N,,4204759
2024-05-22,2024-05-23,"#null, VACAVILLE",EQUITY TRACK ACCOUNTING DEPT,0,0, ,,-$81.20,-$36.18,-$39.12,H1043-286600,X-2019,N,,4204759
2024-05-22,2024-05-23,"#null, VACAVILLE",EQUITY TRACK ACCOUNTING DEPT,0,0, ,,-$26.95,-$6.14,-$6.64,H1043-286643,X-2019,N,,4204759
2024-05-22,2024-05-23,"#null, VACAVILLE",EQUITY TRACK ACCOUNTING DEPT,0,0, ,,-$105.53,-$173.86,-$187.99,H1043-287544,X-2019,N,,4204759
2024-05-22,2024-05-22,"#null, SAN CARLOS",EQUITY TRACK ACCOUNTING DEPT,0,0,441 VERA AVE,,-$39.09,$827.26,$904.44,H0628-442077,X-2001,Y,,4971940
2024-05-22,2024-05-23,"#null, VACAVILLE",EQUITY TRACK ACCOUNTING DEPT,0,0, ,,-$95.99,-$18.13,-$19.60,H1043-287331,X-2019,N,,4204759
2024-05-21,2024-05-21,"#1043, VACAVILLE",EQUITY TRACK ACCOUNTING DEPT,5248,1,101GEORGETOWNDR,,-$23.45,$302.37,$326.94,,X-2019,N,,5012462
2024-05-21,2024-05-21,"#null, SAN CARLOS",EQUITY TRACK ACCOUNTING DEPT,0,0,449 VERA,,-$135.92,$603.06,$658.89,H0628-441839,X-1511,N,,5971804
2024-05-20,2024-05-20,"#1043, VACAVILLE",EQUITY TRACK ACCOUNTING DEPT,5963,26,101 GEORGETOWN,,-$1.26,$11.34,$12.26,,X-2019,N,,6262189
2024-05-20,2024-05-20,"#null, VACAVILLE",EQUITY TRACK ACCOUNTING DEPT,0,0,101 Georgetown dr,,-$21.22,$383.60,$414.76,H1043-287737,X-1511,Y,,6970575
2024-05-20,2024-05-20,"#null, SAN CARLOS",EQUITY TRACK ACCOUNTING DEPT,0,0,449 VERA AVE,,-$2.57,$83.05,$90.84,H0628-441625,X-2001,Y,,6971669
2024-05-19,2024-05-19,"#1043, VACAVILLE",EQUITY TRACK ACCOUNTING DEPT,6180,2,,,$0.00,$595.06,$643.41,,X-2019,N,,7023013
2024-05-19,2024-05-19,"#1043, VACAVILLE",EQUITY TRACK ACCOUNTING DEPT,6184,2,101 GEORGETOWN DR,,-$9.17,$79.78,$86.26,,X-2019,N,,7023015
2024-05-18,2024-05-18,"#1043, VACAVILLE",EQUITY TRACK ACCOUNTING DEPT,1554,22,101 GEORGETOWN,,-$97.93,"-$1,132.04","-$1,225.01",,"X-6852, X-2019, X-4007, X-2498, X-1511",N,,8222207
2024-05-18,2024-05-18,"#null, SAN CARLOS",EQUITY TRACK ACCOUNTING DEPT,0,0,449 vera ave,,-$5.19,$155.13,$169.67,H0628-441440,X-2001,Y,,8971601
2024-05-18,2024-05-18,"#null, SAN CARLOS",EQUITY TRACK ACCOUNTING DEPT,0,0,VERA,,-$7.18,$147.22,$161.02,H0628-441409,X-2001,Y,,8971583
2024-05-18,2024-05-18,"#null, VACAVILLE",EQUITY TRACK ACCOUNTING DEPT,0,0, ,,-$213.27,-$4.29,-$4.64,H1043-286436,X-4007,N,,8222207
2024-05-18,2024-05-18,"#null, VACAVILLE",EQUITY TRACK ACCOUNTING DEPT,0,0, ,,-$20.79,-$29.96,-$32.39,H1043-286733,X-4007,N,,8222207
2024-05-18,2024-05-18,"#null, VACAVILLE",EQUITY TRACK ACCOUNTING DEPT,0,0, ,,-$132.98,-$9.66,-$10.45,H1043-286185,X-4007,N,,8222207
2024-05-18,2024-05-18,"#null, VACAVILLE",EQUITY TRACK ACCOUNTING DEPT,0,0,101 GEORGETOWN,,-$185.26,-$738.46,-$798.45,H1043-285731,X-1511,N,,8204565
2024-05-18,2024-05-18,"#null, VACAVILLE",EQUITY TRACK ACCOUNTING DEPT,0,0,101 GEORGETOWN,,-$185.26,-$159.87,-$172.86,H1043-285731,X-4007,N,,8222207
2024-05-18,2024-05-18,"#null, VACAVILLE",EQUITY TRACK ACCOUNTING DEPT,0,0, ,,$0.00,-$73.86,-$80.78,H6655-297879,X-4007,N,,8222207
2024-05-18,2024-05-18,"#null, VACAVILLE",EQUITY TRACK ACCOUNTING DEPT,0,0,101GEORGETOWN DR,,-$105.53,"$1,426.69","$1,540.60",H1043-287544,X-1511,N,,8970492
2024-05-18,2024-05-18,"#null, VACAVILLE",JLH0287,0,0, ,,$0.00,-$41.88,-$45.27,H1043-286010,X-4007,N,,8222207
2024-05-18,2024-05-18,"#null, VACAVILLE",EQUITY TRACK ACCOUNTING DEPT,0,0, ,,-$95.99,-$35.64,-$38.57,H1043-287331,X-4007,N,,8222207
2024-05-18,2024-05-18,"#null, VACAVILLE",EQUITY TRACK ACCOUNTING DEPT,0,0, ,,-$52.64,-$11.93,-$12.90,H1043-286931,X-4007,N,,8222207
2024-05-18,2024-05-18,"#null, VACAVILLE",EQUITY TRACK ACCOUNTING DEPT,0,0, ,,-$34.15,-$5.98,-$6.54,H1009-347156,X-4007,N,,8222207
2024-05-17,2024-05-17,"#null, VACAVILLE",EQUITY TRACK ACCOUNTING DEPT,0,0,101 georgetown,,-$40.99,$688.78,$744.74,H1043-287474,X-1511,N,,9970465
2024-05-17,2024-05-17,"#null, SAN CARLOS",EQUITY TRACK ACCOUNTING DEPT,0,0,441 Vera,,-$43.73,$534.83,$584.77,H0628-441335,X-2001,Y,,9971540
2024-05-17,2024-05-17,"#null, SAN CARLOS",EQUITY TRACK ACCOUNTING DEPT,0,0,449 VERA AVE,,-$7.17,$70.12,$76.69,H0628-441347,X-2001,Y,,9971546
2024-05-17,2024-05-17,"#null, SAN CARLOS",EQUITY TRACK ACCOUNTING DEPT,0,0,449 vera ave,,-$49.84,$541.48,$591.95,H0628-441356,X-2001,Y,,9971552
2024-05-17,2024-05-17,"#null, SAN CARLOS",EQUITY TRACK ACCOUNTING DEPT,0,0,449 Vera,,-$167.10,"$1,007.71","$1,098.64",H0628-441275,X-2001,Y,,9971508
2024-05-17,2024-05-17,"#null, SAN CARLOS",EQUITY TRACK ACCOUNTING DEPT,0,0,449 VERA REDWOOD CIT,,-$5.92,$77.90,$85.20,H0628-441289,X-2001,Y,,9971515
2024-05-16,2024-05-16,"#null, VACAVILLE",EQUITY TRACK ACCOUNTING DEPT,0,0,101 georgetown,,-$95.99,"$1,014.81","$1,097.26",H1043-287331,X-1511,Y,,0970391
2024-05-16,2024-05-16,"#null, SAN MATEO",EQUITY TRACK ACCOUNTING DEPT,0,0,449 Bera Avenue,,-$75.08,$345.35,$378.59,H0632-418330,X-2001,Y,,0971733
2024-05-15,2024-05-15,"#1043, VACAVILLE",EQUITY TRACK ACCOUNTING DEPT,5202,2,101 GEORGETOWN DR,,-$3.00,$56.94,$61.57,,X-2019,N,,1022667
2024-05-15,2024-05-15,"#null, SAN CARLOS",EQUITY TRACK ACCOUNTING DEPT,0,0,449 VERA AVE,,-$81.08,"$1,278.68","$1,398.56",H0628-441029,X-2001,Y,,1971372
2024-05-15,2024-05-15,"#null, SAN CARLOS",EQUITY TRACK ACCOUNTING DEPT,0,0,449 VERA AVE,,-$117.78,$788.22,$862.12,H0628-440918,X-2001,Y,,1971320
2024-05-15,2024-05-15,"#null, SAN CARLOS",EQUITY TRACK ACCOUNTING DEPT,0,0,56 ATLANTIC AVE,,$0.00,-$11.88,-$12.99,H6655-298104,X-6852,N,,1203557
2024-05-15,2024-05-15,"#null, VACAVILLE",EQUITY TRACK ACCOUNTING DEPT,0,0,101 Georgetown Dr,,-$13.59,$161.66,$174.79,H1043-287157,X-1511,Y,,1970295
2024-05-15,2024-05-15,"#null, SAN MATEO",EQUITY TRACK ACCOUNTING DEPT,0,0,2080 greenwood,,-$10.35,$93.10,$102.06,H0632-418105,X-2001,Y,,1971612
2024-05-15,2024-05-15,"#null, SAN CARLOS",EQUITY TRACK ACCOUNTING DEPT,0,0,449 VERA,,-$76.32,-$749.07,-$819.29,H0628-440729,X-2001,N,,1203556
2024-05-14,2024-05-14,"#1043, VACAVILLE",EQUITY TRACK ACCOUNTING DEPT,5812,26,DRINKS,,-$2.05,$41.43,$44.18,,X-7688,N,,
2024-05-14,2024-05-14,"#1043, VACAVILLE",EQUITY TRACK ACCOUNTING DEPT,2817,61,101 GEORGETON  DR,,-$27.84,$140.50,$151.79,,X-2019,N,,2612347
2024-05-14,2024-05-14,"#null, SAN CARLOS",EQUITY TRACK ACCOUNTING DEPT,0,0,449 VERA,,-$643.50,-$50.00,-$54.69,H0628-440675,"X-2001, X-2001",N,,2362401
2024-05-14,2024-05-14,"#null, SAN CARLOS",EQUITY TRACK ACCOUNTING DEPT,0,0,449 Vera,,-$643.50,"$3,695.85","$4,042.34",H0628-440675,X-2001,Y,,2971172
2024-05-14,2024-05-14,"#null, VACAVILLE",EQUITY TRACK ACCOUNTING DEPT,0,0,101 Georgetown,,-$56.61,$334.11,$361.26,H1043-287034,X-4007,N,,2970227
2024-05-14,2024-05-14,"#null, SAN CARLOS",EQUITY TRACK ACCOUNTING DEPT,0,0,441 VERA,,-$33.44,$786.51,$859.61,H0628-440755,X-2001,Y,,2971220
2024-05-14,2024-05-14,"#null, SAN CARLOS",EQUITY TRACK ACCOUNTING DEPT,0,0,449 VERA,,-$76.32,"$1,457.07","$1,593.22",H0628-440729,X-2001,Y,,2971219
2024-05-14,2024-05-14,"#null, SAN CARLOS",EQUITY TRACK ACCOUNTING DEPT,0,0,2085 GREENWOOD AVE,,-$6.00,$86.69,$94.82,H0628-440810,X-2001,Y,,2971258
2024-05-13,2024-05-13,"#null, SAN CARLOS",EQUITY TRACK ACCOUNTING DEPT,0,0,491 VERA PK UP BY,,-$53.01,$866.53,$947.77,H0628-440560,X-2001,Y,,3971102
2024-05-13,2024-05-13,"#null, VACAVILLE",EQUITY TRACK ACCOUNTING DEPT,0,0,101 Georgetown dr,,-$41.64,$323.80,$350.11,H1043-286880,X-1511,Y,,3970126
2024-05-13,2024-05-13,"#null, SAN CARLOS",EQUITY TRACK ACCOUNTING DEPT,0,0,449 Vera,,-$55.70,$691.75,$756.60,H0628-440622,X-2001,Y,,3971142
2024-05-13,2024-05-13,"#null, SAN CARLOS",EQUITY TRACK ACCOUNTING DEPT,0,0,2085 greenwood,,-$7.98,$105.95,$115.88,H0628-440632,X-2001,Y,,3971148
2024-05-13,2024-05-13,"#null, SAN CARLOS",EQUITY TRACK ACCOUNTING DEPT,0,0,449  VERA AVE,,-$19.09,$340.25,$371.55,H0628-440642,X-2001,Y,,3971156
2024-05-13,2024-05-13,"#null, SAN CARLOS",EQUITY TRACK ACCOUNTING DEPT,0,0,449 VERA AVE,,-$4.16,$64.96,$71.05,H0628-440646,X-2001,Y,,3971157
2024-05-13,2024-05-13,"#null, VACAVILLE",EQUITY TRACK ACCOUNTING DEPT,0,0,101 Georgetown,,-$52.64,$348.10,$376.38,H1043-286931,X-1511,Y,,3970153
2024-05-12,2024-05-12,"#1043, VACAVILLE",EQUITY TRACK ACCOUNTING DEPT,2098,1,101 GEORGETOWN DR,,-$9.99,$102.69,$110.97,,X-7688,N,,
2024-05-12,2024-05-12,"#1043, VACAVILLE",EQUITY TRACK ACCOUNTING DEPT,4190,2,,,$0.00,$63.64,$68.81,,X-7688,N,,
2024-05-12,2024-05-12,"#1043, VACAVILLE",EQUITY TRACK ACCOUNTING DEPT,4323,2,101 GEORGETOWN,,-$1.54,$35.96,$38.87,,X-7688,N,,
2024-05-11,2024-05-11,"#0628, SAN CARLOS",EQUITY TRACK ACCOUNTING DEPT,6319,21,411 VERA,,-$32.17,-$732.61,-$795.66,,"X-6852, X-2019, X-4007, X-1511, X-2001",N,,5210549
2024-05-11,2024-05-11,"#0628, SAN CARLOS",EQUITY TRACK ACCOUNTING DEPT,6320,21,2085 GREENWOOD S,,-$19.40,-$244.57,-$267.94,,"X-6852, X-8087, X-2001, X-0610, X-1511",N,,5210554
2024-05-11,2024-05-11,"#0628, SAN CARLOS",EQUITY TRACK ACCOUNTING DEPT,6323,21,2085 GREENWOOD,,-$1.53,-$60.28,-$65.94,,"X-2001, X-0610",N,,5210559
2024-05-11,2024-05-11,"#0628, SAN CARLOS",EQUITY TRACK ACCOUNTING DEPT,1273,52,,,$0.00,$23.82,$26.05,,X-1511,N,,5522811
2024-05-11,2024-05-11,"#0628, SAN CARLOS",EQUITY TRACK ACCOUNTING DEPT,1348,53,GREENWOOD,,-$7.72,$144.14,$157.65,,X-8273,N,,
2024-05-11,2024-05-11,"#0628, SAN CARLOS",EQUITY TRACK ACCOUNTING DEPT,1494,53,,,$0.00,$57.22,$62.58,,"X-1511, X-8273",N,,5535025
2024-05-11,2024-05-11,"#0628, SAN CARLOS",EQUITY TRACK ACCOUNTING DEPT,3337,83,,,$0.00,$83.78,$91.63,,X-1511,N,,5831012
2024-05-11,2024-05-11,"#null, SAN CARLOS",EQUITY TRACK ACCOUNTING DEPT,0,0, ,,-$32.99,-$52.70,-$57.64,H0628-440110,X-1511,N,,5210549
2024-05-11,2024-05-11,"#null, SAN CARLOS",EQUITY TRACK ACCOUNTING DEPT,0,0, ,,-$39.03,-$7.97,-$8.72,H0628-440147,X-1511,N,,5210549
2024-05-11,2024-05-11,"#null, SAN CARLOS",EQUITY TRACK ACCOUNTING DEPT,0,0,2085 GREENWOOD,,-$29.40,-$28.44,-$31.11,H0628-439940,"X-2001, X-0610",N,,5210559
2024-05-11,2024-05-11,"#null, SAN CARLOS",EQUITY TRACK ACCOUNTING DEPT,0,0, ,,-$55.96,-$9.81,-$10.74,H0628-438397,X-2001,N,,5210554
2024-05-11,2024-05-11,"#null, SAN CARLOS",EQUITY TRACK ACCOUNTING DEPT,0,0, ,,-$55.96,-$53.07,-$58.04,H0628-438397,X-6852,N,,5210544
2024-05-11,2024-05-11,"#null, SAN CARLOS",EQUITY TRACK ACCOUNTING DEPT,0,0, ,,-$19.20,-$30.28,-$33.12,H0628-440247,X-1511,N,,5210549
2024-05-11,2024-05-11,"#null, SAN CARLOS",EQUITY TRACK ACCOUNTING DEPT,0,0, ,,-$133.92,-$3.98,-$4.35,H0628-436145,X-6852,N,,5210544
2024-05-11,2024-05-11,"#null, SAN CARLOS",EQUITY TRACK ACCOUNTING DEPT,0,0, ,,$0.00,-$0.46,-$0.50,H1007-450574,X-2001,N,,5210554
2024-05-11,2024-05-11,"#null, SAN CARLOS",EQUITY TRACK ACCOUNTING DEPT,0,0, ,,-$26.00,-$173.29,-$189.54,H0628-437894,X-6852,N,,5210544
2024-05-11,2024-05-11,"#null, SAN CARLOS",EQUITY TRACK ACCOUNTING DEPT,0,0, ,,-$20.79,-$40.01,-$43.26,H1043-286733,X-6852,N,,5210546
2024-05-11,2024-05-11,"#null, VACAVILLE",EQUITY TRACK ACCOUNTING DEPT,0,0,101 Georgetown,,-$20.79,$789.17,$853.28,H1043-286733,X-1511,Y,,5970066
2024-05-11,2024-05-11,"#null, SAN CARLOS",EQUITY TRACK ACCOUNTING DEPT,0,0, ,,-$87.57,-$11.72,-$12.83,H0628-437438,X-2001,N,,5210554
2024-05-11,2024-05-11,online,EQUITY TRACK ACCOUNTING DEPT,0,0,18115 LAVERNE DR. LO,,$0.00,-$82.45,-$89.97,WM45088488,X-8087,N,,5210558
2024-05-11,2024-05-11,"#null, SAN CARLOS",EQUITY TRACK ACCOUNTING DEPT,0,0, ,,-$7.21,-$8.76,-$9.58,H0628-437820,X-1511,N,,5210549
2024-05-11,2024-05-11,"#null, SAN CARLOS",EQUITY TRACK ACCOUNTING DEPT,0,0, ,,-$438.96,-$43.53,-$47.83,H6603-367482,X-6852,N,,5210544
2024-05-11,2024-05-11,"#null, SAN CARLOS",EQUITY TRACK ACCOUNTING DEPT,0,0, ,,-$438.96,-$43.53,-$47.83,H6603-367482,X-6852,N,,5210546
2024-05-11,2024-05-11,"#null, SAN CARLOS",EQUITY TRACK ACCOUNTING DEPT,0,0, ,,-$166.72,-$331.20,-$362.25,H6655-311479,X-6852,N,,5210546
2024-05-11,2024-05-11,"#null, SAN CARLOS",EQUITY TRACK ACCOUNTING DEPT,0,0, ,,-$166.72,-$30.40,-$33.25,H6655-311479,X-1511,N,,5210549
2024-05-11,2024-05-11,"#null, SAN CARLOS",EQUITY TRACK ACCOUNTING DEPT,0,0, ,,-$132.98,-$12.38,-$13.38,H1043-286185,X-1511,N,,5210549
2024-05-11,2024-05-11,"#null, SAN CARLOS",EQUITY TRACK ACCOUNTING DEPT,0,0, ,,$0.00,-$15.82,-$17.31,H6655-297916,X-1511,N,,5210549
2024-05-11,2024-05-11,"#null, SAN CARLOS",EQUITY TRACK ACCOUNTING DEPT,0,0, ,,-$26.51,-$12.07,-$13.20,H0628-438482,X-6852,N,,5210544
2024-05-11,2024-05-11,"#null, SAN CARLOS",EQUITY TRACK ACCOUNTING DEPT,0,0, ,,$0.00,-$1.90,-$2.10,H1007-438320,X-2001,N,,5210554
2024-05-11,2024-05-11,"#null, SAN CARLOS",EQUITY TRACK ACCOUNTING DEPT,0,0, ,,-$92.82,-$49.36,-$53.98,H0628-439734,X-6852,N,,5210544
2024-05-11,2024-05-11,"#null, SAN CARLOS",EQUITY TRACK ACCOUNTING DEPT,0,0, ,,-$92.82,-$15.82,-$17.31,H0628-439734,X-2001,N,,5210554
2024-05-11,2024-05-11,"#null, SAN CARLOS",EQUITY TRACK ACCOUNTING DEPT,0,0, ,,-$81.00,-$4.00,-$4.38,H0628-394024,X-2001,N,,5210554
2024-05-11,2024-05-11,"#null, SAN CARLOS",EQUITY TRACK ACCOUNTING DEPT,0,0, ,,-$27.53,-$50.22,-$54.92,H0628-437698,X-1511,N,,5210549
2024-05-11,2024-05-11,"#null, SAN CARLOS",EQUITY TRACK ACCOUNTING DEPT,0,0, ,,$0.00,-$137.80,-$150.72,H0628-439898,X-2001,N,,5210554
2024-05-11,2024-05-11,"#null, SAN CARLOS",EQUITY TRACK ACCOUNTING DEPT,0,0, ,,$0.00,-$18.68,-$20.60,H1007-449359,X-1511,N,,5210549
2024-05-11,2024-05-11,"#null, SAN CARLOS",EQUITY TRACK ACCOUNTING DEPT,0,0, ,,$0.00,-$8.20,-$9.38,H0632-375127,X-2001,N,,5210554
2024-05-11,2024-05-11,"#null, SAN CARLOS",EQUITY TRACK ACCOUNTING DEPT,0,0, ,,-$57.36,-$152.60,-$166.93,H0628-439862,X-6852,N,,5210546
2024-05-11,2024-05-11,"#null, SAN CARLOS",EQUITY TRACK ACCOUNTING DEPT,0,0, ,,-$57.36,-$27.56,-$30.15,H0628-439862,X-2001,N,,5210554
2024-05-11,2024-05-11,"#null, SAN CARLOS",EQUITY TRACK ACCOUNTING DEPT,0,0, ,,-$57.36,-$55.68,-$60.89,H0628-439862,X-6852,N,,5210544
2024-05-11,2024-05-11,"#null, SAN CARLOS",EQUITY TRACK ACCOUNTING DEPT,0,0, ,,-$2.84,-$1.58,-$1.73,H0632-414360,X-2001,N,,5210554
2024-05-11,2024-05-11,"#null, SAN CARLOS",EQUITY TRACK ACCOUNTING DEPT,0,0, ,,-$34.74,-$7.24,-$7.93,H1009-347595,X-1511,N,,5210549
2024-05-10,2024-05-10,"#null, SAN CARLOS",EQUITY TRACK ACCOUNTING DEPT,0,0,2085 GREENWOOD,,-$19.20,$220.28,$239.77,H0628-440247,X-1511,Y,,6970981
2024-05-10,2024-05-10,"#null, SAN CARLOS",EQUITY TRACK ACCOUNTING DEPT,0,0,449 vera ave,,-$80.09,$628.29,$687.01,H0628-440261,X-5021,N,,6970997
2024-05-10,2024-05-11,"#null, SAN CARLOS",EQUITY TRACK ACCOUNTING DEPT,0,0,2085 greenwood ave,,-$17.72,$445.57,$487.34,H0628-440315,X-5021,Y,,6971025
2024-05-10,2024-05-10,"#null, VACAVILLE",EQUITY TRACK ACCOUNTING DEPT,0,0,101 georgetown,,-$26.95,$334.36,$356.50,H1043-286643,X-1511,N,,6970028
2024-05-09,2024-05-09,"#null, SAN CARLOS",EQUITY TRACK ACCOUNTING DEPT,0,0, ,,-$32.99,-$127.02,-$138.93,H0628-440110,X-2001,N,,7220490
2024-05-09,2024-05-09,"#null, SAN CARLOS",EQUITY TRACK ACCOUNTING DEPT,0,0,2085 greenwood,,-$32.99,$448.43,$490.43,H0628-440110,"X-2001, X-2001",Y,,7970894
2024-05-09,2024-05-09,"#null, SAN CARLOS",EQUITY TRACK ACCOUNTING DEPT,0,0,2085 GREENWOOD AVE,,-$39.03,$655.12,$716.42,H0628-440147,X-2001,Y,,7970917
2024-05-09,2024-05-10,"#null, VACAVILLE",EQUITY TRACK ACCOUNTING DEPT,0,0,101 GEORGETOWN DR VA,,-$81.20,$739.03,$799.08,H1043-286600,X-1511,Y,,7975079
2024-05-09,2024-05-09,"#null, SAN CARLOS",EQUITY TRACK ACCOUNTING DEPT,0,0,449 Vera Ave,,-$48.76,$437.99,$478.87,H0628-440032,X-2001,Y,,7970836
2024-05-09,,"#null, VACAVILLE",EQUITY TRACK ACCOUNTING DEPT,0,0,Wire 101 Georgetown,,$0.00,$218.00,$235.71,H1043-286592,X-1511,N,,
2024-05-08,2024-05-08,"#null, SAN CARLOS",EQUITY TRACK ACCOUNTING DEPT,0,0,2085 Greenwood,,-$29.40,$205.68,$224.82,H0628-439940,X-2001,Y,,8970783
2024-05-08,2024-05-08,"#null, SAN CARLOS",EQUITY TRACK ACCOUNTING DEPT,0,0,2085 Greenwood,,-$9.56,$73.72,$80.63,H0628-439950,X-2001,Y,,8970786
2024-05-08,2024-05-08,"#null, SAN CARLOS",EQUITY TRACK ACCOUNTING DEPT,0,0,449 vera ave,,-$31.08,$677.97,$677.97,H0628-439971,X-2001,Y,,8970798
2024-05-08,2024-05-08,"#null, SAN CARLOS",EQUITY TRACK ACCOUNTING DEPT,0,0,2085 GREENWOOD,,-$6.30,$51.80,$56.64,H0628-439975,X-2001,Y,,8970801
2024-05-08,2024-05-08,"#null, VACAVILLE",EQUITY TRACK ACCOUNTING DEPT,0,0,101 georgetown,,-$213.27,"$1,699.85","$1,837.90",H1043-286436,X-4007,Y,,8974987
2024-05-08,2024-05-08,"#null, VACAVILLE",EQUITY TRACK ACCOUNTING DEPT,0,0,101 Georgetown Drive,,-$2.52,$237.58,$256.88,H1043-286447,X-4007,Y,,8974994
2024-05-08,2024-05-08,"#null, SAN CARLOS",EQUITY TRACK ACCOUNTING DEPT,0,0,2085 GREENWOOD,,$0.00,$137.80,$150.72,H0628-439898,X-2001,Y,,8970756
2024-05-08,2024-05-08,"#null, SAN CARLOS",EQUITY TRACK ACCOUNTING DEPT,0,0, ,,-$57.36,-$152.60,-$166.93,H0628-439862,X-2001,N,,8170293
2024-05-08,2024-05-08,"#null, SAN CARLOS",EQUITY TRACK ACCOUNTING DEPT,0,0,2085 greenwood ave,,-$57.36,$813.47,$888.48,H0628-439862,X-2001,Y,,8970737
2024-05-08,2024-05-08,"#null, SAN CARLOS",EQUITY TRACK ACCOUNTING DEPT,0,0, ,,-$20.80,-$113.12,-$124.29,H6603-369960,X-2001,N,,8170293
2024-05-07,2024-05-07,"#0628, SAN CARLOS",EQUITY TRACK ACCOUNTING DEPT,6406,39,411 VERA,,-$202.08,"$1,418.40","$1,538.79",,X-1511,N,,9391106
2024-05-07,2024-05-07,"#1043, VACAVILLE",EQUITY TRACK ACCOUNTING DEPT,326,1,101GEORGETOWN,,$0.00,$4.97,$5.37,,X-2019,N,,9010562
2024-05-07,2024-05-07,"#1043, VACAVILLE",EQUITY TRACK ACCOUNTING DEPT,3066,2,101 GEORGETOWN,,-$349.99,"$2,822.71","$3,052.04",,X-2019,N,,9021917
2024-05-07,2024-05-07,"#null, SAN CARLOS",EQUITY TRACK ACCOUNTING DEPT,0,0,greenwood,,$0.00,$23.98,$26.23,H0628-439699,X-2001,Y,,9970624
2024-05-07,2024-05-07,"#0628, SAN CARLOS",EQUITY TRACK ACCOUNTING DEPT,436,90,0,,$0.00,$150.00,$150.00,122373,X-1511,N,,9900718
2024-05-07,2024-05-08,"#0628, SAN CARLOS",EQUITY TRACK ACCOUNTING DEPT,489,90,,,$0.00,$150.88,$163.93,122373,"X-XXXX, X-1511",N,,9900762
2024-05-07,2024-05-07,"#null, SAN CARLOS",EQUITY TRACK ACCOUNTING DEPT,0,0,2085 Greenwood,,-$16.38,$120.03,$131.28,H0628-439752,X-2001,Y,,9970674
2024-05-07,2024-05-07,"#null, SAN CARLOS",EQUITY TRACK ACCOUNTING DEPT,0,0, ,,-$92.82,-$91.40,-$99.97,H0628-439734,X-2001,N,,9203106
2024-05-07,2024-05-07,"#null, SAN CARLOS",EQUITY TRACK ACCOUNTING DEPT,0,0,"2085 GREENWOOD SAN C , 2085 GREENWOOD S",,-$92.82,$826.72,$904.00,H0628-439734,"X-2001, X-2001",Y,,9970661
2024-05-07,2024-05-07,"#null, E PALO ALTO",EQUITY TRACK ACCOUNTING DEPT,0,0,2085 GREENWOOD PAVER,,-$20.80,$361.40,$397.09,H6603-369960,X-1511,N,,9971299
2024-05-06,2024-05-06,"#0628, SAN CARLOS",EQUITY TRACK ACCOUNTING DEPT,7246,17,2085 GREENWOOD A,,-$12.57,-$289.97,-$317.95,,"X-6852, X-1511, X-8273, X-2001",N,,0170225
2024-05-06,2024-05-06,"#0628, SAN CARLOS",EQUITY TRACK ACCOUNTING DEPT,556,22,2085 GREENWOOD A,,-$46.05,"-$1,054.77","-$1,153.98",,"X-6852, X-2001, X-1511, X-8273, X-XXXX, X-8087",N,,0220321
2024-05-06,2024-05-06,"#0628, SAN CARLOS",EQUITY TRACK ACCOUNTING DEPT,4144,36,GREENWOOD,,-$1.00,-$31.90,-$34.85,,X-XXXX,N,,
2024-05-06,2024-05-06,"#0628, SAN CARLOS",EQUITY TRACK ACCOUNTING DEPT,4150,36,GREENWOOD,,-$22.41,-$226.59,-$247.84,,X-5425,N,,
2024-05-06,2024-05-06,"#1043, VACAVILLE",EQUITY TRACK ACCOUNTING DEPT,210,1,101GOERGETOWN DR,,$0.00,$34.98,$37.82,,X-2019,N,,0010513
2024-05-06,2024-05-06,"#6615, VISALIA",EQUITY TRACK ACCOUNTING DEPT,2159,25,VISALIA,,$0.00,-$16.98,-$18.43,,X-0135,N,,0253417
2024-05-06,2024-05-06,"#null, SAN CARLOS",EQUITY TRACK ACCOUNTING DEPT,0,0, ,,-$5.84,-$29.25,-$31.70,H0637-264793,X-2001,N,,0220321
2024-05-06,2024-05-06,"#null, SAN CARLOS",EQUITY TRACK ACCOUNTING DEPT,0,0, ,,$0.00,-$14.23,-$15.51,H1022-350480,X-2001,N,,0220321
2024-05-06,2024-05-06,"#null, SAN CARLOS",EQUITY TRACK ACCOUNTING DEPT,0,0, ,,-$9.56,-$18.70,-$20.46,H0628-439161,X-2001,N,,0220321
2024-05-06,2024-05-06,"#null, SAN CARLOS",EQUITY TRACK ACCOUNTING DEPT,0,0, ,,-$16.64,-$6.16,-$6.79,H1007-471550,X-2001,N,,0220321
2024-05-06,2024-05-06,"#null, SAN CARLOS",EQUITY TRACK ACCOUNTING DEPT,0,0,2085 greenwood,,-$30.70,$276.12,$302.01,H0628-439518,X-2001,Y,,0970545
2024-05-06,2024-05-06,"#null, SAN CARLOS",EQUITY TRACK ACCOUNTING DEPT,0,0,441 VERA AVE,,-$67.37,-$10.10,-$11.05,H0628-439517,X-2001,N,,0220321
2024-05-06,2024-05-06,"#null, SAN CARLOS",EQUITY TRACK ACCOUNTING DEPT,0,0,441 vera ave,,-$67.37,$957.36,"$1,047.11",H0628-439517,X-2001,Y,,0970544
2024-05-06,2024-05-06,"#null, SAN CARLOS",EQUITY TRACK ACCOUNTING DEPT,0,0, ,,$0.00,-$14.99,-$16.41,H0628-410756,X-2001,N,,0220321
2024-05-06,2024-05-06,"#null, SAN CARLOS",EQUITY TRACK ACCOUNTING DEPT,0,0, ,,$0.00,-$17.81,-$19.41,H0662-263668,X-2001,N,,0220321
2024-05-06,2024-05-06,"#null, SAN CARLOS",EQUITY TRACK ACCOUNTING DEPT,0,0, ,,$0.00,-$17.90,-$19.73,H1007-451519,X-2001,N,,0220321
2024-05-06,2024-05-06,"#null, SAN CARLOS",EQUITY TRACK ACCOUNTING DEPT,0,0, ,,-$5.08,-$15.15,-$16.57,H0642-448345,X-2001,N,,0220321
2024-05-06,2024-05-06,"#null, SAN CARLOS",EQUITY TRACK ACCOUNTING DEPT,0,0, ,,$0.00,-$7.10,-$7.69,H1050-291912,X-2001,N,,0220321
2024-05-06,2024-05-06,"#null, SAN CARLOS",EQUITY TRACK ACCOUNTING DEPT,0,0, ,,$0.00,-$8.25,-$9.02,H6655-298104,X-2001,N,,0220321
2024-05-06,2024-05-06,"#null, SAN CARLOS",EQUITY TRACK ACCOUNTING DEPT,0,0, ,,-$55.96,-$20.46,-$22.38,H0628-438397,X-2001,N,,0170225
2024-05-06,2024-05-06,"#null, SAN CARLOS",EQUITY TRACK ACCOUNTING DEPT,0,0, ,,$0.00,-$5.76,-$6.38,H0625-301607,X-2001,N,,0220321
2024-05-06,2024-05-06,"#null, SAN CARLOS",EQUITY TRACK ACCOUNTING DEPT,0,0, ,,$0.00,-$3.46,-$3.80,H0628-406731,X-2001,N,,0220321
2024-05-06,2024-05-06,"#null, SAN CARLOS",EQUITY TRACK ACCOUNTING DEPT,0,0, ,,-$133.92,-$33.57,-$36.72,H0628-436145,X-2001,N,,0170225
2024-05-06,2024-05-06,"#null, SAN CARLOS",EQUITY TRACK ACCOUNTING DEPT,0,0, ,,-$20.12,-$1.88,-$2.05,H0628-437027,X-2001,N,,0220321
2024-05-06,2024-05-06,"#null, SAN CARLOS",EQUITY TRACK ACCOUNTING DEPT,0,0, ,,$0.00,-$9.66,-$10.65,H1007-451339,X-2001,N,,0220321
2024-05-06,2024-05-06,"#null, THE HOME DEPOT PRO",EQUITY TRACK ACCOUNTING DEPT,0,0,441 VERA AVE REDWOOD,,-$138.40,$558.71,$610.61,H6655-313913,X-1511,N,,0971920
2024-05-06,2024-05-06,"#null, SAN CARLOS",EQUITY TRACK ACCOUNTING DEPT,0,0, ,,$0.00,-$52.98,-$57.95,H0628-375176,X-2001,N,,0220321
2024-05-06,2024-05-06,"#null, SAN CARLOS",EQUITY TRACK ACCOUNTING DEPT,0,0, ,,-$87.57,-$7.08,-$8.52,H0628-437438,X-2001,N,,0220321
2024-05-06,2024-05-06,"#null, SAN CARLOS",EQUITY TRACK ACCOUNTING DEPT,0,0, ,,-$87.57,-$31.95,-$34.93,H0628-437438,X-2001,N,,0170225
2024-05-06,2024-05-06,"#null, SAN CARLOS",EQUITY TRACK ACCOUNTING DEPT,0,0,449 VERA AVE,,-$1.54,$20.39,$22.30,H0628-439624,X-2001,Y,,0970575
2024-05-06,2024-05-06,"#null, SAN CARLOS",EQUITY TRACK ACCOUNTING DEPT,0,0, ,,$0.00,-$32.16,-$35.18,H0639-431052,X-2001,N,,0220321
2024-05-06,2024-05-06,"#null, SAN CARLOS",EQUITY TRACK ACCOUNTING DEPT,0,0, ,,-$95.96,-$4.48,-$4.90,H0628-436993,X-2001,N,,0220321
2024-05-06,2024-05-06,"#null, SAN CARLOS",EQUITY TRACK ACCOUNTING DEPT,0,0, ,,-$38.97,-$8.32,-$9.10,H6655-302505,X-2001,N,,0170225
2024-05-06,2024-05-07,"#null, VACAVILLE",EQUITY TRACK ACCOUNTING DEPT,0,0,101Georgetown Dr,,-$132.98,$722.02,$780.68,H1043-286185,X-1511,N,,0974850
2024-05-06,2024-05-06,"#null, SAN CARLOS",EQUITY TRACK ACCOUNTING DEPT,0,0, ,,$0.00,-$155.95,-$170.57,H6655-298807,X-2001,N,,0220321
2024-05-06,2024-05-06,"#null, SAN CARLOS",EQUITY TRACK ACCOUNTING DEPT,0,0,2325 JEFFERSON S,,-$6.90,-$20.90,-$22.86,H0628-437582,X-2001,N,,0362383
2024-05-06,2024-05-06,"#null, SAN CARLOS",EQUITY TRACK ACCOUNTING DEPT,0,0, ,,$0.00,-$7.53,-$8.24,H0639-430979,X-2001,N,,0220321
2024-05-06,2024-05-06,"#null, SAN CARLOS",EQUITY TRACK ACCOUNTING DEPT,0,0, ,,-$22.59,-$7.14,-$7.81,H0628-437144,X-2001,N,,0220321
2024-05-06,2024-05-06,"#null, SAN CARLOS",EQUITY TRACK ACCOUNTING DEPT,0,0, ,,-$26.51,-$76.66,-$83.86,H0628-438482,X-2001,N,,0170225
2024-05-06,2024-05-06,"#null, SAN CARLOS",EQUITY TRACK ACCOUNTING DEPT,0,0, ,,$0.00,-$4.88,-$5.32,H1022-350215,X-2001,N,,0220321
2024-05-06,2024-05-06,"#null, SAN CARLOS",EQUITY TRACK ACCOUNTING DEPT,0,0, ,,-$1.82,-$33.98,-$37.17,H0628-437974,X-2001,N,,0170225
2024-05-06,2024-05-06,"#null, SAN CARLOS",EQUITY TRACK ACCOUNTING DEPT,0,0, ,,-$25.76,-$2.27,-$2.46,H0637-261500,X-2001,N,,0220321
2024-05-06,2024-05-06,"#null, SAN CARLOS",EQUITY TRACK ACCOUNTING DEPT,0,0, ,,-$15.99,-$13.92,-$15.23,H0628-438875,X-2001,N,,0220321
2024-05-06,2024-05-06,"#null, SAN CARLOS",EQUITY TRACK ACCOUNTING DEPT,0,0, ,,-$209.25,-$4.60,-$5.03,H0642-448573,X-2001,N,,0220321
2024-05-06,2024-05-06,"#null, SAN CARLOS",EQUITY TRACK ACCOUNTING DEPT,0,0, ,,-$29.84,-$4.04,-$4.42,H0628-437566,X-2001,N,,0170225
2024-05-06,2024-05-06,"#null, SAN CARLOS",EQUITY TRACK ACCOUNTING DEPT,0,0, ,,-$120.68,-$3.50,-$3.83,H0628-437962,X-2001,N,,0170225
2024-05-06,2024-05-06,"#null, SAN CARLOS",EQUITY TRACK ACCOUNTING DEPT,0,0,2085 Greenwood,,-$25.80,$143.85,$157.15,H0628-439482,X-2001,Y,,0970528
2024-05-06,2024-05-06,"#null, SAN CARLOS",EQUITY TRACK ACCOUNTING DEPT,0,0, ,,$0.00,-$24.37,-$26.86,H1007-451179,X-2001,N,,0220321
2024-05-06,2024-05-06,"#null, SAN CARLOS",EQUITY TRACK ACCOUNTING DEPT,0,0, ,,-$4.54,-$71.94,-$78.69,H0628-439464,X-2001,N,,0210233
2024-05-06,2024-05-06,"#null, SAN CARLOS",EQUITY TRACK ACCOUNTING DEPT,0,0,2085 greenwood,,-$4.54,$137.24,$149.92,H0628-439464,"X-2001, X-2001",Y,,0970515
2024-05-06,2024-05-06,"#null, SAN CARLOS",EQUITY TRACK ACCOUNTING DEPT,0,0, ,,-$89.10,-$56.09,-$61.63,H0628-438975,X-2001,N,,0220321
2024-05-06,2024-05-06,"#null, SAN CARLOS",EQUITY TRACK ACCOUNTING DEPT,0,0, ,,$0.00,-$49.98,-$54.67,H0628-399317,X-2001,N,,0220321
2024-05-06,2024-05-06,"#null, SAN CARLOS",EQUITY TRACK ACCOUNTING DEPT,0,0, ,,-$94.69,-$0.38,-$0.41,H6635-521322,X-2001,N,,0220321
2024-05-06,2024-05-06,"#null, SAN CARLOS",EQUITY TRACK ACCOUNTING DEPT,0,0, ,,$0.00,-$10.18,-$11.14,H6655-298440,X-2001,N,,0220321
2024-05-06,2024-05-06,"#null, SAN CARLOS",EQUITY TRACK ACCOUNTING DEPT,0,0, ,,-$45.32,-$0.93,-$1.02,H1009-339508,X-2001,N,,0220321
2024-05-06,2024-05-06,"#null, SAN CARLOS",EQUITY TRACK ACCOUNTING DEPT,0,0, ,,$0.00,-$6.85,-$7.49,H1009-323154,X-2001,N,,0220321
2024-05-05,2024-05-05,"#1043, VACAVILLE",EQUITY TRACK ACCOUNTING DEPT,2401,2,101 GEORGETOWN DRIVE,,-$12.22,$735.52,$795.18,,X-2019,N,,1021677
2024-05-05,2024-05-05,"#1043, VACAVILLE",EQUITY TRACK ACCOUNTING DEPT,1348,61,,,$0.00,$282.29,$305.23,,X-1511,N,,1611577
2024-05-05,2024-05-05,"#1043, VACAVILLE",EQUITY TRACK ACCOUNTING DEPT,8277,9,,,$0.00,$278.00,$300.58,,X-1511,N,,1090896
2024-05-05,2024-05-05,"#null, VACAVILLE",M124Z4R,0,0,101 GEORGETOWN DR VA,,$0.00,$40.09,$43.35,H1043-286012,X-2019,N,,1974775
2024-05-05,2024-05-05,"#null, VACAVILLE",M124Z4R,0,0,101 GEORGE TOWN DR V,,$0.00,$471.91,$510.25,H1043-286010,X-1511,N,,1974772
2024-05-04,2024-05-04,"#0628, SAN CARLOS",EQUITY TRACK ACCOUNTING DEPT,3081,1,411 BERA,,-$75.49,"$1,354.17","$1,476.49",,X-1511,N,,2010823
2024-05-04,2024-05-04,"#0628, SAN CARLOS",EQUITY TRACK ACCOUNTING DEPT,3082,1,411 VERA,,-$12.38,$305.02,$333.62,,X-1511,N,,2010824
2024-05-04,2024-05-04,"#0628, SAN CARLOS",EQUITY TRACK ACCOUNTING DEPT,3478,3,411 VERA,,-$32.00,"$1,041.50","$1,138.18",,X-1511,N,,2030428
2024-05-04,2024-05-04,"#0628, SAN CARLOS",EQUITY TRACK ACCOUNTING DEPT,4050,51,411 VERA,,-$8.89,$118.11,$129.18,,X-5021,N,,2512916
2024-05-04,2024-05-04,"#1043, VACAVILLE",EQUITY TRACK ACCOUNTING DEPT,9419,22,18115 LA VERNE DR,,-$7.78,-$366.11,-$400.42,,"X-1511, X-2001",N,,2221201
2024-05-04,2024-05-04,"#null, VACAVILLE",EQUITY TRACK ACCOUNTING DEPT,0,0,101 georgetown,,-$32.62,$611.14,$660.38,H1043-285963,X-1511,Y,,2974762
2024-05-04,2024-05-04,"#null, SAN CARLOS",EQUITY TRACK ACCOUNTING DEPT,0,0,449 Vera,,-$39.74,$437.25,$478.24,H0628-439324,X-2001,Y,,2970463
2024-05-04,2024-05-04,"#null, VACAVILLE",EQUITY TRACK ACCOUNTING DEPT,0,0,18115 LA VERNE DR,,-$27.36,-$41.12,-$44.97,H0642-458754,"X-1511, X-2001",N,,2221201
2024-05-03,2024-05-03,"#null, SAN CARLOS",EQUITY TRACK ACCOUNTING DEPT,0,0,2085 GREENWOOD AVE S,,-$9.56,$108.78,$118.98,H0628-439161,X-2001,Y,,3970388
2024-05-03,2024-05-03,"#null, SAN CARLOS",EQUITY TRACK ACCOUNTING DEPT,0,0, ,,-$570.70,-$106.14,-$116.09,H0628-437358,X-4007,N,,3362378
2024-05-03,2024-05-03,"#null, SAN CARLOS",EQUITY TRACK ACCOUNTING DEPT,0,0,181115 LA VERNE DR,,-$1.00,$53.94,$59.00,H0628-439100,X-2001,Y,,3970341
2024-05-03,2024-05-03,"#null, CAMPBELL",EQUITY TRACK ACCOUNTING DEPT,0,0,18115 La Verne Dr,,-$27.36,$220.32,$240.98,H0642-458754,X-2001,Y,,3971695
2024-05-02,2024-05-02,"#0628, SAN CARLOS",EQUITY TRACK ACCOUNTING DEPT,5284,21,,,$0.00,$503.64,$550.86,,X-1511,N,,4210083
2024-05-02,2024-05-02,"#null, OAKLAND",EQUITY TRACK ACCOUNTING DEPT,0,0,18115  LA VERNE DR,,-$16.64,$154.63,$170.48,H1007-471550,X-2001,Y,,4972581
2024-05-02,2024-05-03,"#null, VACAVILLE",EQUITY TRACK ACCOUNTING DEPT,0,0,101 Georgetown,,-$185.26,"$1,540.77","$1,674.96",H1043-285731,"X-1511, X-4007",N,,"3974740,4974660"
2024-05-02,2024-05-02,"#null, VACAVILLE",EQUITY TRACK ACCOUNTING DEPT,0,0,101 Georgetown Dr,,-$4.39,$109.36,$118.25,H1043-285785,X-1511,Y,,4974666
2024-05-02,,"#null, SAN CARLOS",EQUITY TRACK ACCOUNTING DEPT,0,0,2325 Jefferson Ave,,-$89.10,$560.90,$616.29,H0628-438975,X-1511,N,,4970308
2024-05-02,2024-05-02,"#null, SAN CARLOS",EQUITY TRACK ACCOUNTING DEPT,0,0,2085 Greenwood,,-$57.40,$272.93,$298.33,H0628-438987,X-2001,Y,,4970280
2024-05-02,2024-05-02,"#null, SAN CARLOS",EQUITY TRACK ACCOUNTING DEPT,0,0,2085 Greenwood,,-$9.00,$170.60,$186.59,H0628-438929,X-2001,Y,,4970244
2024-05-01,2024-05-01,"#null, HILLSDALE",EQUITY TRACK ACCOUNTING DEPT,0,0,18115 La Verne,,-$31.37,$572.32,$625.96,H1009-352805,X-2001,Y,,5975026
2024-05-01,2024-05-02,"#null, SAN CARLOS",EQUITY TRACK ACCOUNTING DEPT,0,0,2325 JEFFERSON,,-$9.85,$164.73,$179.59,H0628-438872,X-2001,Y,,5970208
2024-05-01,2024-05-02,"#null, SAN CARLOS",EQUITY TRACK ACCOUNTING DEPT,0,0,2085 greenwood,,-$15.99,$319.30,$349.23,H0628-438875,X-2001,Y,,5970209
2024-05-01,2024-05-01,"#null, VACAVILLE",EQUITY TRACK ACCOUNTING DEPT,0,0,01 georgetown,,-$37.83,$828.71,$895.43,H1043-285621,X-4007,Y,,5974590
2024-05-01,2024-05-01,"#null, VACAVILLE",EQUITY TRACK ACCOUNTING DEPT,0,0,101 Georgetown Dr,,-$21.54,$603.88,$650.42,H1043-285656,X-4007,N,,5974597
2024-04-30,2024-04-30,"#0628, SAN CARLOS",EQUITY TRACK ACCOUNTING DEPT,6512,16,,,$0.00,$498.71,$545.13,,X-4007,N,,6166010
2024-04-30,2024-04-30,"#0628, SAN CARLOS",EQUITY TRACK ACCOUNTING DEPT,6518,16,,,$0.00,$248.20,$271.24,,X-4007,N,,6166014
2024-04-30,2024-04-30,"#0628, SAN CARLOS",EQUITY TRACK ACCOUNTING DEPT,3281,51,2325 JEFFERSON ST,,-$2.50,$81.72,$89.38,,X-2019,N,,6512493
2024-04-30,2024-04-30,"#1017, HAYWARD",EQUITY TRACK ACCOUNTING DEPT,4928,20,,,$0.00,$368.98,$408.65,,"X-8690, X-8699, X-8055, X-4308",N,,
2024-04-30,2024-04-30,online,EQUITY TRACK ACCOUNTING DEPT,0,0,2085 Greenwood Ave San Carlos,,"-$1,753.00","$1,953.00","$2,136.09",WM67013745,"X-4007, X-8699, X-8709, X-8725, X-8738, X-8743, X-8773, X-8990, X-8992, X-9001, X-9007",N,,
2024-04-30,2024-04-30,"#null, SAN CARLOS",EQUITY TRACK ACCOUNTING DEPT,0,0,2085 GREENWOOD,,-$55.20,$247.72,$270.66,H0628-438652,X-2001,Y,,6970091
2024-04-30,2024-04-30,online,EQUITY TRACK ACCOUNTING DEPT,0,0,101 Georgetown Dr Vacaville,,"-$1,528.78","$2,210.07","$2,389.64",WM67018895,X-4007,N,,6901423
2024-04-30,2024-04-30,"#null, SAN CARLOS",EQUITY TRACK ACCOUNTING DEPT,0,0,325 JEFFERSON AVE,,-$15.00,$134.85,$147.49,H0628-438567,X-2001,Y,,6970048
2024-04-30,2024-04-30,"#null, SAN CARLOS",EQUITY TRACK ACCOUNTING DEPT,0,0, ,,$0.00,-$464.07,-$507.58,H0628-438594,X-2001,N,,6222648
2024-04-30,2024-04-30,"#null, SAN CARLOS",EQUITY TRACK ACCOUNTING DEPT,0,0,"2085 GREENWOOD A , 2085 GREENWOOD AVE",,$0.00,$464.07,$507.58,H0628-438594,"X-2001, X-2001",Y,,6970064
2024-04-29,2024-04-29,"#0644, PITTSBURG",EQUITY TRACK ACCOUNTING DEPT,3883,17,PRODUCT,,-$3.58,$117.02,$127.74,,X-9003,N,,
2024-04-29,2024-04-29,"#null, SAN CARLOS",EQUITY TRACK ACCOUNTING DEPT,0,0,2085 greenwood ave,,-$55.96,$429.18,$469.42,H0628-438397,X-2001,Y,,7975034
2024-04-29,2024-04-29,"#null, SAN CARLOS",EQUITY TRACK ACCOUNTING DEPT,0,0,2085 greenwood,,-$26.51,$422.59,$459.89,H0628-438482,X-2001,Y,,7975086
2024-04-29,2024-04-29,"#null, VACAVILLE",EQUITY TRACK ACCOUNTING DEPT,0,0,101 georgetown,,-$16.39,$66.87,$72.20,H1043-285305,X-0475,N,,7974413
2024-04-29,2024-04-29,"#null, VACAVILLE",EQUITY TRACK ACCOUNTING DEPT,0,0,101 GEORGE TOWN,,-$92.00,-$445.47,-$481.66,H1043-285201,X-4007,N,,7244978
2024-04-28,2024-04-28,"#null, VACAVILLE",EQUITY TRACK ACCOUNTING DEPT,0,0,101 george town,,-$92.00,$816.47,$882.56,H1043-285201,X-4007,N,,8974346
2024-04-27,2024-04-27,"#0684, LA MIRADA",EQUITY TRACK ACCOUNTING DEPT,7417,4,0,,-$13.02,$172.98,$189.41,,"X-XXXX, X-XXXX",N,,
2024-04-27,2024-04-27,"#6615, VISALIA",EQUITY TRACK ACCOUNTING DEPT,2657,5,VISALIA,,-$1.94,$31.21,$33.86,,X-0135,N,,9053809
2024-04-27,2024-04-27,"#null, SAN CARLOS",EQUITY TRACK ACCOUNTING DEPT,0,0,449 vera ave,,-$26.16,$191.40,$209.34,H0628-438233,X-4007,N,,9974959
2024-04-27,2024-04-27,"#null, VACAVILLE",EQUITY TRACK ACCOUNTING DEPT,0,0,101 georgetown drive,,-$10.91,$123.69,$133.74,H1043-285124,X-0475,N,,9974325
2024-04-27,2024-04-27,"#null, SAN MATEO",EQUITY TRACK ACCOUNTING DEPT,0,0,1782 WOODHAVEN WAY O,,-$35.37,$348.38,$381.91,H0632-415218,X-2001,Y,,9970122
2024-04-27,2024-04-27,"#null, SAN MATEO",EQUITY TRACK ACCOUNTING DEPT,0,0,2085 GREENWOOD AVENU,,-$34.32,$323.28,$352.91,H0632-415215,X-2001,Y,,9970120
2024-04-26,2024-04-26,"#6603, E PALO ALTO",EQUITY TRACK ACCOUNTING DEPT,3374,8,0,,-$0.77,$124.60,$136.90,,"X-XXXX, X-XXXX",N,,
2024-04-26,2024-04-26,"#null, SAN CARLOS",EQUITY TRACK ACCOUNTING DEPT,0,0,449 VERA AVE RED,,-$26.00,-$175.77,-$192.26,H0628-437894,"X-2001, X-2001, X-2001",N,,0362359
2024-04-26,2024-04-26,"#null, SAN CARLOS",EQUITY TRACK ACCOUNTING DEPT,0,0,449 VERA AVE RED,,-$26.00,-$145.50,-$159.15,H0628-437894,"X-2001, X-2001, X-2001",N,,0362362
2024-04-26,2024-04-26,"#null, SAN CARLOS",EQUITY TRACK ACCOUNTING DEPT,0,0,449 VERA AVE RED,,-$26.00,-$28.32,-$30.98,H0628-437894,"X-2001, X-2001, X-2001",N,,0362363
2024-04-26,2024-04-26,"#1043, VACAVILLE",EQUITY TRACK ACCOUNTING DEPT,3209,97,101 GEORGETOWN D,,$0.00,"-$3,645.85","-$3,942.07",H1043-284106,"X-XXXX, X-6852",N,,
2024-04-26,2024-04-26,"#null, SAN CARLOS",EQUITY TRACK ACCOUNTING DEPT,0,0,449 vera ave,,$0.00,$35.67,$39.01,H0628-438093,X-2001,Y,,0974884
2024-04-26,2024-04-26,"#null, SAN CARLOS",EQUITY TRACK ACCOUNTING DEPT,0,0,449 VER AVE REDW,,-$1.82,-$200.06,-$218.82,H0628-437974,"X-2001, X-2001, X-2001",N,,0362358
2024-04-26,2024-04-26,"#null, SAN CARLOS",EQUITY TRACK ACCOUNTING DEPT,0,0,449 VER AVE REDW,,-$1.82,-$225.12,-$246.22,H0628-437974,"X-2001, X-2001, X-2001",N,,0362361
2024-04-26,2024-04-26,"#null, SAN CARLOS",EQUITY TRACK ACCOUNTING DEPT,0,0,449 VER AVE REDW,,-$1.82,-$25.00,-$27.34,H0628-437974,"X-2001, X-2001, X-2001",N,,0362360
2024-04-26,2024-04-26,"#null, SAN CARLOS",EQUITY TRACK ACCOUNTING DEPT,0,0,2085 greenwood,,-$75.04,$628.93,$687.65,H0628-438129,X-2001,Y,,0974906
2024-04-25,2024-04-25,"#1017, HAYWARD",EQUITY TRACK ACCOUNTING DEPT,7561,19,,,-$129.00,$179.00,$198.24,,"X-9013, X-XXXX",N,,
2024-04-25,2024-04-25,"#1017, HAYWARD",EQUITY TRACK ACCOUNTING DEPT,4752,20,,,$0.00,$20.97,$23.22,,X-8690,N,,
2024-04-25,2024-04-25,"#null, SAN CARLOS",EQUITY TRACK ACCOUNTING DEPT,0,0, ,,-$17.32,-$232.27,-$254.05,H0628-437054,X-6852,N,,1362353
2024-04-25,2024-04-25,"#null, SAN CARLOS",EQUITY TRACK ACCOUNTING DEPT,0,0, ,,-$133.92,-$218.50,-$238.99,H0628-436145,X-6852,N,,1362353
2024-04-25,2024-04-25,"#null, SAN CARLOS",EQUITY TRACK ACCOUNTING DEPT,0,0,449 VERA AVE REDWOOD,,-$26.00,$992.14,"$1,085.13",H0628-437894,X-2001,Y,,1974766
2024-04-25,2024-04-25,"#null, SAN CARLOS",EQUITY TRACK ACCOUNTING DEPT,0,0,2085 FREENWOOD,,-$70.88,-$454.37,-$496.97,H0628-436975,"X-4007, X-4007",N,,1362356
2024-04-25,2024-04-25,"#null, SAN CARLOS",EQUITY TRACK ACCOUNTING DEPT,0,0,2085 FREENWOOD,,-$70.88,"-$1,513.50","-$1,655.40",H0628-436975,"X-4007, X-4007",N,,1222268
2024-04-25,2024-04-25,"#null, FAIRFIELD, CA",EQUITY TRACK ACCOUNTING DEPT,0,0,101 georgetown dr,,-$80.00,$320.00,$346.80,H0637-267616,X-4007,N,,1973168
2024-04-25,2024-04-25,"#null, HAYWARD",EQUITY TRACK ACCOUNTING DEPT,0,0,2085 Greenwood Ave,,-$28.40,$539.60,$597.61,H1017-340972,X-2001,Y,,1973098
2024-04-25,2024-04-25,"#null, SAN CARLOS",EQUITY TRACK ACCOUNTING DEPT,0,0,449 VER AVE REDWOOD,,-$1.82,$619.23,$677.19,H0628-437974,X-2001,Y,,1974813
2024-04-25,2024-04-25,"#null, SAN CARLOS",EQUITY TRACK ACCOUNTING DEPT,0,0, ,,-$145.07,-$427.89,-$468.01,H0628-436227,X-6852,N,,1362353
2024-04-25,2024-04-25,"#null, SAN CARLOS",EQUITY TRACK ACCOUNTING DEPT,0,0,2085 GREENWOOD AVE,,-$120.68,$500.74,$547.26,H0628-437962,X-2001,Y,,1974806
2024-04-24,2024-04-24,"#6670, CARSON",EQUITY TRACK ACCOUNTING DEPT,1223,6,CARSON,,$0.00,$49.99,$55.11,,"X-XXXX, X-XXXX",N,,
2024-04-24,2024-04-24,"#null, SAN CARLOS",EQUITY TRACK ACCOUNTING DEPT,0,0,2085 greenwood ave,,-$14.71,$252.52,$276.03,H0628-437712,X-4007,N,,2974641
2024-04-24,2024-04-24,"#null, SAN CARLOS",EQUITY TRACK ACCOUNTING DEPT,0,0,2085 GREENWOOD AVE,,-$618.60,"$3,992.21","$4,366.48",H0628-437811,X-0475,N,,2974712
2024-04-24,2024-04-24,"#null, SAN CARLOS",EQUITY TRACK ACCOUNTING DEPT,0,0,449 VERA AVE REDWOOD,,-$7.21,$202.07,$220.56,H0628-437820,X-4007,N,,2974715
2024-04-24,2024-04-24,"#null, VALLEJO",EQUITY TRACK ACCOUNTING DEPT,0,0,101 george town,,-$140.80,$566.20,$618.30,H0633-342246,X-4007,N,,2970714
2024-04-24,2024-04-24,"#null, SAN CARLOS",EQUITY TRACK ACCOUNTING DEPT,0,0,449 vera ave,,-$27.53,$392.57,$429.37,H0628-437698,X-4007,N,,2974626
2024-04-24,2024-04-24,"#null, VACAVILLE",EQUITY TRACK ACCOUNTING DEPT,0,0,101 GEORGETOWN CEMEN,,-$8.04,$72.21,$78.08,H1043-284787,X-4007,N,,2974184
2024-04-23,2024-04-23,"#0628, SAN CARLOS",EQUITY TRACK ACCOUNTING DEPT,5436,52,449 VERA AVE,,-$63.98,$387.72,$424.07,,X-2019,N,,3523251
2024-04-23,2024-04-23,"#null, VACAVILLE",EQUITY TRACK ACCOUNTING DEPT,0,0,101 GEORGETOWN LADDE,,$0.00,$328.97,$355.70,H1043-284620,X-4007,N,,3974078
2024-04-23,2024-04-23,"#null, VACAVILLE",EQUITY TRACK ACCOUNTING DEPT,0,0,101 GEORGETOWN MOLDI,,$0.00,$415.15,$448.88,H1043-284686,X-4007,N,,3974116
2024-04-23,2024-04-23,"#null, SAN CARLOS",EQUITY TRACK ACCOUNTING DEPT,0,0,2325 jefferson st,,-$6.90,$177.00,$193.59,H0628-437582,X-2001,Y,,3974559
2024-04-23,2024-04-23,"#null, SAN CARLOS",EQUITY TRACK ACCOUNTING DEPT,0,0,2325 Jefferson,,-$48.21,$508.16,$555.74,H0628-437516,X-2001,Y,,3974519
2024-04-23,2024-04-23,"#null, SAN CARLOS",EQUITY TRACK ACCOUNTING DEPT,0,0,449 Vera Ave,,-$25.20,$225.12,$246.23,H0628-437525,X-2001,Y,,3974517
2024-04-23,2024-04-23,"#null, SAN CARLOS",EQUITY TRACK ACCOUNTING DEPT,0,0,2325 Jefferson,,-$5.28,$60.57,$66.25,H0628-437559,X-4007,N,,3974545
2024-04-23,2024-04-23,"#null, SAN CARLOS",EQUITY TRACK ACCOUNTING DEPT,0,0,2085 greenwood,,-$29.84,$355.78,$389.11,H0628-437566,X-2001,Y,,3974549
2024-04-23,2024-04-23,"#null, SAN CARLOS",EQUITY TRACK ACCOUNTING DEPT,0,0,449 VERA AVE,,-$14.97,$180.57,$197.50,H0628-437568,X-2001,Y,,3974552
2024-04-23,2024-04-23,"#null, SAN CARLOS",EQUITY TRACK ACCOUNTING DEPT,0,0,2325 JEFFERSON,,-$24.25,$654.23,$715.23,H0628-437649,X-5021,N,,3974597
2024-04-22,2024-04-22,"#0628, SAN CARLOS",EQUITY TRACK ACCOUNTING DEPT,5379,13,411 VERA,,-$18.10,$758.26,$828.19,,X-5021,N,,4130208
2024-04-22,2024-04-22,"#0628, SAN CARLOS",EQUITY TRACK ACCOUNTING DEPT,5028,52,2325 JEFFERSON ST,,-$20.35,$238.78,$260.93,,X-2019,N,,4523034
2024-04-22,2024-04-22,"#null, SAN CARLOS",EQUITY TRACK ACCOUNTING DEPT,0,0,2385 JEFFERSON,,-$570.70,"$3,439.10","$3,736.46",H0628-437358,X-4007,N,,4974416
2024-04-22,2024-04-22,"#null, VACAVILLE",EQUITY TRACK ACCOUNTING DEPT,0,0,109 georgetown Dr,,-$220.94,"$1,503.86","$1,625.55",H1043-284500,X-2001,Y,,4974027
2024-04-22,2024-04-22,"#null, SAN CARLOS",EQUITY TRACK ACCOUNTING DEPT,0,0,2085 greenwood ave,,-$87.57,$836.50,$914.92,H0628-437438,X-6852,Y,,4974463
2024-04-22,2024-04-22,"#null, SAN CARLOS",EQUITY TRACK ACCOUNTING DEPT,0,0,2325 Jefferson,,-$12.87,$216.10,$235.88,H0628-437448,X-2001,Y,,4974466
2024-04-22,2024-04-22,"#0628, SAN CARLOS",EQUITY TRACK ACCOUNTING DEPT,8844,90,0,,$0.00,$150.00,$150.00,122300,X-4007,N,,4904913
2024-04-22,2024-04-22,"#0628, SAN CARLOS",EQUITY TRACK ACCOUNTING DEPT,8855,90,,,$0.00,$33.50,$36.64,122300,"X-4007, X-XXXX",N,,
2024-04-22,2024-04-22,"#null, SAN MATEO",EQUITY TRACK ACCOUNTING DEPT,0,0,2085 GREENWOOD AVE,,-$56.24,$391.73,$429.43,H0632-414372,X-2001,Y,,4974634
2024-04-22,2024-04-22,"#null, SAN MATEO",EQUITY TRACK ACCOUNTING DEPT,0,0,2085 greenwood,,-$2.84,$38.08,$41.75,H0632-414360,"X-8685, X-8690",N,,
2024-04-21,2024-04-21,"#0628, SAN CARLOS",EQUITY TRACK ACCOUNTING DEPT,5516,17,,,-$9.25,-$96.51,-$105.55,,X-0923,N,,
2024-04-21,2024-04-21,"#0628, SAN CARLOS",EQUITY TRACK ACCOUNTING DEPT,738,3,2325 JEFFERSON,,-$23.36,$246.33,$267.07,,X-0923,N,,
2024-04-21,2024-04-21,"#0628, SAN CARLOS",EQUITY TRACK ACCOUNTING DEPT,786,3,2325 JEFFERSON AVE,,-$17.63,$158.36,$173.21,,X-0923,N,,
2024-04-21,2024-04-21,"#6670, CARSON",EQUITY TRACK ACCOUNTING DEPT,6611,9,CASTRO,,-$12.70,$165.26,$182.20,,X-1675,N,,5090199
2024-04-21,2024-04-21,"#null, VACAVILLE",EQUITY TRACK ACCOUNTING DEPT,0,0,101 Georgetown Road,,-$55.65,$271.81,$293.65,H1043-284408,X-4007,N,,5973974
2024-04-20,2024-04-20,"#0637, FAIRFIELD, CA",EQUITY TRACK ACCOUNTING DEPT,8232,2,JORGE TOWN,,-$54.31,$713.51,$773.27,,X-4007,N,,6024954
2024-04-20,2024-04-20,"#null, FAIRFIELD, CA",EQUITY TRACK ACCOUNTING DEPT,0,0,101 Gregory Town,,-$101.34,$989.09,"$1,068.54",H0637-267043,X-2001,Y,,6972833
2024-04-20,2024-04-20,"#null, SAN CARLOS",EQUITY TRACK ACCOUNTING DEPT,0,0,2325 JEFFERSON,,-$22.59,$382.41,$417.41,H0628-437144,X-2001,Y,,6974317
2024-04-20,2024-04-20,"#null, SAN CARLOS",EQUITY TRACK ACCOUNTING DEPT,0,0,449 vera,,-$8.54,$129.54,$141.68,H0628-437154,X-2001,Y,,6974324
2024-04-20,2024-04-20,"#null, SAN CARLOS",EQUITY TRACK ACCOUNTING DEPT,0,0,2325 jefferson,,-$3.81,$146.92,$160.57,H0628-437160,X-2001,Y,,6974328
2024-04-20,2024-04-20,"#null, VACAVILLE",EQUITY TRACK ACCOUNTING DEPT,0,0,101 george town,,-$36.47,"$1,362.95","$1,470.17",H1043-284364,X-2001,Y,,6973963
2024-04-19,2024-04-19,"#null, SAN CARLOS",EQUITY TRACK ACCOUNTING DEPT,0,0,2085 GREENWOOD AVE,,-$17.32,$791.59,$865.07,H0628-437054,X-5617,N,,7974277
2024-04-19,2024-04-19,"#null, SAN CARLOS",EQUITY TRACK ACCOUNTING DEPT,0,0,449 VERA ST,,-$10.65,$338.47,$369.89,H0628-437001,X-6852,N,,7974247
2024-04-19,2024-04-19,"#null, SAN CARLOS",EQUITY TRACK ACCOUNTING DEPT,0,0,2325 JEFFERSON,,-$20.12,$427.42,$467.49,H0628-437027,X-6852,Y,,7974265
2024-04-19,2024-04-19,"#null, FAIRFIELD, CA",EQUITY TRACK ACCOUNTING DEPT,0,0,101 Gregory Town,,-$15.27,$386.65,$418.92,H0637-266913,X-6852,N,,7972761
2024-04-19,2024-04-19,"#null, SAN CARLOS",EQUITY TRACK ACCOUNTING DEPT,0,0,2085 freenwood,,-$70.88,"$3,058.18","$3,337.88",H0628-436975,X-4007,N,,7974224
2024-04-19,2024-04-19,"#null, SAN CARLOS",EQUITY TRACK ACCOUNTING DEPT,0,0,2085 Greenwood,,-$95.96,$565.99,$618.63,H0628-436993,X-6852,N,,7974249
2024-04-18,2024-04-18,"#0628, SAN CARLOS",EQUITY TRACK ACCOUNTING DEPT,3858,36,2325 JEFFERSON AVE,,-$48.00,$453.80,$496.34,,X-4007,N,,8362337
2024-04-18,2024-04-18,"#0628, SAN CARLOS",EQUITY TRACK ACCOUNTING DEPT,3864,36,,,-$25.20,$247.32,$270.51,,X-4007,N,,8362338
2024-04-18,2024-04-18,"#null, SAN CARLOS",EQUITY TRACK ACCOUNTING DEPT,0,0,449 VERA,,-$19.02,$315.72,$345.09,H0628-436902,X-6852,N,,8974200
2024-04-18,2024-04-18,"#null, VALLEJO",EQUITY TRACK ACCOUNTING DEPT,0,0,101 Georgetown Drive,,-$200.00,$877.40,$958.56,H0633-341561,X-6852,N,,8970364
2024-04-18,2024-04-18,"#null, SAN CARLOS",EQUITY TRACK ACCOUNTING DEPT,0,0,2325 JEFFERSON,,-$34.91,$668.65,$730.40,H0628-436846,X-2001,Y,,8974166
2024-04-18,2024-04-18,"#null, SAN CARLOS",EQUITY TRACK ACCOUNTING DEPT,0,0,2385 Greenwood,,-$16.54,$290.13,$317.28,H0628-436848,X-2001,Y,,8974171
2024-04-18,,"#null, VACAVILLE",EQUITY TRACK ACCOUNTING DEPT,0,0,101 Georgetown Dr,,-$666.80,"$3,889.15","$4,205.14",H1043-284106,X-6852,N,,8973848
2024-04-18,2024-04-18,"#null, THE HOME DEPOT PRO",EQUITY TRACK ACCOUNTING DEPT,0,0,2085 GREENWOOD AVE S,,-$166.72,"$1,041.80","$1,138.63",H6655-311479,X-6852,N,,8970440
2024-04-17,2024-04-17,"#0684, LA MIRADA",EQUITY TRACK ACCOUNTING DEPT,1309,4,LA MIRADA,,-$29.38,$408.73,$447.56,,"X-XXXX, X-XXXX",N,,
2024-04-17,2024-04-17,"#null, SAN CARLOS",EQUITY TRACK ACCOUNTING DEPT,0,0,441 VERA,,-$0.60,-$30.36,-$33.20,H0628-436562,X-2001,N,,9362332
2024-04-17,,"#null, E PALO ALTO",EQUITY TRACK ACCOUNTING DEPT,0,0,449 Vera Way,,-$438.96,"$2,437.84","$2,678.58",H6603-367482,X-6852,N,,9974835
2024-04-17,2024-04-17,"#null, SAN CARLOS",EQUITY TRACK ACCOUNTING DEPT,0,0,441 vera ave,,-$48.07,$555.18,$606.90,H0628-436642,X-2001,Y,,9974024
2024-04-17,2024-04-17,"#null, SAN CARLOS",EQUITY TRACK ACCOUNTING DEPT,0,0,441 vera ave,,-$34.90,$386.92,$419.14,H0628-436677,X-2001,Y,,9974046
2024-04-17,2024-04-17,"#null, SAN CARLOS",EQUITY TRACK ACCOUNTING DEPT,0,0,2325 JEFFERSON,,-$17.55,$504.31,$551.18,H0628-436630,X-2001,Y,,9974016
2024-04-17,2024-04-17,"#null, SAN CARLOS",EQUITY TRACK ACCOUNTING DEPT,0,0, ,,-$141.09,-$50.00,-$54.68,H0628-436635,X-2001,N,,9362333
2024-04-17,2024-04-17,"#null, SAN CARLOS",EQUITY TRACK ACCOUNTING DEPT,0,0,"2325 JEFFERSON ST , 2325 JEFFERSON S",,-$141.09,"$1,514.89","$1,656.91",H0628-436635,"X-2001, X-2001",Y,,9974021
2024-04-17,2024-04-17,"#null, SAN LEANDRO",EQUITY TRACK ACCOUNTING DEPT,0,0,449 VERA AVE,,-$339.92,"$1,390.10","$1,539.05",H0625-332506,X-6852,N,,9970169
2024-04-17,2024-04-18,"#null, SAN CARLOS",EQUITY TRACK ACCOUNTING DEPT,0,0,2325 jefferson st,,-$11.44,$153.12,$167.33,H0628-436768,X-2001,Y,,9974103
2024-04-17,2024-04-17,"#null, SAN CARLOS",EQUITY TRACK ACCOUNTING DEPT,0,0,2325 jefferson,,-$42.92,$488.25,$533.98,H0628-436707,X-2001,Y,,9974065
2024-04-17,2024-04-17,"#null, SAN CARLOS",EQUITY TRACK ACCOUNTING DEPT,0,0,451 VERA AVE,,-$7.20,$64.32,$70.35,H0628-436755,X-2001,Y,,9974098
2024-04-16,2024-04-16,"#0628, SAN CARLOS",EQUITY TRACK ACCOUNTING DEPT,1037,16,JEFFERSON,,-$120.00,$487.18,$532.42,,X-4007,N,,0162287
2024-04-16,2024-04-16,"#0628, SAN CARLOS",EQUITY TRACK ACCOUNTING DEPT,1532,61,JEFFERSON,,-$34.92,$633.56,$692.96,,X-4007,N,,0613539
2024-04-16,2024-04-16,"#null, SAN CARLOS",EQUITY TRACK ACCOUNTING DEPT,0,0,2325 jefferson st,,-$14.91,$299.24,$327.07,H0628-436428,X-2001,Y,,0973889
2024-04-16,2024-04-16,"#null, SAN CARLOS",EQUITY TRACK ACCOUNTING DEPT,0,0,2325 JEFFERSON ST,,-$226.18,"$1,590.55","$1,739.06",H0628-436560,X-6852,Y,,0973974
2024-04-16,2024-04-16,"#null, SAN CARLOS",EQUITY TRACK ACCOUNTING DEPT,0,0,441 VERA,,-$0.60,$250.12,$273.57,H0628-436562,X-2001,Y,,0973975
2024-04-16,2024-04-16,"#null, SAN CARLOS",EQUITY TRACK ACCOUNTING DEPT,0,0,441 VERA AVE,,-$25.20,$250.12,$273.57,H0628-436563,X-2001,Y,,0973976
2024-04-15,2024-04-15,"#0628, SAN CARLOS",EQUITY TRACK ACCOUNTING DEPT,3770,12,JEFFERSON,,$0.00,$68.94,$71.93,,X-4007,N,,1120585
2024-04-15,2024-04-15,"#0628, SAN CARLOS",EQUITY TRACK ACCOUNTING DEPT,7994,51,449 VERA,,-$11.99,$97.01,$106.10,,X-4007,N,,1515237
2024-04-15,2024-04-15,"#null, SAN CARLOS",EQUITY TRACK ACCOUNTING DEPT,0,0,2085 greenwood ave,,-$145.07,"$1,284.69","$1,404.45",H0628-436227,X-2001,Y,,1973755
2024-04-15,2024-04-15,"#null, SAN CARLOS",EQUITY TRACK ACCOUNTING DEPT,0,0,2325 jefferson,,-$21.98,$430.56,$470.73,H0628-436237,X-2001,Y,,1973761
2024-04-15,2024-04-15,"#null, SAN CARLOS",EQUITY TRACK ACCOUNTING DEPT,0,0,2325 JEFFERSON ST,,-$143.69,$811.46,$887.07,H0628-436369,X-6852,Y,,1973852
2024-04-15,2024-04-15,"#null, SAN CARLOS",EQUITY TRACK ACCOUNTING DEPT,0,0,2325 JEFFERSON,,-$24.00,$486.99,$532.42,H0628-436319,X-2001,Y,,1973816
2024-04-15,2024-04-15,"#null, SAN CARLOS",EQUITY TRACK ACCOUNTING DEPT,0,0,2325 jefferson,,-$48.68,$614.75,$672.34,H0628-436323,X-2001,Y,,1973820
2024-04-14,2024-04-14,"#0628, SAN CARLOS",EQUITY TRACK ACCOUNTING DEPT,7025,1,GREENWOOD,,-$165.20,"$4,523.97","$4,947.84",,X-5425,N,,
2024-04-14,2024-04-14,"#0628, SAN CARLOS",EQUITY TRACK ACCOUNTING DEPT,1951,52,GREENWOOD,,-$16.89,$177.43,$194.06,,X-5425,N,,
2024-04-13,2024-04-13,"#0628, SAN CARLOS",EQUITY TRACK ACCOUNTING DEPT,42,16,441VERA,,-$17.36,$339.62,$370.30,,X-5425,N,,
2024-04-13,2024-04-13,"#0628, SAN CARLOS",EQUITY TRACK ACCOUNTING DEPT,9925,16,449VERA,,-$26.38,$383.72,$416.80,,X-5425,N,,
2024-04-13,2024-04-13,"#null, SAN CARLOS",EQUITY TRACK ACCOUNTING DEPT,0,0,2085 Greenwood Ave,,-$91.03,$556.21,$607.93,H0628-436087,X-6852,N,,3973680
2024-04-13,2024-04-13,"#null, SAN CARLOS",EQUITY TRACK ACCOUNTING DEPT,0,0,2085 greenwood ave,,-$133.92,"$1,756.50","$1,916.01",H0628-436145,X-6852,Y,,3973715
2024-04-13,2024-04-13,"#null, SAN CARLOS",EQUITY TRACK ACCOUNTING DEPT,0,0,449 vera ave,,-$56.22,$733.78,$800.24,H0628-436103,X-6852,Y,,3973689
2024-04-13,2024-04-13,"#null, E PALO ALTO",EQUITY TRACK ACCOUNTING DEPT,0,0,441 VERA AVE REDWOOD,,-$7.00,$147.72,$162.31,H6603-367019,X-6852,N,,3974550
2024-04-12,2024-04-12,"#0628, SAN CARLOS",EQUITY TRACK ACCOUNTING DEPT,7018,51,441 VERA REDWOOD CITY,,$0.00,$172.48,$188.65,,X-5425,N,,
2024-04-12,2024-04-12,"#0628, SAN CARLOS",EQUITY TRACK ACCOUNTING DEPT,1166,52,441 VERA,,-$5.19,$34.75,$38.01,,X-5425,N,,
2024-04-12,2024-04-12,"#null, SAN CARLOS",EQUITY TRACK ACCOUNTING DEPT,0,0,449 VERA REDWOOD CIT,,-$65.85,"$1,201.28","$1,313.82",H0628-435950,X-6852,N,,4973596
2024-04-12,2024-04-12,"#null, SAN CARLOS",EQUITY TRACK ACCOUNTING DEPT,0,0,449 VERA REDWOOD CIT,,-$61.35,$811.99,$887.53,H0628-435958,X-6852,N,,4973605
2024-04-12,2024-04-15,"#null, SAN MATEO",EQUITY TRACK ACCOUNTING DEPT,0,0,2325 Jefferson Fence,,$0.00,"$1,544.70","$1,696.18",H0632-412883,"X-6852, X-6852",N,,1973928
2024-04-11,2024-04-11,"#0628, SAN CARLOS",EQUITY TRACK ACCOUNTING DEPT,753,52,449 VERA SINGLE HOUS,,$0.00,$242.49,$265.18,,X-5021,N,,5520680
2024-04-11,2024-04-11,"#0628, SAN CARLOS",EQUITY TRACK ACCOUNTING DEPT,754,52,SINGLE HOUSE VERA,,-$4.64,$85.21,$93.20,,X-5021,N,,5520681
2024-04-11,2024-04-11,"#null, SAN CARLOS",EQUITY TRACK ACCOUNTING DEPT,0,0,449 vera rwc,,-$35.12,$578.56,$632.80,H0628-435817,X-6852,Y,,5973504
2024-04-11,2024-04-11,"#null, SAN CARLOS",EQUITY TRACK ACCOUNTING DEPT,0,0,4449 Vera St,,-$125.69,$990.89,$990.89,H0628-435768,X-6852,N,,5973479
2024-04-10,2024-04-10,"#0628, SAN CARLOS",EQUITY TRACK ACCOUNTING DEPT,340,13,VERA,,-$13.11,$772.71,$842.83,,X-5021,N,,6133333
2024-04-10,2024-04-10,"#0628, SAN CARLOS",EQUITY TRACK ACCOUNTING DEPT,1918,15,JEFFERSON,,-$15.33,$196.15,$212.22,,X-5021,N,,6155203
2024-04-09,2024-04-09,"#null, OROVILLE",EQUITY TRACK ACCOUNTING DEPT,0,0,13734 Licha Lane,,-$140.99,"$1,257.60","$1,361.35",H8975-196504,X-6852,Y,,7971681
2024-04-08,2024-04-08,"#8975, OROVILLE",EQUITY TRACK ACCOUNTING DEPT,4667,39,13734 LICHA LN,,$0.00,$37.08,$37.08,,X-8685,N,,
2024-04-08,2024-04-08,"#null, OROVILLE",EQUITY TRACK ACCOUNTING DEPT,0,0,13734 Licha Ln,,-$99.14,"$1,040.77","$1,126.26",H8975-196409,X-6852,Y,,8971636
2024-04-06,2024-04-06,"#null, OROVILLE",EQUITY TRACK ACCOUNTING DEPT,0,0,13734 licha lane,,-$34.15,$881.59,$950.83,H8975-196289,X-2001,Y,,0971587
2024-04-03,2024-04-04,"#null, OROVILLE",EQUITY TRACK ACCOUNTING DEPT,0,0,13734 Licha Ln,,-$15.06,$515.22,$557.55,H8975-196038,X-2001,Y,,3971482
2024-04-03,2024-04-03,"#null, OROVILLE",EQUITY TRACK ACCOUNTING DEPT,0,0,13734 Licha Ln,,-$208.10,$912.00,$986.75,H8975-195993,X-2001,Y,,3971465
2024-04-02,2024-04-02,"#1007, OAKLAND",EQUITY TRACK ACCOUNTING DEPT,3112,2,JONNY,,-$7.19,$47.67,$51.86,,X-7812,N,,
2024-04-02,2024-04-02,"#null, OROVILLE",EQUITY TRACK ACCOUNTING DEPT,0,0, ,,-$409.06,-$168.00,-$181.86,H8975-195875,X-2001,N,,4360738
2024-04-02,2024-04-02,"#null, OROVILLE",EQUITY TRACK ACCOUNTING DEPT,0,0,13734 Licha Ln,,-$409.06,"$2,074.33","$2,240.19",H8975-195875,"X-2001, X-2001",Y,,4971405
2024-04-01,2024-04-01,"#null, HILLSDALE",EQUITY TRACK ACCOUNTING DEPT,0,0,18115 La Verne Dr,,-$6.57,$72.79,$79.61,H1009-347793,X-2001,Y,,5972363
2024-03-30,2024-03-30,"#1009, HILLSDALE",EQUITY TRACK ACCOUNTING DEPT,2734,52,18115 LA VERNE DR,,-$7.88,$89.88,$98.31,,X-2019,N,,7521716
2024-03-30,2024-03-30,"#1009, HILLSDALE",EQUITY TRACK ACCOUNTING DEPT,9368,5,SAN JOSE,,$0.00,$189.00,$206.72,,"X-4738, X-6713, X-6730, X-XXXX, X-XXXX",N,,
2024-03-30,2024-03-30,"#null, HILLSDALE",EQUITY TRACK ACCOUNTING DEPT,0,0,18115 la Verne Dr,,-$34.74,$360.24,$394.01,H1009-347595,X-6852,N,,7972278
2024-03-29,2024-03-29,"#1009, HILLSDALE",EQUITY TRACK ACCOUNTING DEPT,1229,20,18115 LA VERNE,,-$19.43,-$229.04,-$250.49,,"X-6852, X-8087, X-2001, X-2019",N,,8200858
2024-03-29,2024-03-29,"#1034, OTAY MESA",EQUITY TRACK ACCOUNTING DEPT,5308,54,,,$0.00,$55.55,$59.60,,X-1766,N,,8545484
2024-03-29,2024-03-29,"#null, FAIRFIELD, CA",EQUITY TRACK ACCOUNTING DEPT,0,0,1724 Kentucky St,,-$5.84,$142.11,$154.01,H0637-264793,X-2001,Y,,8971586
2024-03-29,2024-03-29,"#null, HILLSDALE",EQUITY TRACK ACCOUNTING DEPT,0,0, ,,-$19.12,-$125.04,-$136.77,H1009-346464,X-6852,N,,8200858
2024-03-29,2024-03-29,"#null, HILLSDALE",EQUITY TRACK ACCOUNTING DEPT,0,0, ,,-$193.13,-$10.15,-$11.10,H1009-345630,X-6852,N,,8200858
2024-03-29,2024-03-29,"#null, FAIRFIELD, CA",EQUITY TRACK ACCOUNTING DEPT,0,0,1624 Kentucky st,,-$3.87,$162.98,$176.59,H0637-264744,X-2001,Y,,8971560
2024-03-29,2024-03-30,"#null, HILLSDALE",EQUITY TRACK ACCOUNTING DEPT,0,0,18115 La Verne Dr,,-$8.90,$511.40,$559.34,H1009-347530,X-2001,Y,,8972251
2024-03-29,2024-03-29,"#null, HILLSDALE",EQUITY TRACK ACCOUNTING DEPT,0,0, ,,-$209.25,-$4.60,-$5.03,H0642-448573,X-6852,N,,8200858
2024-03-29,2024-03-29,"#null, HILLSDALE",EQUITY TRACK ACCOUNTING DEPT,0,0, ,,-$159.06,-$56.60,-$61.92,H1009-347005,X-6852,N,,8200858
2024-03-29,2024-03-29,"#null, HILLSDALE",EQUITY TRACK ACCOUNTING DEPT,0,0, ,,-$22.50,-$7.26,-$7.86,H0637-261403,X-6852,N,,8200858
2024-03-29,2024-03-29,"#null, HILLSDALE",EQUITY TRACK ACCOUNTING DEPT,0,0, ,,-$57.40,-$2.82,-$3.11,H1007-438623,X-6852,N,,8200858
2024-03-29,2024-03-29,"#null, HILLSDALE",EQUITY TRACK ACCOUNTING DEPT,0,0, ,,-$94.69,-$20.30,-$22.21,H6635-521322,X-6852,N,,8200858
2024-03-28,2024-03-28,"#6615, VISALIA",EQUITY TRACK ACCOUNTING DEPT,4261,62,VISALIA,,$0.00,$23.95,$25.65,,X-9789,N,,
2024-03-28,2024-03-29,"#null, HILLSDALE",EQUITY TRACK ACCOUNTING DEPT,0,0,18115 La Verne Dr,,-$73.31,$411.36,$449.93,H1009-347337,X-6852,N,,9972161
2024-03-27,2024-03-27,"#0419, SAN TAN VALLEY",EQUITY TRACK ACCOUNTING DEPT,2293,61,HARVEST,,-$8.05,$42.25,$45.08,,X-4228,N,,0613309
2024-03-27,2024-03-27,"#null, HILLSDALE",EQUITY TRACK ACCOUNTING DEPT,0,0, ,,-$14.02,-$236.55,-$258.73,H1009-346455,X-2001,N,,0192347
2024-03-27,2024-03-27,"#null, HILLSDALE",EQUITY TRACK ACCOUNTING DEPT,0,0,18115 LA VERNE D,,-$90.43,-$14.59,-$15.97,H1009-346536,X-6852,N,,0192351
2024-03-27,2024-03-27,"#null, HILLSDALE",EQUITY TRACK ACCOUNTING DEPT,0,0,18115 LA VERNE D,,-$84.31,-$112.18,-$122.69,H0642-449110,X-6852,N,,0192345
2024-03-27,2024-03-27,online,EQUITY TRACK ACCOUNTING DEPT,0,0,Admin,,-$336.94,"$1,284.00","$1,401.17",WG58324515,X-6852,N,,0900264
2024-03-27,2024-03-27,"#null, HILLSDALE",EQUITY TRACK ACCOUNTING DEPT,0,0, ,,-$318.59,-$161.10,-$177.61,H1007-461948,X-2001,N,,0192347
2024-03-27,2024-03-27,"#null, HILLSDALE",EQUITY TRACK ACCOUNTING DEPT,0,0,18115 LA VERNE D,,-$94.69,-$291.05,-$318.34,H6635-521322,X-6852,N,,0192344
2024-03-27,2024-03-28,"#null, HILLSDALE",EQUITY TRACK ACCOUNTING DEPT,0,0,18115 La Verne,,-$34.15,$391.32,$428.01,H1009-347156,X-6852,N,,0972060
2024-03-26,2024-03-26,"#0419, SAN TAN VALLEY",EQUITY TRACK ACCOUNTING DEPT,3803,63,HARVEST,,-$1.74,$35.77,$37.81,,X-1846,N,,
2024-03-26,2024-03-27,"#null, HILLSDALE",EQUITY TRACK ACCOUNTING DEPT,0,0,18115 La Verne Dr,,-$159.06,$935.09,"$1,022.75",H1009-347005,X-2001,Y,,1971989
2024-03-25,2024-03-25,"#0419, SAN TAN VALLEY",EQUITY TRACK ACCOUNTING DEPT,3896,62,HARVEST,,-$4.04,$49.35,$52.66,,X-4228,N,,2625845
2024-03-25,2024-03-25,"#0628, SAN CARLOS",EQUITY TRACK ACCOUNTING DEPT,1804,51,,,$0.00,$357.00,$390.38,,X-2645,N,,2511959
2024-03-23,2024-03-23,"#0628, SAN CARLOS",EQUITY TRACK ACCOUNTING DEPT,6684,15,,,$0.00,$20.23,$22.10,,X-2645,N,,4151915
2024-03-23,2024-03-23,"#null, HILLSDALE",EQUITY TRACK ACCOUNTING DEPT,0,0,18115 La Verne Dr,,-$90.43,$836.87,$915.33,H1009-346536,X-6852,Y,,4971768
2024-03-23,2024-03-23,"#null, SAN CARLOS",EQUITY TRACK ACCOUNTING DEPT,0,0,13734 Licha LN,,-$357.25,"$1,865.76","$2,037.83",H0628-432832,X-2645,N,,4971838
2024-03-22,2024-03-23,"#null, HILLSDALE",EQUITY TRACK ACCOUNTING DEPT,0,0,18115 La Verne,,-$19.12,$363.66,$397.75,H1009-346464,X-6852,N,,5971744
2024-03-22,2024-03-23,"#null, HILLSDALE",EQUITY TRACK ACCOUNTING DEPT,0,0,18115 La Verne,,-$14.02,$865.93,$943.97,H1009-346455,X-6852,N,,5971743
2024-03-22,2024-03-22,"#null, HILLSDALE",EQUITY TRACK ACCOUNTING DEPT,0,0, ,,-$193.13,-$118.58,-$129.70,H1009-345630,X-6852,N,,5192093
2024-03-22,2024-03-22,"#null, HILLSDALE",EQUITY TRACK ACCOUNTING DEPT,0,0, ,,-$87.07,-$593.88,-$649.55,H1009-346076,X-6852,N,,5192093
2024-03-21,2024-03-21,"#6635, BOLLINGER",EQUITY TRACK ACCOUNTING DEPT,4790,60,18115 LA VERNE DR,,-$5.15,$145.45,$159.02,,X-2019,N,,6603082
2024-03-20,2024-03-21,"#null, HILLSDALE",EQUITY TRACK ACCOUNTING DEPT,0,0,18115 La Verne Dr.,,-$87.07,"$1,401.41","$1,532.73",H1009-346076,X-6852,N,,7971541
2024-03-20,2024-03-20,"#null, HILLSDALE",EQUITY TRACK ACCOUNTING DEPT,0,0,18115 LA VERNE D,,-$55.24,-$50.00,-$54.68,H1009-345764,X-2001,N,,7211215
2024-03-19,2024-03-19,"#null, HILLSDALE",EQUITY TRACK ACCOUNTING DEPT,0,0,18115 La Verne Dr,,-$55.24,$535.74,$585.97,H1009-345764,X-2001,Y,,8971359
2024-03-18,2024-03-18,"#1009, HILLSDALE",EQUITY TRACK ACCOUNTING DEPT,8755,18,18115 LA VERNE,,$0.00,-$50.00,-$54.69,H1009-345514,"X-2001, X-XXXX",N,,
2024-03-18,2024-03-18,"#null, HILLSDALE",EQUITY TRACK ACCOUNTING DEPT,0,0,18115 La Verne,,-$73.50,$597.51,$653.52,H1009-345514,X-2001,Y,,9971202
2024-03-18,2024-03-18,"#null, HILLSDALE",EQUITY TRACK ACCOUNTING DEPT,0,0,18115 La Verne Dr.,,$0.00,$24.72,$24.72,H1009-345638,X-2019,N,,9971290
2024-03-18,2024-03-18,"#null, HILLSDALE",EQUITY TRACK ACCOUNTING DEPT,0,0,18115 La Verne Dr,,-$193.13,"$2,051.46","$2,243.78",H1009-345630,X-6852,N,,9971288
2024-03-16,2024-03-16,"#1009, HILLSDALE",EQUITY TRACK ACCOUNTING DEPT,9631,1,18115 LA VERNE DRIVE,,-$12.35,$112.70,$123.27,,X-2019,N,,1013637
2024-03-16,2024-03-16,"#1009, HILLSDALE",EQUITY TRACK ACCOUNTING DEPT,9637,1,18115 LA VERNE DR,,$0.00,$16.28,$17.81,,X-2019,N,,1013639
2024-03-13,2024-03-13,"#6635, BOLLINGER",EQUITY TRACK ACCOUNTING DEPT,9260,39,18115 LA VERNE DR. LAS GATOS,,$0.00,$23.94,$26.18,,X-2019,N,,4390968
2024-03-13,2024-03-13,"#null, BOLLINGER",EQUITY TRACK ACCOUNTING DEPT,0,0,18115 LA VERNE DR. L,,-$94.69,"$1,210.69","$1,321.04",H6635-521322,X-6852,N,,4973948
2024-03-12,2024-03-12,"#null, CAMPBELL",EQUITY TRACK ACCOUNTING DEPT,0,0,18115 La Verne Dr,,-$84.31,$718.48,$785.66,H0642-449110,X-6852,N,,5970975
2024-03-11,2024-03-11,"#1009, HILLSDALE",EQUITY TRACK ACCOUNTING DEPT,1471,38,18115 LA VERNE AVE,,-$0.90,$17.16,$18.77,,"X-XXXX, X-XXXX",N,,
2024-03-11,2024-03-11,"#null, HILLSDALE",EQUITY TRACK ACCOUNTING DEPT,0,0,18115 La Verne,,-$5.64,$166.47,$182.08,H1009-344396,X-2001,Y,,6970681
2024-03-11,2024-03-11,"#null, HILLSDALE",EQUITY TRACK ACCOUNTING DEPT,0,0,18115 La Verne Dr,,-$42.21,$569.47,$622.67,H1009-344305,X-6852,N,,6970649
2024-03-11,,"#null, SANTA CLARA",EQUITY TRACK ACCOUNTING DEPT,0,0,18115 LA VERNE APPLI,,-$121.84,"$2,237.01","$2,441.14",H0630-306089,X-6852,N,,6973579
2024-03-10,2024-03-10,"#0642, CAMPBELL",EQUITY TRACK ACCOUNTING DEPT,6697,1,18115 LA VERNE DR,,-$31.40,$139.46,$151.24,,X-2019,N,,7010460
2024-03-09,2024-03-09,"#null, HILLSDALE",EQUITY TRACK ACCOUNTING DEPT,0,0,18115 La Verne Dr,,-$85.18,$752.77,$823.06,H1009-344024,X-2001,Y,,8970537
2024-03-08,2024-03-09,"#null, CAMPBELL",EQUITY TRACK ACCOUNTING DEPT,0,0,18115 LaVerne Dr,,-$209.25,"$1,161.12","$1,269.53",H0642-448573,X-6852,Y,,9970692
2024-03-07,2024-03-07,"#0628, SAN CARLOS",EQUITY TRACK ACCOUNTING DEPT,6602,13,,,$0.00,$59.98,$65.60,,X-2645,N,,0132624
2024-03-07,2024-03-08,"#null, CAMPBELL",EQUITY TRACK ACCOUNTING DEPT,0,0,18115 la barne,,-$5.08,$145.62,$159.27,H0642-448345,X-6713,N,,
2024-03-07,2024-03-07,"#null, OAKLAND",EQUITY TRACK ACCOUNTING DEPT,0,0,18115 la vernre dr,,-$318.59,"$3,190.65","$3,517.60",H1007-461948,X-2001,Y,,0971316
2024-03-06,2024-03-06,"#null, SAN CARLOS",EQUITY TRACK ACCOUNTING DEPT,0,0,18115 LA VERNE DR,,-$150.42,"$1,726.91","$1,888.62",H0628-430097,X-2001,Y,,1970306
2024-03-06,2024-03-07,"#null, HILLSDALE",EQUITY TRACK ACCOUNTING DEPT,0,0,18115 La verne dr,,-$110.59,"$1,092.55","$1,194.87",H1009-343654,X-6852,N,,1970351
2024-03-06,2024-03-06,"#null, CAMPBELL",EQUITY TRACK ACCOUNTING DEPT,0,0,18115 la verne dr,,-$117.31,$933.97,"$1,021.32",H0642-448065,X-6852,N,,1970388
2024-03-05,2024-03-05,"#null, FAIRFIELD, CA",EQUITY TRACK ACCOUNTING DEPT,0,0,1724 KENTUCKY ST,,$0.00,-$386.01,-$421.62,H0637-258529,"X-1724, X-1724",N,,2902163
2024-03-05,2024-03-05,"#null, FAIRFIELD, CA",EQUITY TRACK ACCOUNTING DEPT,0,0,1724 KENTUCKY ST,,$0.00,-$386.01,-$421.62,H0637-258529,"X-1724, X-1724",N,,2902162
2024-03-04,2024-03-04,"#0642, CAMPBELL",EQUITY TRACK ACCOUNTING DEPT,9157,40,18115 LA VERNE DR,,-$16.18,$136.69,$149.50,,X-6730,N,,
2024-03-04,2024-03-04,"#null, CAMPBELL",0528A7858C70C50B0U,0,0,18115 LA VERNE D,,-$271.03,-$625.32,-$683.94,H0642-444768,X-6852,N,,3263482
2024-03-04,2024-03-04,"#null, HILLSDALE",EQUITY TRACK ACCOUNTING DEPT,0,0,18115 La Verne,,-$780.92,"$4,368.52","$4,775.00",H1009-343148,X-6852,N,,3970104
2024-03-04,2024-03-04,"#null, CAMPBELL",EQUITY TRACK ACCOUNTING DEPT,0,0, ,,$0.00,-$548.94,-$600.40,H1009-338182,X-2001,N,,3263480
2024-03-04,2024-03-04,"#null, CAMPBELL",EQUITY TRACK ACCOUNTING DEPT,0,0, ,,$0.00,-$78.43,-$86.47,H1007-455963,X-2001,N,,3263480
2024-03-01,2024-03-01,"#null, OAKLAND",EQUITY TRACK ACCOUNTING DEPT,0,0,1815  LAVERNE DR,,-$118.02,$920.06,"$1,013.92",H1007-460908,X-6852,N,,6970656
2024-02-29,2024-02-29,"#null, BOLLINGER",EQUITY TRACK ACCOUNTING DEPT,0,0,18115 LA VERNE DR LO,,-$188.56,$461.82,$504.41,H6635-519069,X-6852,N,,7972671
2024-02-29,2024-02-29,"#null, SAN MATEO",EQUITY TRACK ACCOUNTING DEPT,0,0,56 Atlantic ave,,-$18.13,$230.44,$251.96,H0632-405910,X-6852,N,,7970024
2024-02-28,2024-02-28,"#0628, SAN CARLOS",EQUITY TRACK ACCOUNTING DEPT,8134,20,6 BASS CT,,-$1.00,-$18.85,-$20.62,,X-2019,N,,8204140
2024-02-28,2024-02-29,"#null, SAN CARLOS",EQUITY TRACK ACCOUNTING DEPT,0,0,6 BASS CT,,-$151.08,-$107.04,-$117.07,H6655-303151,X-2001,N,,8204144
2024-02-28,2024-02-29,"#null, FAIRFIELD, CA",EQUITY TRACK ACCOUNTING DEPT,0,0,1724 Kentucky St,,-$9.60,$70.36,$76.25,H0637-261641,X-6852,N,,8974962
2024-02-27,2024-02-27,"#0637, FAIRFIELD, CA",EQUITY TRACK ACCOUNTING DEPT,4831,62,1724 KENTUCKY ST,,-$3.55,$56.81,$61.57,,X-2019,N,,9623505
2024-02-27,2024-02-27,"#null, FAIRFIELD, CA",EQUITY TRACK ACCOUNTING DEPT,0,0,1724 kentucky st,,-$25.76,$154.01,$166.91,H0637-261500,X-6852,N,,9974887
2024-02-27,2024-02-28,"#null, FAIRFIELD, CA",EQUITY TRACK ACCOUNTING DEPT,0,0,1724 Kentucky St,,-$65.65,$483.05,$523.51,H0637-261523,X-6852,N,,9974895
2024-02-26,2024-02-27,"#null, SAN CARLOS",EQUITY TRACK ACCOUNTING DEPT,0,0, ,,$0.00,-$386.01,-$421.62,H0637-258529,X-1724,N,,0204027
2024-02-26,2024-02-26,"#null, FAIRFIELD, CA",EQUITY TRACK ACCOUNTING DEPT,0,0,1724 Kentucky St,,-$57.43,$409.21,$443.48,H0637-261352,X-6852,N,,0974797
2024-02-26,2024-02-27,"#null, SAN CARLOS",EQUITY TRACK ACCOUNTING DEPT,0,0, ,,$0.00,-$10.96,-$11.99,H0628-406538,X-1724,N,,0204027
2024-02-26,2024-02-27,"#null, SAN CARLOS",EQUITY TRACK ACCOUNTING DEPT,0,0, ,,$0.00,-$121.48,-$131.66,H0637-258636,X-1724,N,,0204027
2024-02-26,2024-02-26,"#null, FAIRFIELD, CA",EQUITY TRACK ACCOUNTING DEPT,0,0,1724 KENTUCKY STREET,,-$22.50,$225.83,$244.74,H0637-261403,X-6852,N,,0974821
2024-02-25,2024-02-25,"#0644, PITTSBURG",EQUITY TRACK ACCOUNTING DEPT,8638,4,,,$0.00,$40.32,$44.05,,X-9003,N,,
2024-02-25,2024-02-25,"#null, CAMPBELL",AJR5LUA,0,0,0,,-$30.80,$306.91,$335.68,H0642-446330,X-2019,N,,1974354
2024-02-24,2024-02-24,"#0628, SAN CARLOS",EQUITY TRACK ACCOUNTING DEPT,2559,16,,,$0.00,$71.94,$78.68,,X-2645,N,,2164617
2024-02-24,2024-02-24,"#0637, FAIRFIELD, CA",EQUITY TRACK ACCOUNTING DEPT,175,2,1724 KENTUCKY ST,,-$0.18,$37.61,$39.19,,X-2019,N,,2022130
2024-02-24,2024-02-24,"#1034, OTAY MESA",EQUITY TRACK ACCOUNTING DEPT,5689,53,LAKESIDE  PROJECT,,-$14.20,$136.80,$147.14,,X-1766,N,,2533984
2024-02-24,2024-02-24,"#null, FAIRFIELD, CA",EQUITY TRACK ACCOUNTING DEPT,0,0,1724 Kentucky St,,-$155.78,"$1,138.32","$1,236.86",H0637-261234,X-6852,N,,2974739
2024-02-23,2024-02-23,"#0644, PITTSBURG",EQUITY TRACK ACCOUNTING DEPT,3668,5,PROWOK,,-$3.00,$26.97,$29.46,,X-9003,N,,
2024-02-23,,"#null, FAIRFIELD, CA",EQUITY TRACK ACCOUNTING DEPT,0,0,1724 Kentucky St,,$0.00,$49.96,$54.14,H0637-261169,X-6852,N,,3974702
2024-02-22,2024-02-22,"#0628, SAN CARLOS",EQUITY TRACK ACCOUNTING DEPT,2162,51,,,$0.00,$21.98,$24.04,,X-2645,N,,4514005
2024-02-22,2024-02-22,"#0633, VALLEJO",EQUITY TRACK ACCOUNTING DEPT,7832,6,1724 KENTUCKY ST,,-$9.05,$148.98,$162.66,,X-2019,N,,4063296
2024-02-22,2024-02-22,"#null, HERCULES",EQUITY TRACK ACCOUNTING DEPT,0,0,1724 Kentucky St,,-$66.61,$709.41,$775.03,H1044-240201,X-2019,N,,4972285
2024-02-22,2024-02-22,"#null, FAIRFIELD, CA",EQUITY TRACK ACCOUNTING DEPT,0,0,1724 Kentucky St,,-$69.20,$621.60,$673.66,H0637-261020,X-6852,Y,,4974619
2024-02-21,2024-02-22,"#null, VALLEJO",EQUITY TRACK ACCOUNTING DEPT,0,0,1724 KENTUCKY ST,,-$49.93,$414.36,$452.62,H0633-334223,X-2001,Y,,5971452
2024-02-21,2024-02-21,"#null, FAIRFIELD, CA",EQUITY TRACK ACCOUNTING DEPT,0,0,1724 Kentucky St,,-$11.22,$358.44,$386.77,H0637-260951,X-6852,N,,5974575
2024-02-20,2024-02-20,"#0628, SAN CARLOS",EQUITY TRACK ACCOUNTING DEPT,5383,12,1724 KENTUCKY,,$0.00,$59.98,$65.60,,"X-XXXX, X-XXXX",N,,
2024-02-20,2024-02-21,"#null, FAIRFIELD, CA",EQUITY TRACK ACCOUNTING DEPT,0,0,1724 Kentucky St,,-$40.08,$538.54,$583.52,H0637-260851,X-6852,N,,6974513
2024-02-19,2024-02-19,"#0639, COLMA II",EQUITY TRACK ACCOUNTING DEPT,624,1,0,,-$24.55,$207.43,$226.30,,X-2645,N,,7012064
2024-02-19,2024-02-19,"#0639, COLMA II",EQUITY TRACK ACCOUNTING DEPT,2788,51,1724 KENTUCKY ST,,-$46.14,$580.88,$635.27,,X-2019,N,,7514736
2024-02-19,2024-02-19,"#null, FAIRFIELD, CA",EQUITY TRACK ACCOUNTING DEPT,0,0,1724 Kentucky st,,-$81.05,$788.39,$854.29,H0637-260702,X-6852,Y,,7974407
2024-02-19,2024-02-19,"#null, FAIRFIELD, CA",EQUITY TRACK ACCOUNTING DEPT,0,0,1724 Kentucky st,,-$150.18,"$1,833.34","$1,986.88",H0637-260739,X-6852,N,,7974430
2024-02-19,2024-02-19,"#null, VACAVILLE",EQUITY TRACK ACCOUNTING DEPT,0,0,1724 Kentukey st,,-$56.22,$759.27,$820.81,H1043-277713,X-6852,N,,7970589
2024-02-18,2024-02-18,"#0639, COLMA II",EQUITY TRACK ACCOUNTING DEPT,412,1,6 BASS CT,,-$13.18,$160.14,$175.14,,X-2019,N,,8011968
2024-02-18,2024-02-18,"#0639, COLMA II",EQUITY TRACK ACCOUNTING DEPT,417,1,6 BASS CT,,-$1.46,$13.17,$14.40,,X-2019,N,,8011971
2024-02-17,2024-02-17,"#1034, OTAY MESA",EQUITY TRACK ACCOUNTING DEPT,9104,2,LAKESIDE PROJECT,,-$5.33,$480.04,$516.99,,X-2965,N,,9024851
2024-02-17,2024-02-18,"#null, SAN CARLOS",EQUITY TRACK ACCOUNTING DEPT,0,0,6 base court,,-$155.58,"$1,554.20","$1,698.70",H0628-427417,X-6852,N,,9973841
2024-02-16,2024-02-16,"#0639, COLMA II",EQUITY TRACK ACCOUNTING DEPT,3575,10,6 BASS CT,,-$78.48,$486.62,$532.04,,X-2019,N,,0105193
2024-02-16,2024-02-16,"#null, COLMA II",EQUITY TRACK ACCOUNTING DEPT,0,0,6 Bass Ct,,-$59.77,$323.49,$353.76,H0639-436094,X-6852,N,,0974703
2024-02-16,2024-02-18,"#null, SUNSET",EQUITY TRACK ACCOUNTING DEPT,0,0,1038 24th St Oakland,,-$12.23,$75.08,$82.15,H6616-1110318,"X-XXXX, X-XXXX",N,,
2024-02-15,2024-02-15,"#null, CAMPBELL",0528A7858C70C50B0U,0,0,18115 La Verne Dr,,-$271.03,"$2,916.38","$3,189.79",H0642-444768,X-6852,N,,1973469
2024-02-15,2024-02-16,"#null, COLMA II",EQUITY TRACK ACCOUNTING DEPT,0,0,6 bass ct,,-$31.04,$398.76,$436.14,H0639-436018,X-6852,N,,1974650
2024-02-15,2024-02-15,online,EQUITY TRACK ACCOUNTING DEPT,0,0,1724 KENTUCKY ST. FA,,$0.00,-$358.20,-$373.20,WG54861052,X-6852,N,,1820924
2024-02-15,2024-02-15,"#null, FAIRFIELD, CA",EQUITY TRACK ACCOUNTING DEPT,0,0,1724 ketucy st,,-$8.68,$101.48,$109.93,H0637-260363,X-1720,N,,1974225
2024-02-15,2024-02-15,"#null, HILLSDALE",0528A7858C70C50B0U,0,0,18115 La Verne Dr,,$0.00,$60.61,$66.29,H1009-340423,X-1720,N,,1973816
2024-02-14,2024-02-14,"#null, THE HOME DEPOT PRO",EQUITY TRACK ACCOUNTING DEPT,0,0,6 bass ct,,-$151.08,$942.36,"$1,028.72",H6655-303151,X-2001,Y,,2970502
2024-02-14,2024-02-14,"#null, COLMA II",EQUITY TRACK ACCOUNTING DEPT,0,0,6 Bass Court,,-$13.80,$124.23,$135.76,H0639-435847,X-2001,Y,,2974556
2024-02-14,2024-02-14,"#null, COLMA II",EQUITY TRACK ACCOUNTING DEPT,0,0,6 Bass Ct,,-$22.65,$143.73,$157.20,H0639-435841,X-2001,Y,,2974552
2024-02-13,2024-02-13,"#0628, SAN CARLOS",EQUITY TRACK ACCOUNTING DEPT,8872,52,BASS,,-$40.28,$415.09,$454.00,,X-9946,N,,
2024-02-13,2024-02-13,"#1007, OAKLAND",EQUITY TRACK ACCOUNTING DEPT,9131,2,6 BASS CT,,-$5.59,$84.25,$92.89,,X-2019,N,,3021597
2024-02-13,2024-02-15,online,EQUITY TRACK ACCOUNTING DEPT,0,0,1724 Kentucky St. Fairfield,,-$18.32,$210.68,$228.32,WM59893061,X-6852,N,,2761507
2024-02-13,2024-02-14,"#null, OAKLAND",EQUITY TRACK ACCOUNTING DEPT,0,0,4129 Masterson,,-$18.80,$205.10,$226.12,H1007-457978,X-2001,Y,,3973812
2024-02-13,2024-02-13,"#null, THE HOME DEPOT PRO",EQUITY TRACK ACCOUNTING DEPT,0,0,6 BASS CT SAN FRANCI,,$0.00,$79.97,$87.47,H6655-302999,X-1720,N,,3970404
2024-02-13,,"#null, OROVILLE",EQUITY TRACK ACCOUNTING DEPT,0,0,13734 Licha Ln,,-$85.05,"$2,253.25","$2,438.42",H8975-192047,X-6852,N,,3974645
2024-02-13,2024-02-13,"#null, COLMA II",EQUITY TRACK ACCOUNTING DEPT,0,0,6 Bass Ct,,-$27.71,$192.70,$210.77,H0639-435686,X-2001,Y,,3974465
2024-02-13,2024-02-13,"#null, THE HOME DEPOT PRO",EQUITY TRACK ACCOUNTING DEPT,0,0,6 Bass Ct,,-$94.40,$380.28,$415.67,H6655-303051,X-1720,N,,3970434
2024-02-12,2024-02-13,"#null, COLMA II",EQUITY TRACK ACCOUNTING DEPT,0,0,"6 BASS CT,SAN FRANCI",,-$73.89,$546.65,$597.87,H0639-435561,X-2019,N,,4974409
2024-02-12,2024-02-13,online,EQUITY TRACK ACCOUNTING DEPT,0,0,Juan Diaz,,-$1.80,$25.15,$27.26,WJ49800512,X-6852,N,,4901301
2024-02-12,2024-02-13,online,EQUITY TRACK ACCOUNTING DEPT,4786,52,1724 KENTUCKY ST. FAIRFIELD CA,,-$46.90,$222.32,$238.01,WM59809883,X-6852,N,,4522601
2024-02-12,2024-02-13,online,EQUITY TRACK ACCOUNTING DEPT,0,0,1724 Kentucky St. Fairfield CA,,-$46.90,$222.32,$238.01,WM59809883,X-6852,N,,4522601
2024-02-12,2024-02-13,online,EQUITY TRACK ACCOUNTING DEPT,0,0,Juan Diaz,,-$111.08,$817.42,$885.88,WM59823750,"X-6852, X-6852",N,,"3782322,3913298"
2024-02-12,2024-02-13,"#null, OAKLAND",EQUITY TRACK ACCOUNTING DEPT,0,0,4129 MASTERSON,,-$43.91,$470.45,$518.67,H1007-457799,X-2019,N,,4973687
2024-02-11,2024-02-11,"#1007, OAKLAND",EQUITY TRACK ACCOUNTING DEPT,9884,1,6 BASS CT SAN FRANSISCO,,-$23.24,$192.17,$211.87,,X-2019,N,,5011498
2024-02-10,2024-02-10,"#1034, OTAY MESA",EQUITY TRACK ACCOUNTING DEPT,1884,51,,,$0.00,$84.74,$90.66,,X-2965,N,,6514192
2024-02-10,2024-02-16,online,EQUITY TRACK ACCOUNTING DEPT,0,0,1724 Kentucky St. Fairfield CA,,$0.00,$433.55,$469.86,WJ49716326,X-6852,N,,1492807
2024-02-10,,online,EQUITY TRACK ACCOUNTING DEPT,0,0,1724 Kentucky St. Fairfield,,$0.00,$179.10,$194.10,WG54861052,X-6852,N,,
2024-02-10,2024-02-10,online,EQUITY TRACK ACCOUNTING DEPT,0,0,1724 Kentucky St. Fairfield,,$0.00,$0.00,$0.00,WG54861053,X-6852,N,,6901216
2024-02-10,2024-02-10,online,EQUITY TRACK ACCOUNTING DEPT,0,0,Juan Diaz,,-$601.00,"$1,627.00","$1,763.26",WM59691271,X-6852,N,,6901205
2024-02-10,2024-02-11,online,EQUITY TRACK ACCOUNTING DEPT,0,0,Equity Track,,$0.00,$107.99,$117.03,WG54867943,X-6852,N,,6901224
2024-02-10,2024-02-10,"#null, OAKLAND",EQUITY TRACK ACCOUNTING DEPT,0,0,6 BASS CT SAN FRANCI,,-$11.19,$108.81,$119.96,H1007-457471,X-2001,Y,,6973502
2024-02-09,2024-02-09,"#null, FAIRFIELD, CA",EQUITY TRACK ACCOUNTING DEPT,0,0,1724 Kentucky St,,-$31.87,$504.01,$546.08,H0637-259810,X-6852,Y,,7973887
2024-02-09,2024-02-09,"#null, THE HOME DEPOT PRO",EQUITY TRACK ACCOUNTING DEPT,0,0,6 bass court,,-$81.15,$474.21,$518.67,H6655-302556,X-2001,Y,,7970158
2024-02-09,2024-02-09,"#null, THE HOME DEPOT PRO",EQUITY TRACK ACCOUNTING DEPT,0,0,6 bass ct,,-$38.97,$765.98,$837.79,H6655-302505,X-2001,Y,,7970118
2024-02-09,2024-02-09,"#null, COLMA II",EQUITY TRACK ACCOUNTING DEPT,0,0,6 Bass Ct,,-$3.75,$181.21,$198.20,H0639-435225,X-2001,Y,,7974274
2024-02-09,2024-02-09,"#null, HILLSDALE",EQUITY TRACK ACCOUNTING DEPT,0,0,18115 L verne Dr,,-$45.32,$973.51,"$1,064.64",H1009-339508,X-6852,Y,,7973353
2024-02-08,2024-02-08,"#null, FAIRFIELD, CA",EQUITY TRACK ACCOUNTING DEPT,0,0, ,,$0.00,-$201.48,-$218.34,H0637-258529,X-1724,N,,8901103
2024-02-08,2024-02-08,"#null, THE HOME DEPOT PRO",EQUITY TRACK ACCOUNTING DEPT,0,0,"6 Bass Ct, SF",,-$50.66,$373.74,$408.78,H6655-302397,X-2001,Y,,8970069
2024-02-08,2024-02-09,online,EQUITY TRACK ACCOUNTING DEPT,0,0,6 BASS CT. SAN FRANC,,-$92.00,-$237.60,-$258.09,WM59364886,X-6852,N,,8225197
2024-02-08,2024-02-09,online,EQUITY TRACK ACCOUNTING DEPT,7887,22,"6 BASS CT, SAN FRANCISCO",,-$59.43,$868.56,$936.66,WM59555550,X-6852,N,,8224943
2024-02-08,2024-02-09,online,EQUITY TRACK ACCOUNTING DEPT,0,0,"6 Bass Ct, San Francisco",,-$59.43,$868.56,$936.66,WM59555550,X-6852,N,,8224943
2024-02-07,2024-02-07,"#0639, COLMA II",EQUITY TRACK ACCOUNTING DEPT,4656,52,,,$0.00,$37.95,$41.45,,X-2645,N,,9520908
2024-02-07,2024-02-07,"#6655, THE HOME DEPOT PRO",EQUITY TRACK ACCOUNTING DEPT,7768,16,,,$0.00,$132.24,$144.64,,X-2645,N,,9162524
2024-02-07,2024-02-08,online,EQUITY TRACK ACCOUNTING DEPT,0,0,"6 bass ct., san francisco",,$0.00,$0.00,$0.00,WJ49581262,X-6852,N,,9903962
2024-02-07,2024-02-08,online,EQUITY TRACK ACCOUNTING DEPT,0,0,6 Bass Ct. San Francisco,,-$83.69,$711.27,$777.95,WM59508029,X-6852,N,,9903961
2024-02-07,2024-02-07,"#null, FAIRFIELD, CA",EQUITY TRACK ACCOUNTING DEPT,0,0,1724 kentucky,,-$80.68,$521.21,$564.72,H0637-259615,X-6852,Y,,9973756
2024-02-07,2024-02-08,"#null, FAIRFIELD, CA",EQUITY TRACK ACCOUNTING DEPT,0,0,1724 Kentucky st.,,-$22.84,$249.02,$269.72,H0637-259679,X-6852,N,,9973798
2024-02-07,2024-02-07,online,EQUITY TRACK ACCOUNTING DEPT,0,0,"6 Bass Ct, San Francisco",,-$128.40,$605.60,$662.38,WM59463880,X-6852,N,,9903913
2024-02-06,2024-02-06,"#0628, SAN CARLOS",EQUITY TRACK ACCOUNTING DEPT,7814,6,,,-$23.97,$457.47,$500.36,,X-2645,N,,0061574
2024-02-06,2024-02-06,"#6670, CARSON",EQUITY TRACK ACCOUNTING DEPT,7504,51,1038 24TH ST OAKLAND,,-$8.40,$61.54,$67.85,,"X-XXXX, X-XXXX",N,,
2024-02-06,2024-02-06,"#null, SAN CARLOS",EQUITY TRACK ACCOUNTING DEPT,0,0,100 PALM AVE,,-$0.62,$128.23,$140.25,H0628-425486,X-2001,Y,,0972783
2024-02-06,2024-02-07,"#null, EMERYVILLE",EQUITY TRACK ACCOUNTING DEPT,0,0,6 Bass Ct,,-$220.20,"$3,449.80","$3,747.35",H0627-612996,X-6852,N,,9974422
2024-02-05,2024-02-06,online,EQUITY TRACK ACCOUNTING DEPT,0,0,Fairfield,,-$77.86,$884.14,$958.19,WM59365733,X-6852,N,,1901005
2024-02-05,2024-02-06,online,EQUITY TRACK ACCOUNTING DEPT,0,0,6 Bass Ct. San Francisco,,-$92.00,$605.60,$657.83,WM59364886,X-6852,N,,0730473
2024-02-05,2024-02-06,online,EQUITY TRACK ACCOUNTING DEPT,0,0,6 Bass Ct. San Francisco,,-$301.00,"$1,277.00","$1,387.14",WM59364887,X-6852,N,,1903802
2024-02-03,2024-02-03,"#1034, OTAY MESA",EQUITY TRACK ACCOUNTING DEPT,8450,53,LAKESIDE PROJECT,,-$2.80,$131.58,$141.78,,X-2965,N,,3531549
2024-02-02,2024-02-02,"#null, FAIRFIELD, CA",EQUITY TRACK ACCOUNTING DEPT,0,0,1724 Kentucky St,,-$380.41,"$2,260.46","$2,449.26",H0637-259202,X-6852,Y,,4973521
2024-02-02,2024-02-03,"#null, HILLSDALE",EQUITY TRACK ACCOUNTING DEPT,0,0,18115 La Verne,,-$150.00,$773.82,$846.27,H1009-338548,X-6852,Y,,4972896
2024-02-02,2024-02-02,"#null, OAKLAND",EQUITY TRACK ACCOUNTING DEPT,0,0,18115 LA VERNE DR,,$0.00,"$1,057.59","$1,165.93",H1007-456121,X-2001,Y,,4972644
2024-02-01,2024-02-01,"#null, OAKLAND",EQUITY TRACK ACCOUNTING DEPT,0,0,8715 D st,,$0.00,$227.84,$251.13,H1007-455963,X-2001,Y,,5972522
2024-02-01,2024-02-01,"#null, OAKLAND",EQUITY TRACK ACCOUNTING DEPT,0,0,8715 d st,,$0.00,$195.39,$215.41,H1007-456027,X-2001,Y,,5972578
2024-01-31,2024-01-31,"#null, HILLSDALE",EQUITY TRACK ACCOUNTING DEPT,0,0,18115 La Verne Dr,,$0.00,$784.20,$857.72,H1009-338182,X-2001,Y,,6972717
2024-01-30,2024-01-30,"#null, FAIRFIELD, CA",EQUITY TRACK ACCOUNTING DEPT,0,0,1724 Kentucky st,,$0.00,$466.24,$505.16,H0637-258847,X-6852,N,,7973328
2024-01-30,2024-01-30,"#null, HILLSDALE",EQUITY TRACK ACCOUNTING DEPT,0,0,18115 LA VERNE DR LO,,$0.00,$89.50,$97.89,H1009-338054,X-6852,Y,,7972650
2024-01-29,2024-01-29,"#null, BAKERSFIELD CENTRAL",EQUITY TRACK ACCOUNTING DEPT,0,0,1601 langston ct,,$0.00,$24.74,$26.78,H1050-292838,X-6852,Y,,8970589
2024-01-29,2024-01-29,"#null, BAKERSFIELD CENTRAL",EQUITY TRACK ACCOUNTING DEPT,0,0,1601 Langston ct,,$0.00,$195.39,$211.00,H1050-292806,X-6852,N,,8970565
2024-01-29,2024-01-29,"#null, FAIRFIELD, CA",EQUITY TRACK ACCOUNTING DEPT,0,0,Kentucky/Fairfield,,$0.00,$876.50,$949.53,H0637-258746,X-1724,N,,8973266
2024-01-29,2024-01-29,"#null, FAIRFIELD, CA",EQUITY TRACK ACCOUNTING DEPT,0,0,1724 Kentucky St,,$0.00,$11.00,$11.92,H0637-258792,X-2001,Y,,8973298
2024-01-28,2024-01-28,"#1050, BAKERSFIELD CENTRAL",EQUITY TRACK ACCOUNTING DEPT,724,3,1601 LANGSTON CT,,-$8.60,$211.96,$229.45,,X-2019,N,,9030726
2024-01-27,2024-01-27,"#1034, OTAY MESA",EQUITY TRACK ACCOUNTING DEPT,659,52,,,$0.00,$46.06,$49.63,,X-2965,N,,0520439
2024-01-27,2024-01-27,"#null, BAKERSFIELD CENTRAL",EQUITY TRACK ACCOUNTING DEPT,0,0,1601 langston ct,,$0.00,$30.23,$32.72,H1050-292663,X-2001,Y,,0970479
2024-01-27,2024-01-27,"#null, BAKERSFIELD CENTRAL",EQUITY TRACK ACCOUNTING DEPT,0,0,1601 Langston ct,,$0.00,$324.93,$351.74,H1050-292660,X-6852,Y,,0970477
2024-01-27,2024-01-27,"#null, FAIRFIELD, CA",EQUITY TRACK ACCOUNTING DEPT,0,0,"1424 KENTUCKY, FAIRF",,$0.00,$374.26,$404.57,H0637-258636,X-6852,Y,,0973213
2024-01-26,2024-02-08,"#null, FAIRFIELD, CA",EQUITY TRACK ACCOUNTING DEPT,0,0,1724 Kentucky St Cabinets,,$0.00,"$1,972.78","$2,125.57",H0637-258529,"X-1724, X-1724",N,,"0973219,8973834"
2024-01-26,2024-01-26,"#null, BAKERSFIELD CENTRAL",EQUITY TRACK ACCOUNTING DEPT,0,0,1601 Langston Ct,,$0.00,"$1,008.90","$1,092.08",H1050-292519,X-6852,Y,,1970388
2024-01-25,2024-01-25,"#0637, FAIRFIELD, CA",EQUITY TRACK ACCOUNTING DEPT,2776,27,,,$0.00,$26.70,$28.94,,X-2645,N,,2278635
2024-01-25,2024-01-26,"#null, BAKERSFIELD CENTRAL",EQUITY TRACK ACCOUNTING DEPT,0,0,1601 langston ct,,$0.00,$181.53,$196.51,H1050-292445,X-6852,Y,,2970331
2024-01-25,2024-01-25,"#null, FAIRFIELD, CA",0526A2084635F38E0U,0,0,Equity Track,,$0.00,$430.52,$466.55,H0637-258463,X-1724,N,,2973119
2024-01-24,2024-01-24,"#null, BAKERSFIELD CENTRAL",EQUITY TRACK ACCOUNTING DEPT,0,0,1601 LANGSTON CT,,$0.00,$396.13,$428.44,H1050-292249,X-6852,Y,,3970201
2024-01-23,2024-01-23,"#0637, FAIRFIELD, CA",EQUITY TRACK ACCOUNTING DEPT,2373,27,EQUITY TRUCK,,-$103.09,"$1,015.57","$1,100.36",,X-3009,N,,4278488
2024-01-23,2024-01-23,"#null, BAKERSFIELD CENTRAL",EQUITY TRACK ACCOUNTING DEPT,0,0,1601 Langston Ct,,$0.00,$657.76,$709.61,H1050-292080,X-2001,Y,,4970089
2024-01-23,2024-01-23,"#null, BAKERSFIELD CENTRAL",EQUITY TRACK ACCOUNTING DEPT,0,0,1601 Langston Ct,,$0.00,$248.35,$268.84,H1050-292076,X-2001,Y,,4970084
2024-01-22,2024-01-22,"#null, BAKERSFIELD CENTRAL",EQUITY TRACK ACCOUNTING DEPT,0,0,1601 Langston ct,,$0.00,$449.26,$486.32,H1050-291912,X-6852,Y,,5975001
2024-01-22,2024-01-22,"#null, NW BAKERSFIELD",EQUITY TRACK ACCOUNTING DEPT,0,0,1601 LANGSTON CT BAKERSFIELD,,$0.00,$176.23,$190.26,H1064-247973,X-1724,N,,5973292
2024-01-20,2024-01-20,"#1022, W STOCKTON",EQUITY TRACK ACCOUNTING DEPT,6604,4,87 W EUCLID,,-$2.68,$46.88,$51.09,,X-2019,N,,7042568
2024-01-20,2024-01-20,"#1848, EL CAJON (R676)",EQUITY TRACK ACCOUNTING DEPT,6967,8,LAKESIDE PROJECT,,$0.00,$187.54,$202.63,,X-1766,N,,7084513
2024-01-19,2024-01-19,"#0662, STOCKTON",EQUITY TRACK ACCOUNTING DEPT,6216,52,87 W EUCLID AVE,,-$2.79,$30.02,$32.71,,X-2019,N,,8524912
2024-01-19,2024-01-19,"#1022, W STOCKTON",EQUITY TRACK ACCOUNTING DEPT,6381,4,87 WEST EUCLID ACE,,-$3.90,$149.31,$162.75,,X-2019,N,,8042516
2024-01-19,2024-01-19,"#null, W STOCKTON",EQUITY TRACK ACCOUNTING DEPT,0,0,87 W Euclid,,-$1.80,$305.17,$332.64,H1022-354025,X-2001,Y,,8972977
2024-01-18,2024-01-18,"#1022, W STOCKTON",EQUITY TRACK ACCOUNTING DEPT,6154,4,,,$0.00,$139.96,$152.49,,X-2019,N,,9042440
2024-01-18,2024-01-19,"#null, W STOCKTON",EQUITY TRACK ACCOUNTING DEPT,0,0,"87 WEST EUCLID AVE , 87 WEST EUCLID A",,-$23.38,-$74.56,-$81.31,H1022-353809,"X-2001, X-2001",N,,9201620
2024-01-18,2024-01-18,"#null, W STOCKTON",EQUITY TRACK ACCOUNTING DEPT,0,0,87 West Euclid Ave,,-$23.38,$410.08,$446.90,H1022-353809,X-2001,Y,,9972855
2024-01-18,2024-01-19,"#null, SAN CARLOS",EQUITY TRACK ACCOUNTING DEPT,0,0,100 PALM AVE SAN CAR,,$0.00,$110.27,$120.51,H0628-422943,X-2001,Y,,9971330
2024-01-17,2024-01-17,"#1007, OAKLAND",EQUITY TRACK ACCOUNTING DEPT,9255,3,4129 MASTERSON ST,,-$1.12,$21.28,$23.45,,X-2019,N,,0032010
2024-01-17,2024-01-17,"#null, OAKLAND",EQUITY TRACK ACCOUNTING DEPT,0,0,4129 masterson,,$0.00,$78.06,$85.93,H1007-453604,X-2001,Y,,0970920
2024-01-17,2024-01-17,"#null, OAKLAND",EQUITY TRACK ACCOUNTING DEPT,0,0,4129 masterson,,$0.00,$199.10,$219.51,H1007-453477,X-2001,Y,,0970826
2024-01-16,2024-01-16,"#null, OAKLAND",EQUITY TRACK ACCOUNTING DEPT,0,0,4129 masterson oakla,,$0.00,$318.92,$351.59,H1007-453398,X-6852,N,,1970776
2024-01-16,2024-01-16,"#null, OAKLAND",EQUITY TRACK ACCOUNTING DEPT,0,0,4129   MASTERSON ST,,$0.00,$205.73,$227.40,H1007-453306,X-2001,Y,,1970705
2024-01-15,2024-01-15,"#null, OAKLAND",EQUITY TRACK ACCOUNTING DEPT,0,0,4129 MASTERSON ST,,$0.00,$66.60,$73.41,H1007-453216,X-6852,N,,2970653
2024-01-14,2024-01-14,"#1007, OAKLAND",EQUITY TRACK ACCOUNTING DEPT,8377,3,4129 MASTERSON ST,,-$2.89,$158.12,$174.25,,X-2019,N,,3031701
2024-01-14,2024-01-14,"#1007, OAKLAND",EQUITY TRACK ACCOUNTING DEPT,2106,5,4129 MASTERSON ST,,-$16.77,$482.97,$532.45,,X-2019,N,,3051302
2024-01-13,2024-01-13,"#null, THE HOME DEPOT PRO",EQUITY TRACK ACCOUNTING DEPT,0,0,56 Atlantic Ave,,$0.00,$518.42,$566.96,H6655-299177,X-6852,Y,,4973201
2024-01-13,2024-01-13,"#null, COLMA II",EQUITY TRACK ACCOUNTING DEPT,0,0,56 Atlantic Ave,,$0.00,$128.38,$140.42,H0639-431433,X-6852,Y,,4972637
2024-01-12,2024-01-13,"#null, EMERYVILLE",EQUITY TRACK ACCOUNTING DEPT,0,0,4129 masterson,,$0.00,$156.89,$173.91,H0627-607704,X-6852,N,,5970955
2024-01-11,2024-01-11,"#null, THE HOME DEPOT PRO",EQUITY TRACK ACCOUNTING DEPT,0,0,56 atlantic ave,,$0.00,$299.75,$327.74,H6655-298932,X-6852,N,,6973049
2024-01-10,2024-01-11,"#null, COLMA II",EQUITY TRACK ACCOUNTING DEPT,0,0,56 ATLANTIC,,$0.00,$127.29,$139.22,H0639-431052,X-2001,Y,,7972466
2024-01-10,2024-01-11,"#null, THE HOME DEPOT PRO",EQUITY TRACK ACCOUNTING DEPT,0,0,56 Atlantic ave,,$0.00,"$1,166.45","$1,275.80",H6655-298807,X-6852,N,,7972981
2024-01-10,2024-01-10,"#null, COLMA II",EQUITY TRACK ACCOUNTING DEPT,0,0,56 Atlantic Ave,,$0.00,$533.29,$583.26,H0639-430979,X-6852,Y,,7972431
2024-01-09,2024-01-09,"#null, COLMA II",EQUITY TRACK ACCOUNTING DEPT,0,0,56 ATLANTIC AVE,,$0.00,-$87.42,-$95.63,H0639-430146,X-6852,N,,8194407
2024-01-09,2024-01-09,"#null, COLMA II",EQUITY TRACK ACCOUNTING DEPT,0,0,56 ATLANTIC AVE SAN,,$0.00,$219.42,$241.80,H0639-430800,X-6852,Y,,8972354
2024-01-08,2024-01-08,"#0632, SAN MATEO",EQUITY TRACK ACCOUNTING DEPT,8320,60,56 ATLANTIC AVE,,-$51.47,$393.33,$431.19,,X-2019,N,,9603462
2024-01-08,2024-01-09,"#null, SAN CARLOS",EQUITY TRACK ACCOUNTING DEPT,0,0,56 ATLANTIC AVE,,$0.00,$78.31,$85.58,H0628-421270,X-3009,N,,9970436
2024-01-08,2024-01-08,"#null, THE HOME DEPOT PRO",EQUITY TRACK ACCOUNTING DEPT,0,0,56 Atlantic Ave,,$0.00,$183.72,$200.94,H6655-298440,X-6852,Y,,9972785
2024-01-08,2024-01-08,"#null, THE HOME DEPOT PRO",EQUITY TRACK ACCOUNTING DEPT,0,0,56 Atlantic Ave,,$0.00,$163.98,$179.35,H6655-298453,X-6852,Y,,9972797
2024-01-07,2024-01-07,"#1007, OAKLAND",EQUITY TRACK ACCOUNTING DEPT,814,5,4129 MASTERSON ST,,-$15.34,$114.29,$125.91,,X-2019,N,,0050882
2024-01-06,2024-01-06,"#0639, COLMA II",EQUITY TRACK ACCOUNTING DEPT,9979,1,56 ATLANTIC AVE,,-$33.32,$308.21,$336.99,,X-2019,N,,1015338
2024-01-06,2024-01-06,"#1007, OAKLAND",EQUITY TRACK ACCOUNTING DEPT,5427,20,,,$0.00,-$99.98,-$110.23,,X-1078,N,,1202652
2024-01-06,2024-01-06,"#1007, OAKLAND",EQUITY TRACK ACCOUNTING DEPT,659,5,,,$0.00,$99.98,$110.23,,X-1078,N,,1050843
2024-01-06,2024-01-06,"#1007, OAKLAND",EQUITY TRACK ACCOUNTING DEPT,688,5,,,$0.00,$167.96,$185.18,,X-1078,N,,1050851
2024-01-06,2024-01-06,"#1034, OTAY MESA",EQUITY TRACK ACCOUNTING DEPT,1123,4,LAKESIDE PROJECT,,-$2.45,$477.98,$514.60,,X-2965,N,,1042978
2024-01-06,2024-01-06,"#6655, THE HOME DEPOT PRO",EQUITY TRACK ACCOUNTING DEPT,2469,2,56 ATLANTIC AVE,,-$6.06,$49.03,$53.63,,X-2019,N,,1025696
2024-01-06,2024-01-06,"#null, OAKLAND",EQUITY TRACK ACCOUNTING DEPT,0,0,4129 Madison,,$0.00,$111.30,$122.69,H1007-451946,X-2001,Y,,1974878
2024-01-06,2024-01-06,"#null, OAKLAND",EQUITY TRACK ACCOUNTING DEPT,0,0,4129 Madison,,$0.00,$285.74,$314.86,H1007-451924,X-2001,Y,,1974865
2024-01-05,2024-01-05,"#null, COLMA II",EQUITY TRACK ACCOUNTING DEPT,0,0,56 Atlantic Ave,,$0.00,$400.08,$437.59,H0639-430339,X-6852,Y,,2972146
2024-01-05,2024-01-05,"#null, THE HOME DEPOT PRO",EQUITY TRACK ACCOUNTING DEPT,0,0,56 Atlantic Ave,,$0.00,"$1,171.85","$1,281.71",H6655-298196,X-2001,Y,,2972658
2024-01-05,2024-01-05,"#null, THE HOME DEPOT PRO",EQUITY TRACK ACCOUNTING DEPT,0,0,56 Atlantic Ave,,$0.00,$895.68,$979.65,H6655-298160,X-6852,N,,2972635
2024-01-05,2024-01-05,"#null, OAKLAND",EQUITY TRACK ACCOUNTING DEPT,0,0,4139 MASTERSON OAKLA,,$0.00,$500.90,$551.01,H1007-451850,X-2001,Y,,2974820
2024-01-04,2024-01-04,"#0639, COLMA II",EQUITY TRACK ACCOUNTING DEPT,7565,40,56 ATLANIC AVE,,-$56.76,$517.23,$565.72,,X-2019,N,,3402979
2024-01-04,2024-01-04,"#null, OAKLAND",EQUITY TRACK ACCOUNTING DEPT,0,0,4129 Masterson St.,,$0.00,$329.81,$363.46,H1007-451567,X-2001,Y,,3974622
2024-01-04,2024-01-04,"#null, OAKLAND",EQUITY TRACK ACCOUNTING DEPT,0,0,4129   MADISON AVE,,$0.00,$840.63,$926.64,H1007-451519,X-2001,Y,,3974597
2024-01-04,2024-01-05,"#null, THE HOME DEPOT PRO",EQUITY TRACK ACCOUNTING DEPT,0,0,56 Atlantic Ave,,$0.00,$311.31,$340.50,H6655-298104,X-6852,N,,3972582
2024-01-04,2024-01-04,"#null, COLMA II",EQUITY TRACK ACCOUNTING DEPT,0,0,56 ATLANTIC AVE SAN,,$0.00,"$1,043.92","$1,141.79",H0639-430146,X-6852,N,,3972053
2024-01-04,2024-01-04,"#null, THE HOME DEPOT PRO",EQUITY TRACK ACCOUNTING DEPT,0,0,56 Atlantic Ave,,$0.00,$604.32,$663.46,H6655-298017,X-6852,Y,,3972543
2024-01-03,2024-01-03,"#null, SAN CARLOS",EQUITY TRACK ACCOUNTING DEPT,0,0,100 PALM AVE,,$0.00,$145.60,$159.25,H0628-420577,X-1078,N,,4970072
2024-01-03,2024-01-03,"#null, OAKLAND",EQUITY TRACK ACCOUNTING DEPT,0,0,4129  MADISON ST,,$0.00,$390.69,$430.74,H1007-451339,X-2001,Y,,4974511
2024-01-03,2024-01-03,"#null, THE HOME DEPOT PRO",EQUITY TRACK ACCOUNTING DEPT,0,0,"56 ATLANTIC AVE, SAN",,$0.00,"$1,836.57","$2,008.71",H6655-297916,X-6852,Y,,4972473
2024-01-03,2024-01-03,"#null, THE HOME DEPOT PRO",EQUITY TRACK ACCOUNTING DEPT,0,0,56 ATLANTIC AVE. SAN,,$0.00,"$1,064.51","$1,164.31",H6655-297879,X-2001,Y,,4972446
2024-01-02,2024-01-02,"#0644, PITTSBURG",EQUITY TRACK ACCOUNTING DEPT,968,6,PRO WORK,,-$3.00,$26.97,$29.46,,"X-XXXX, X-XXXX",N,,
2024-01-02,2024-01-02,"#6603, E PALO ALTO",EQUITY TRACK ACCOUNTING DEPT,9146,19,,,$0.00,-$174.00,-$191.18,,X-1078,N,,5193611
2024-01-02,2024-01-02,"#6603, E PALO ALTO",EQUITY TRACK ACCOUNTING DEPT,3866,9,,,$0.00,$174.00,$191.18,,X-1078,N,,5094781
2024-01-02,2024-01-02,"#null, OAKLAND",EQUITY TRACK ACCOUNTING DEPT,0,0,4129 madsin,,$0.00,$599.95,$661.42,H1007-451240,X-2001,Y,,5974441
2024-01-02,2024-01-02,"#null, OAKLAND",EQUITY TRACK ACCOUNTING DEPT,0,0,8715 D ST,,$0.00,$141.14,$155.47,H1007-451219,X-2001,Y,,5974421
2024-01-02,2024-01-02,"#null, OAKLAND",EQUITY TRACK ACCOUNTING DEPT,0,0,4149 Madison st,,$0.00,"$1,698.07","$1,872.12",H1007-451179,X-2001,Y,,5974402
